timestamp,headQuat,headEuler,headForw,headLatLon,headTilt,headUV
0,"(-0.00478348, 0.00981143, 0.03934891, -0.99916590)","(0.50345480,358.8549, 355.48450000)","(-0.01998295,-0.00878683, 0.99976170)","(-0.50345490, -1.14505900)",-4.515315,"(0.50000000, 0.50000000)"
0.02777388,"(-0.00481753, 0.00958481,0.03923946, -0.99917230)","(0.50849930,358.8808, 355.49710000)","(-0.01953182,-0.00887487, 0.99976990)","(-0.50849930, -1.11920600)",-4.502717,"(0.50008670, 0.50003070)"
0.03000516,"(-0.00483690,0.00925881,0.03910837, -0.99918040)","(0.51232740,358.9181, 355.51230000)","(-0.01888077,-0.00894168, 0.99978180)","(-0.51232740, -1.08189600)",-4.48751,"(0.50020400, 0.50005490)"
0.04001319,"(-0.00488324,0.00913069,0.03905031, -0.99918360)","(0.51826980,358.9326, 355.51900000)","(-0.01862785,-0.00904539, 0.99978550)","(-0.51826990, -1.06740300)",-4.480826,"(0.50025170, 0.50008940)"
0.0541671,"(-0.00496143,0.00892206,0.03892887, -0.99918990)","(0.52828430,358.9562, 355.53290000)","(-0.01821595,-0.00922017, 0.99979160)","(-0.52828440, -1.04379900)",-4.466905,"(0.50033280, 0.50014790)"
0.06769543,"(-0.00506484,0.00877918,0.03883329, -0.99919430)","(0.54086140,358.9721, 355.54380000)","(-0.01793758,-0.00943967, 0.99979450)","(-0.54086140, -1.02784900)",-4.455973,"(0.50038920, 0.50022010)"
0.08102845,"(-0.00512101,0.00862828,0.03875128, -0.99919850)","(0.54804840,358.9892, 355.55320000)","(-0.01763962,-0.0095651, 0.99979870)","(-0.54804840, -1.01077400)",-4.446512,"(0.50044720, 0.50026200)"
0.09426893,"(-0.00519902,0.00845536,0.03869254, -0.99920180)","(0.55780730,359.0087, 355.56000000)","(-0.01729954,-0.00973542, 0.99980290)","(-0.55780730, -0.99128710)",-4.439723,"(0.50050850, 0.50031770)"
0.1067802,"(-0.00527701,0.00828799,0.03868292, -0.99920320)","(0.56748970,359.0275, 355.56110000)","(-0.01697104,-0.0099044, 0.99980690)","(-0.56748980, -0.97246340)",-4.438664,"(0.50056150, 0.50037200)"
0.1207358,"(-0.00531239,0.00807706,0.03868102, -0.99920480)","(0.57247860,359.0515, 355.56140000)","(-0.01655225,-0.00999147, 0.99981310)","(-0.57247850, -0.94846480)",-4.438355,"(0.50062790, 0.50040010)"
0.1335676,"(-0.00539421,0.00788725,0.03869223, -0.99920550)","(0.58267950,359.0729, 355.56020000)","(-0.01617940,-0.0101695, 0.99981740)","(-0.58267960, -0.92709990)",-4.439591,"(0.50068510, 0.50045690)"
0.1481665,"(-0.00547721,0.00769698,0.03866846, -0.99920740)","(0.59304920,359.0943, 355.56290000)","(-0.01580536,-0.01035048, 0.99982150)","(-0.59304930, -0.90566650)",-4.436855,"(0.50074710, 0.50051540)"
0.1599221,"(-0.00559500,0.00744122,0.03866196, -0.99920900)","(0.60767730,359.1231, 355.56370000)","(-0.01530330,-0.01060577, 0.99982670)","(-0.60767730, -0.87689810)",-4.436016,"(0.50082700, 0.50059720)"
0.1786233,"(-0.00578393,0.00725743,0.03863954, -0.99921010)","(0.63014460,359.1433, 355.56620000)","(-0.01495037,-0.01099788, 0.99982770)","(-0.63014460, -0.85667680)",-4.433454,"(0.50088350, 0.50072710)"
0.1862176,"(-0.00599389,0.00706335,0.03859315, -0.99921210)","(0.65508510,359.1646, 355.57150000)","(-0.01457822,-0.01143314, 0.99982830)","(-0.65508510, -0.83535460)",-4.428194,"(0.50094800, 0.50086590)"
0.1993836,"(-0.00619757,0.00694139,0.03857307, -0.99921240)","(0.67896440,359.1777, 355.57370000)","(-0.01434996,-0.01184988, 0.99982680)","(-0.67896430, -0.82227810)",-4.426026,"(0.50098590, 0.50099860)"
0.2130892,"(-0.00648529,0.00681845,0.03852702, -0.99921330)","(0.71249100,359.1906, 355.57880000)","(-0.01412589,-0.01243499, 0.99982290)","(-0.71249100, -0.80944320)",-4.420845,"(0.50102630, 0.50118520)"
0.2261323,"(-0.00677327,0.00685179,0.03852175, -0.99921130)","(0.74532280,359.1855, 355.57910000)","(-0.01421462,-0.01300797, 0.99981430)","(-0.74532280, -0.81453380)",-4.420446,"(0.50101130, 0.50136770)"
0.2399941,"(-0.00711388,0.00680775,0.03855667, -0.99920790)","(0.78449120,359.189, 355.57490000)","(-0.01415329,-0.01369153, 0.99980610)","(-0.78449120, -0.81102680)",-4.424654,"(0.50101450, 0.50158430)"
0.2530231,"(-0.00748260,0.00686237,0.03866305, -0.99920070)","(0.82638300,359.181, 355.56230000)","(-0.01429236,-0.0144226, 0.99979380)","(-0.82638310, -0.81900510)",-4.437208,"(0.50097880, 0.50181290)"
0.2654742,"(-0.00818565,0.00691408,0.0388373, -0.99918810)","(0.90651210,359.1718, 355.54160000)","(-0.01445274,-0.01582096, 0.99977040)","(-0.90651220, -0.82821350)",-4.457774,"(0.50092160, 0.50225660)"
0.2794133,"(-0.00911506,0.00696728,0.03906489, -0.99917080)","(1.01250700,359.1613, 355.51460000)","(-0.01463516,-0.01767065, 0.99973670)","(-1.01250600, -0.83869370)",-4.484628,"(0.50085830, 0.50284080)"
0.2929834,"(-0.01006603,0.00707277,0.03925202, -0.99915360)","(1.12076400,359.1447, 355.49220000)","(-0.01492380,-0.01955978, 0.99969730)","(-1.12076400, -0.85526600)",-4.506935,"(0.50077940, 0.50343290)"
0.3063038,"(-0.01122639,0.00722793,0.03942133, -0.99913350)","(1.25278300,359.1215, 355.47150000)","(-0.01532844,-0.02186345, 0.99964340)","(-1.25278400, -0.87849950)",-4.527445,"(0.50068500, 0.50416160)"
0.3191465,"(-0.01252647,0.00739048,0.03955359, -0.99911160)","(1.40079500,359.0968, 355.45480000)","(-0.01575877,-0.02444605, 0.99957690)","(-1.40079500, -0.90321830)",-4.543812,"(0.50059070, 0.50497970)"
0.3380277,"(-0.01397441,0.00751058,0.03973472, -0.99908430)","(1.56588000,359.0761, 355.43230000)","(-0.01611795,-0.02732636, 0.99949660)","(-1.56588000, -0.92387560)",-4.565959,"(0.50050020, 0.50589150)"
0.3474678,"(-0.01557944,0.00758952,0.0398326, -0.99905610)","(1.74921700,359.0595, 355.41930000)","(-0.01640586,-0.03052485, 0.99939940)","(-1.74921700, -0.94046700)",-4.578597,"(0.50043160, 0.50690660)"
0.3595885,"(-0.01736542,0.00784373,0.03996891, -0.99901920)","(1.95243100,359.0219, 355.40120000)","(-0.01706022,-0.03406976, 0.99927380)","(-1.95243100, -0.97809370)",-4.596147,"(0.50029810, 0.50803080)"
0.3729326,"(-0.01921700,0.00815915,0.04001962, -0.99898080)","(2.16295800,358.9771, 355.39250000)","(-0.01783979,-0.03774177, 0.99912830)","(-2.16295800, -1.02292800)",-4.604152,"(0.50015590, 0.50919740)"
0.3862206,"(-0.02120543,0.00848029,0.03999382, -0.99893890)","(2.38921200,358.9311, 355.39230000)","(-0.01863875,-0.04168754, 0.99895680)","(-2.38921200, -1.06891300)",-4.603599,"(0.50002030, 0.51045320)"
0.4002408,"(-0.02336825,0.00890954,0.03984357, -0.99889290)","(2.63509000,358.8722, 355.40570000)","(-0.01966150,-0.04597479, 0.99874910)","(-2.63509000, -1.12778700)",-4.589451,"(0.49985050, 0.51181920)"
0.4122019,"(-0.02564580,0.00947697,0.03963152, -0.99884020)","(2.89357400,358.7972, 355.42530000)","(-0.02096472,-0.05048094, 0.99850490)","(-2.89357400, -1.20281200)",-4.568833,"(0.49965550, 0.51325760)"
0.4259333,"(-0.02818127,0.01023855,0.03936099, -0.99877510)","(3.18083300,358.6989, 355.45020000)","(-0.02267050,-0.0554875, 0.99820200)","(-3.18083300, -1.30104000)",-4.542735,"(0.49940220, 0.51485680)"
0.4401022,"(-0.03078171,0.01129271,0.03896643, -0.99870250)","(3.47445200,358.5674, 355.48780000)","(-0.02495502,-0.06060346, 0.99784990)","(-3.47445200, -1.43259900)",-4.503935,"(0.49907290, 0.51649370)"
0.4525777,"(-0.03349596,0.01249098,0.0384921, -0.99861920)","(3.78070100,358.4192, 355.53300000)","(-0.02752612,-0.0659378, 0.99744400)","(-3.78070100, -1.58077100)",-4.457247,"(0.49870260, 0.51820250)"
0.4659507,"(-0.03630711,0.01420505,0.03789248, -0.99852100)","(4.09614200,358.2121, 355.58950000)","(-0.03111961,-0.07143029, 0.99696000)","(-4.09614200, -1.78787900)",-4.399127,"(0.49817460, 0.51996460)"
0.4793204,"(-0.03917499,0.01635062,0.03717947, -0.99840660)","(4.41668100,357.9559, 355.65590000)","(-0.03556215,-0.07700931, 0.99639590)","(-4.41668100, -2.04406400)",-4.331195,"(0.49752520, 0.52175870)"
0.4977148,"(-0.04222419,0.01908325,0.03622948, -0.99826880)","(4.75639500,357.6329, 355.74470000)","(-0.04115995,-0.08291944, 0.99570590)","(-4.75639500, -2.36711400)",-4.240624,"(0.49672170, 0.52367030)"
0.506155,"(-0.04537110,0.02274308,0.0350515, -0.99809600)","(5.10464700,357.2044, 355.85270000)","(-0.04858021,-0.08897508, 0.99484840)","(-5.10464700, -2.79563400)",-4.130763,"(0.49564470, 0.52561400)"
0.5193053,"(-0.04869430,0.02724131,0.03365278, -0.99787490)","(5.47135800,356.6802, 355.97820000)","(-0.05764424,-0.09534815, 0.99377360)","(-5.47135800, -3.31974500)",-4.003452,"(0.49433060, 0.52766840)"
0.5326883,"(-0.05215578,0.03245729,0.03205959, -0.99759630)","(5.85318100,356.0745, 356.11790000)","(-0.06810273,-0.1019797, 0.99245260)","(-5.85318100, -3.92551900)",-3.861836,"(0.49280170, 0.52981760)"
0.5462232,"(-0.05552807,0.03877788,0.0304118, -0.99724020)","(6.22257500,355.3426, 356.25320000)","(-0.08071914,-0.108391, 0.99082580)","(-6.22257400, -4.65740300)",-3.724626,"(0.49091880, 0.53188800)"
0.5611869,"(-0.05904419,0.04603155,0.02853165, -0.99678530)","(6.60835700,354.5042, 356.40330000)","(-0.09513640,-0.115082, 0.98878970)","(-6.60835700, -5.49579700)",-3.572757,"(0.48875960, 0.53405270)"
0.5729608,"(-0.06261407,0.05404298,0.02645768, -0.99622240)","(7.00150200,353.5795, 356.56420000)","(-0.11099090,-0.1218954, 0.98631770)","(-7.00150200, -6.42051600)",-3.410189,"(0.48637440, 0.53626250)"
0.5860898,"(-0.06630734,0.06322567,0.02390632, -0.99550710)","(7.41157200,352.5223, 356.76370000)","(-0.12905350,-0.1289959, 0.98321170)","(-7.41157200, -7.47773100)",-3.209186,"(0.48366510, 0.53856620)"
0.5992029,"(-0.07003337,0.07319811,0.02093091, -0.99463520)","(7.83097200,351.3765, 356.99760000)","(-0.14854260,-0.1362511, 0.97947470)","(-7.83097300, -8.62350000)",-2.974404,"(0.48077340, 0.54092740)"
0.6132237,"(-0.07400940,0.08470979,0.0174211, -0.99350060)","(8.28547200,350.0552, 357.26870000)","(-0.17089710,-0.1441053, 0.97469370)","(-8.28547300, -9.94482200)",-2.702768,"(0.47740950, 0.54349750)"
0.6260372,"(-0.07793380,0.09727028,0.01331101, -0.99211270)","(8.74567000,348.6165, 357.58930000)","(-0.19508090,-0.1520487, 0.96892960)","(-8.74567100, -11.38354000)",-2.38261,"(0.47380450, 0.54607180)"
0.6398837,"(-0.08180961,0.1106416,0.00895216, -0.99044710)","(9.21126200,347.0844, 357.91940000)","(-0.22063400,-0.1600752, 0.96213130)","(-9.21126300, -12.91565000)",-2.053761,"(0.46995830, 0.54869040)"
0.6579488,"(-0.08574130,0.1245305,0.00445552, -0.98849420)","(9.69479600,345.4907, 358.24640000)","(-0.24695930,-0.1683998, 0.95428120)","(-9.69479600, -14.50931000)",-1.728617,"(0.46593680, 0.55142530)"
0.6662487,"(-0.08946618,0.138924,-0.00019876, -0.98625340)","(10.16758000,343.8374, 358.57570000)","(-0.27399300,-0.1765279, 0.94539180)","(-10.16758000, -16.16262000)",-1.401792,"(0.46175040, 0.55405210)"
0.6800309,"(-0.09329892,0.153561,-0.00480011, -0.98371300)","(10.66305000,342.1505, 358.87990000)","(-0.30122410,-0.1850329, 0.93542870)","(-10.66305000, -17.84945000)",-1.10074,"(0.45745060, 0.55681500)"
0.6931307,"(-0.09721515,0.1683332,-0.00923145, -0.98088120)","(11.17585000,340.4406, 359.14610000)","(-0.32843490,-0.1938209, 0.92442630)","(-11.17585000, -19.55937000)",-0.8376676,"(0.45304130, 0.55968670)"
0.7060753,"(-0.10132750,0.1830887,-0.01336445, -0.97776930)","(11.71500000,338.7224, 359.35810000)","(-0.35532860,-0.2030436, 0.91242250)","(-11.71500000, -21.27765000)",-0.6286958,"(0.44855340, 0.56269340)"
0.7197772,"(-0.10542830,0.1971332,-0.01650442, -0.97455170)","(12.23945000,337.0699, 359.44900000)","(-0.38075280,-0.2119978, 0.90004680)","(-12.23945000, -22.93015000)",-0.5385033,"(0.44408140, 0.56559850)"
0.7331094,"(-0.10968020,0.2107967,-0.01912372, -0.97116910)","(12.77356000,335.4475, 359.46560000)","(-0.40524340,-0.2210984, 0.88707010)","(-12.77356000, -24.55251000)",-0.5211454,"(0.43957540, 0.56857430)"
0.7462468,"(-0.11387350,0.2241142,-0.02170531, -0.96764380)","(13.30337000,333.8575, 359.46800000)","(-0.42878210,-0.2301069, 0.87361130)","(-13.30336000, -26.14253000)",-0.5173771,"(0.43516150, 0.57150760)"
0.7614139,"(-0.11805530,0.2371887,-0.02427371, -0.96395810)","(13.83435000,332.2873, 359.45680000)","(-0.45154860,-0.2391156, 0.85960890)","(-13.83435000, -27.71274000)",-0.5274898,"(0.43079270, 0.57446110)"
0.773009,"(-0.12208140,0.250094,-0.02694361, -0.96011620)","(14.35337000,330.7303, 359.44840000)","(-0.47366000,-0.2479015, 0.84509830)","(-14.35337000, -29.26972000)",-0.5341251,"(0.42643420, 0.57734310)"
0.786309,"(-0.12578800,0.2622706,-0.02933997, -0.95631100)","(14.83136000,329.2511, 359.41530000)","(-0.49424320,-0.2559749, 0.83078310)","(-14.83136000, -30.74894000)",-0.5654452,"(0.42227480, 0.57998250)"
0.8000618,"(-0.12936130,0.2742281,-0.03149599, -0.95240360)","(15.28868000,327.787, 359.34930000)","(-0.51420300,-0.2636826, 0.81612920)","(-15.28869000, -32.21302000)",-0.6274496,"(0.41812050, 0.58254550)"
0.8181149,"(-0.13273180,0.2854152,-0.03341651, -0.94857980)","(15.71715000,326.4067, 359.26360000)","(-0.53260740,-0.2708886, 0.80184080)","(-15.71715000, -33.59334000)",-0.708588,"(0.41416360, 0.58490770)"
0.8260939,"(-0.13603190,0.2964954,-0.03512254, -0.94464400)","(16.13078000,325.028, 359.14650000)","(-0.55060960,-0.2778309, 0.78717150)","(-16.13079000, -34.97197000)",-0.8197219,"(0.41015450, 0.58720450)"
0.839746,"(-0.13926840,0.3071347,-0.03663396, -0.94070750)","(16.53044000,323.6926, 359.00630000)","(-0.56764390,-0.2845247, 0.77254520)","(-16.53044000, -36.30737000)",-0.9526493,"(0.40626410, 0.58942820)"
0.8525358,"(-0.14251360,0.3171535,-0.03783529, -0.93684150)","(16.91930000,322.4207, 358.83170000)","(-0.58346110,-0.2910246, 0.75820700)","(-16.91931000, -37.57927000)",-1.117676,"(0.40245540, 0.59155410)"
0.8661873,"(-0.14581310,0.326827,-0.03870124, -0.93296560)","(17.29997000,321.1774, 358.61380000)","(-0.59855040,-0.2973744, 0.74384530)","(-17.29997000, -38.82261000)",-1.323378,"(0.39868440, 0.59367840)"
0.8798461,"(-0.14893460,0.3352921,-0.03912058, -0.92944460)","(17.64308000,320.0733, 358.36730000)","(-0.61161810,-0.3030865, 0.73079540)","(-17.64308000, -39.92667000)",-1.555825,"(0.39526010, 0.59554350)"
0.8924436,"(-0.15187710,0.3434289,-0.0395893, -0.92597120)","(17.96644000,319.0066, 358.13240000)","(-0.62398510,-0.3084598, 0.71797990)","(-17.96644000, -40.99340000)",-1.776521,"(0.39195840, 0.59734340)"
0.9066603,"(-0.15472010,0.3511325,-0.04012407, -0.92258220)","(18.28004000,317.9904, 357.91060000)","(-0.63548120,-0.3136618, 0.70553540)","(-18.28004000, -42.00961000)",-1.983766,"(0.38877750, 0.59906070)"
0.920435,"(-0.15739030,0.3583778,-0.04082664, -0.91930780)","(18.58088000,317.0315, 357.71780000)","(-0.64606760,-0.318643, 0.69358720)","(-18.58088000, -42.96848000)",-2.163289,"(0.38587000, 0.60072170)"
0.932659,"(-0.15976850,0.3652662,-0.04150359, -0.91615070)","(18.84831000,316.1171, 357.53700000)","(-0.65601590,-0.3230638, 0.68210920)","(-18.84831000, -43.88288000)",-2.330786,"(0.38301990, 0.60215710)"
0.9462709,"(-0.16187450,0.3718186,-0.04200512, -0.91311730)","(19.07814000,315.2429, 357.35180000)","(-0.66542880,-0.3268574, 0.67109510)","(-19.07815000, -44.75709000)",-2.502489,"(0.38030300, 0.60343530)"
0.961532,"(-0.16393650,0.3778311,-0.04254203, -0.91025200)","(19.30486000,314.4352, 357.17990000)","(-0.67389460,-0.3305945, 0.66073690)","(-19.30486000, -45.56485000)",-2.661387,"(0.37780330, 0.60465290)"
0.9784875,"(-0.16594980,0.3838396,-0.04309918, -0.90734240)","(19.52589000,313.6248, 357.00860000)","(-0.68224340,-0.3342329, 0.65025560)","(-19.52590000, -46.37517000)",-2.819251,"(0.37528850, 0.60584640)"
0.9866585,"(-0.16784920,0.3895997,-0.04375655, -0.90450210)","(19.73894000,312.8464, 356.85540000)","(-0.69009840,-0.3377351, 0.64007750)","(-19.73894000, -47.15358000)",-2.959558,"(0.37290460, 0.60703210)"
0.999465,"(-0.16957410,0.3952932,-0.04445644, -0.90167150)","(19.93457000,312.077, 356.71360000)","(-0.69777200,-0.3409469, 0.62997580)","(-19.93457000, -47.92305000)",-3.089335,"(0.37051150, 0.60809460)"
1.012634,"(-0.17131320,0.4009278,-0.04524215, -0.89881130)","(20.13506000,311.3124, 356.57810000)","(-0.70521570,-0.3442342, 0.61981740)","(-20.13505000, -48.68761000)",-3.2126,"(0.36816450, 0.60918400)"
1.026175,"(-0.17301540,0.4065195,-0.04578266, -0.89594170)","(20.31899000,310.5466, 356.41540000)","(-0.71259330,-0.3472465, 0.60961510)","(-20.31899000, -49.45340000)",-3.36121,"(0.36582960, 0.61019620)"
1.040052,"(-0.17460480,0.4118163,-0.04611199, -0.89319320)","(20.48065000,309.8153, 356.23970000)","(-0.71956030,-0.349891, 0.59984110)","(-20.48065000, -50.18468000)",-3.5222,"(0.36350110, 0.61102820)"
1.053088,"(-0.17606760,0.4168323,-0.04635298, -0.89056300)","(20.62447000,309.1194, 356.06530000)","(-0.72610840,-0.3522413, 0.59050200)","(-20.62447000, -50.88053000)",-3.682116,"(0.36128520, 0.61179260)"
1.065697,"(-0.17749760,0.4217764,-0.04668963, -0.88792980)","(20.76869000,308.4323, 355.90230000)","(-0.73244110,-0.354596, 0.58119850)","(-20.76869000, -51.56769000)",-3.831088,"(0.35911910, 0.61258950)"
1.07979,"(-0.17889540,0.4264579,-0.04702483, -0.88539180)","(20.90953000,307.778, 355.74480000)","(-0.73833970,-0.3568933, 0.57226010)","(-20.90953000, -52.22205000)",-3.974438,"(0.35705330, 0.61332230)"
1.093054,"(-0.18014810,0.4309787,-0.04766576, -0.88291110)","(21.05079000,307.1505, 355.63010000)","(-0.74385800,-0.3591954, 0.56360810)","(-21.05079000, -52.84943000)",-4.077799,"(0.35512550, 0.61406840)"
1.106137,"(-0.18142470,0.4352204,-0.0482989, -0.88053140)","(21.19490000,306.5573, 355.51790000)","(-0.74892510,-0.3615416, 0.55533670)","(-21.19490000, -53.44263000)",-4.178421,"(0.35330360, 0.61485280)"
1.119933,"(-0.18257530,0.4392717,-0.04895436, -0.87824270)","(21.32756000,305.991, 355.41810000)","(-0.75369850,-0.3636993, 0.54741330)","(-21.32756000, -54.00899000)",-4.267465,"(0.35158250, 0.61559490)"
1.13797,"(-0.18367650,0.4429516,-0.04936735, -0.87613910)","(21.44371000,305.4704, 355.30320000)","(-0.75803920,-0.3655869, 0.54011370)","(-21.44371000, -54.52959000)",-4.370988,"(0.34991930, 0.61619280)"
1.146554,"(-0.18482420,0.4462844,-0.04988821, -0.87417470)","(21.57174000,304.9954, 355.20430000)","(-0.76182000,-0.3676659, 0.53334050)","(-21.57174000, -55.00463000)",-4.459004,"(0.34841720, 0.61687930)"
1.161502,"(-0.18589580,0.4494835,-0.05041489, -0.87227610)","(21.69257000,304.539, 355.11270000)","(-0.76540370,-0.3696263, 0.52681460)","(-21.69257000, -55.46101000)",-4.540449,"(0.34698460, 0.61754010)"
1.172485,"(-0.18695840,0.4526407,-0.05100166, -0.87038030)","(21.81560000,304.0879, 355.02760000)","(-0.76886860,-0.3716206, 0.52032600)","(-21.81560000, -55.91212000)",-4.615455,"(0.34562010, 0.61820510)"
1.186481,"(-0.18768160,0.4557371,-0.05159752, -0.86857180)","(21.90445000,303.6532, 354.96460000)","(-0.77231290,-0.3730598, 0.51415870)","(-21.90445000, -56.34676000)",-4.671015,"(0.34431880, 0.61867570)"
1.20017,"(-0.18842240,0.4588962,-0.0522983, -0.86670420)","(22.00034000,303.2097, 354.90880000)","(-0.77574620,-0.374612, 0.50782260)","(-22.00034000, -56.79025000)",-4.719537,"(0.34298780, 0.61917200)"
1.212949,"(-0.18902990,0.4621117,-0.05301657, -0.86481770)","(22.08316000,302.7612, 354.86070000)","(-0.77924130,-0.375952, 0.50144100)","(-22.08316000, -57.23876000)",-4.761356,"(0.34165980, 0.61960910)"
1.226218,"(-0.18960910,0.4652599,-0.05376378, -0.86295490)","(22.16508000,302.3219, 354.81810000)","(-0.78260840,-0.3772765, 0.49516320)","(-22.16508000, -57.67811000)",-4.797997,"(0.34036120, 0.62006140)"
1.240384,"(-0.19023750,0.4685196,-0.05450796, -0.86100410)","(22.25112000,301.8643, 354.76810000)","(-0.78605560,-0.3786667, 0.48859820)","(-22.25112000, -58.13565000)",-4.841327,"(0.33900450, 0.62054550)"
1.252648,"(-0.19081750,0.4718437,-0.05519724, -0.85901420)","(22.32865000,301.3971, 354.71260000)","(-0.78957580,-0.3799188, 0.48190430)","(-22.32865000, -58.60290000)",-4.889884,"(0.33760300, 0.62097330)"
1.266158,"(-0.19142770,0.4753385,-0.05603207, -0.85689510)","(22.41642000,300.9059, 354.66460000)","(-0.79317830,-0.3813353, 0.47481750)","(-22.41642000, -59.09414000)",-4.931137,"(0.33612390, 0.62143830)"
1.279734,"(-0.19192630,0.479049,-0.05688063, -0.85465840)","(22.49234000,300.3865, 354.61820000)","(-0.79701270,-0.38256, 0.46735270)","(-22.49234000, -59.61347000)",-4.971299,"(0.33459870, 0.62184050)"
1.297982,"(-0.19230030,0.482994,-0.05782981, -0.85228700)","(22.56015000,299.838, 354.58270000)","(-0.80105760,-0.3836531, 0.45947480)","(-22.56015000, -60.16206000)",-5.00167,"(0.33302990, 0.62220860)"
1.30639,"(-0.19265930,0.4870395,-0.05866775, -0.84984300)","(22.61936000,299.2723, 354.53270000)","(-0.80520840,-0.3846073, 0.45134990)","(-22.61936000, -60.72771000)",-5.045623,"(0.33140000, 0.62254610)"
1.320207,"(-0.19310650,0.4910611,-0.05963933, -0.84735590)","(22.69546000,298.707, 354.49010000)","(-0.80917350,-0.3858329, 0.44313790)","(-22.69546000, -61.29301000)",-5.082108,"(0.32974150, 0.62292990)"
1.332779,"(-0.19340020,0.495059,-0.06036144, -0.84490790)","(22.74159000,298.1445, 354.43170000)","(-0.81321080,-0.3865757, 0.43502580)","(-22.74160000, -61.85552000)",-5.134234,"(0.32807400, 0.62316080)"
1.346278,"(-0.19380000,0.498878,-0.06108851, -0.84251440)","(22.79965000,297.602, 354.37060000)","(-0.81694600,-0.38751, 0.42712460)","(-22.79965000, -62.39804000)",-5.188256,"(0.32645960, 0.62347330)"
1.360503,"(-0.19420620,0.502512,-0.06155086, -0.84022440)","(22.84339000,297.0801, 354.28630000)","(-0.82053860,-0.3882137, 0.41953130)","(-22.84339000, -62.91990000)",-5.264214,"(0.32486570, 0.62371780)"
1.374477,"(-0.19457310,0.5059537,-0.06195343, -0.83804170)","(22.88059000,296.5844, 354.20340000)","(-0.82391170,-0.3888118, 0.41230430)","(-22.88059000, -63.41557000)",-5.339132,"(0.32337430, 0.62388250)"
1.386565,"(-0.19478450,0.5091659,-0.06205257, -0.83603740)","(22.88511000,296.1213, 354.10640000)","(-0.82718970,-0.3888844, 0.40561820)","(-22.88510000, -63.87865000)",-5.4282,"(0.32193730, 0.62386570)"
1.400426,"(-0.19507040,0.5120725,-0.06205832, -0.83419310)","(22.89288000,295.6971, 354.00320000)","(-0.83012320,-0.3890094, 0.39945860)","(-22.89288000, -64.30296000)",-5.5229,"(0.32060110, 0.62387550)"
1.413219,"(-0.19529020,0.5146459,-0.06189792, -0.83256830)","(22.88581000,295.3197, 353.89730000)","(-0.83277950,-0.3888958, 0.39400280)","(-22.88581000, -64.68034000)",-5.620682,"(0.31939360, 0.62381140)"
1.425797,"(-0.19554290,0.5167615,-0.06161559, -0.83121840)","(22.87729000,295.0045, 353.78990000)","(-0.83498640,-0.3887588, 0.38944100)","(-22.87729000, -64.99547000)",-5.719916,"(0.31835630, 0.62374460)"
1.440617,"(-0.19584510,0.5183795,-0.06127141, -0.83016460)","(22.87307000,294.7579, 353.68700000)","(-0.83668120,-0.3886909, 0.38585480)","(-22.87307000, -65.24213000)",-5.814768,"(0.31751570, 0.62370670)"
1.458501,"(-0.19599950,0.5198213,-0.06090895, -0.82925270)","(22.85434000,294.5411, 353.59790000)","(-0.83825030,-0.3883897, 0.38274000)","(-22.85434000, -65.45885000)",-5.897608,"(0.31676670, 0.62356550)"
1.466234,"(-0.19614760,0.5209063,-0.06070933, -0.82855120)","(22.84779000,294.3777, 353.53590000)","(-0.83937910,-0.3882845, 0.38036550)","(-22.84780000, -65.62229000)",-5.955028,"(0.31620850, 0.62350440)"
1.479746,"(-0.19628640,0.521679,-0.06055579, -0.82804330)","(22.84557000,294.2599, 353.48820000)","(-0.84017310,-0.3882486, 0.37864520)","(-22.84557000, -65.74009000)",-5.999009,"(0.31580100, 0.62347420)"
1.492707,"(-0.19637430,0.5222567,-0.06040085, -0.82766950)","(22.83978000,294.1719, 353.44960000)","(-0.84078950,-0.3881555, 0.37737020)","(-22.83978000, -65.82810000)",-6.034717,"(0.31548300, 0.62343170)"
1.506293,"(-0.19662570,0.5225908,-0.06029871, -0.82740630)","(22.85509000,294.1137, 353.41170000)","(-0.84107730,-0.3884019, 0.37647430)","(-22.85510000, -65.88625000)",-6.068988,"(0.31526180, 0.62350180)"
1.51991,"(-0.19692300,0.5227847,-0.06024766, -0.82721690)","(22.87918000,294.0747, 353.37960000)","(-0.84118430,-0.3887892, 0.37583510)","(-22.87918000, -65.92525000)",-6.09754,"(0.31510000, 0.62362350)"
1.533203,"(-0.19722490,0.5229217,-0.0601324, -0.82706670)","(22.90009000,294.0429, 353.34230000)","(-0.84126310,-0.3891255, 0.37531030)","(-22.90009000, -65.95705000)",-6.130822,"(0.31495110, 0.62372600)"
1.54613,"(-0.19752050,0.5230268,-0.06011041, -0.82693130)","(22.92653000,294.0171, 353.31570000)","(-0.84126840,-0.3895504, 0.37485720)","(-22.92653000, -65.98293000)",-6.154089,"(0.31483290, 0.62386330)"
1.560308,"(-0.19806580,0.5233424,-0.06030025, -0.82658730)","(22.98889000,293.9545, 353.28620000)","(-0.84128950,-0.3905526, 0.37376540)","(-22.98889000, -66.04553000)",-6.178443,"(0.31460120, 0.62419840)"
1.573221,"(-0.19846060,0.5236828,-0.06053375, -0.82625990)","(23.03922000,293.8941, 353.27100000)","(-0.84136900,-0.3913611, 0.37273940)","(-23.03922000, -66.10592000)",-6.190109,"(0.31440010, 0.62447190)"
1.587525,"(-0.19890160,0.5242447,-0.06088926, -0.82577130)","(23.09995000,293.8015, 353.25810000)","(-0.84159040,-0.3923362, 0.37121130)","(-23.09995000, -66.19853000)",-6.199129,"(0.31411080, 0.62480440)"
1.599718,"(-0.19934480,0.5249952,-0.06132444, -0.82515510)","(23.16441000,293.6823, 353.24720000)","(-0.84195560,-0.3933709, 0.36928340)","(-23.16441000, -66.31765000)",-6.206114,"(0.31375010, 0.62515910)"
1.618561,"(-0.19965110,0.5258923,-0.06192013, -0.82446510)","(23.22466000,293.5487, 353.25780000)","(-0.84243480,-0.3943374, 0.36715350)","(-23.22466000, -66.45126000)",-6.193592,"(0.31338360, 0.62549880)"
1.625764,"(-0.20001570,0.5269786,-0.06255422, -0.82363480)","(23.29150000,293.3859, 353.26220000)","(-0.84305210,-0.3954092, 0.36457470)","(-23.29150000, -66.61412000)",-6.186434,"(0.31293900, 0.62587020)"
1.640226,"(-0.20042790,0.5282198,-0.06322612, -0.82268760)","(23.36416000,293.199, 353.26200000)","(-0.84377530,-0.3965736, 0.36162500)","(-23.36415000, -66.80100000)",-6.183296,"(0.31241350, 0.62627700)"
1.652778,"(-0.20072130,0.5296567,-0.06376164, -0.82165030)","(23.41505000,292.9861, 353.25070000)","(-0.84478860,-0.397389, 0.35834950)","(-23.41505000, -67.01391000)",-6.191186,"(0.31180600, 0.62656170)"
1.66634,"(-0.20105870,0.5310019,-0.06408832, -0.82067350)","(23.45752000,292.782, 353.21790000)","(-0.84578740,-0.3980691, 0.35522470)","(-23.45752000, -67.21794000)",-6.219243,"(0.31119280, 0.62679470)"
1.679661,"(-0.20155860,0.5323445,-0.06426541, -0.81966670)","(23.50595000,292.5703, 353.15810000)","(-0.84678360,-0.3988444, 0.35196690)","(-23.50595000, -67.42971000)",-6.271761,"(0.31050430, 0.62702640)"
1.693032,"(-0.20202830,0.5336617,-0.06424315, -0.81869560)","(23.53865000,292.3606, 353.08120000)","(-0.84785520,-0.3993676, 0.34877940)","(-23.53865000, -67.63937000)",-6.340566,"(0.30980720, 0.62716730)"
1.706176,"(-0.20264290,0.534959,-0.06411315, -0.81770670)","(23.57822000,292.1469, 352.98330000)","(-0.84889490,-0.4000008, 0.34550950)","(-23.57822000, -67.85313000)",-6.428278,"(0.30905210, 0.62734650)"
1.720341,"(-0.20312310,0.5363533,-0.06391912, -0.81668870)","(23.59963000,291.9229, 352.88590000)","(-0.85010050,-0.4003431, 0.34213230)","(-23.59963000, -68.07714000)",-6.51641,"(0.30827090, 0.62742920)"
1.732802,"(-0.20347180,0.537787,-0.06384606, -0.81566420)","(23.61572000,291.6991, 352.80890000)","(-0.85132540,-0.4006005, 0.33876880)","(-23.61573000, -68.30086000)",-6.586004,"(0.30752570, 0.62749250)"
1.746554,"(-0.20359530,0.5392847,-0.06375432, -0.81465110)","(23.60829000,291.4741, 352.74500000)","(-0.85269760,-0.4004816, 0.33544200)","(-23.60829000, -68.52586000)",-6.644965,"(0.30680270, 0.62743270)"
1.759295,"(-0.20371690,0.5407354,-0.06373686, -0.81365980)","(23.60581000,291.2567, 352.68980000)","(-0.85398080,-0.400442, 0.33220930)","(-23.60581000, -68.74333000)",-6.695565,"(0.30611290, 0.62740620)"
1.77811,"(-0.20358150,0.5423614,-0.06367626, -0.81261560)","(23.57430000,291.0226, 352.64450000)","(-0.85553600,-0.399938, 0.32879750)","(-23.57430000, -68.97736000)",-6.73863,"(0.30539820, 0.62722530)"
1.788123,"(-0.20338180,0.5439762,-0.06354377, -0.81159590)","(23.53194000,290.7917, 352.59740000)","(-0.85713040,-0.3992602, 0.32545160)","(-23.53194000, -69.20828000)",-6.783939,"(0.30469100, 0.62698710)"
1.800251,"(-0.20304770,0.5457578,-0.0633916, -0.81049470)","(23.47389000,290.541, 352.55360000)","(-0.85892440,-0.3983311, 0.32184020)","(-23.47389000, -69.45896000)",-6.827024,"(0.30392470, 0.62664010)"
1.812876,"(-0.20287950,0.5475213,-0.06336481, -0.80934860)","(23.43995000,290.2877, 352.51020000)","(-0.86056040,-0.3977876, 0.31812070)","(-23.43995000, -69.71232000)",-6.868584,"(0.30314290, 0.62643030)"
1.826336,"(-0.20264080,0.5493703,-0.06337776, -0.80815360)","(23.40110000,290.0246, 352.47340000)","(-0.86226530,-0.3971655, 0.31425780)","(-23.40110000, -69.97543000)",-6.904302,"(0.30237220, 0.62619270)"
1.840357,"(-0.20257740,0.5512303,-0.06340569, -0.80689980)","(23.37963000,289.7528, 352.42440000)","(-0.86388610,-0.3968216, 0.31021520)","(-23.37963000, -70.24715000)",-6.95037,"(0.30155320, 0.62605050)"
1.852694,"(-0.20254530,0.5530921,-0.06350459, -0.80562510)","(23.36573000,289.4799, 352.37980000)","(-0.86544450,-0.3965988, 0.30612920)","(-23.36573000, -70.52005000)",-6.991986,"(0.30073520, 0.62595620)"
1.866561,"(-0.20257050,0.5549769,-0.06369901, -0.80430610)","(23.36333000,289.2019, 352.33930000)","(-0.86693550,-0.3965604, 0.30193170)","(-23.36333000, -70.79807000)",-7.029312,"(0.29990600, 0.62593160)"
1.879836,"(-0.20257890,0.5569133,-0.06398923, -0.80294130)","(23.36522000,288.9174, 352.30760000)","(-0.86841160,-0.3965908, 0.29761880)","(-23.36523000, -71.08258000)",-7.058247,"(0.29907120, 0.62593870)"
1.892945,"(-0.20268310,0.5588281,-0.06442207, -0.80154880)","(23.38593000,288.6332, 352.28260000)","(-0.86974160,-0.3969226, 0.29326140)","(-23.38593000, -71.36681000)",-7.079975,"(0.29824470, 0.62606070)"
1.906308,"(-0.20267910,0.5608568,-0.06485733, -0.80009650)","(23.39557000,288.3358, 352.26260000)","(-0.87118860,-0.397077, 0.28872160)","(-23.39557000, -71.66423000)",-7.097824,"(0.29737990, 0.62609240)"
1.920525,"(-0.20281790,0.5627635,-0.06533287, -0.79868260)","(23.42249000,288.0506, 352.23880000)","(-0.87243740,-0.3975081, 0.28432440)","(-23.42249000, -71.94939000)",-7.118192,"(0.29654050, 0.62622310)"
1.93792,"(-0.20287450,0.5646577,-0.06576148, -0.79729480)","(23.43866000,287.7696, 352.21700000)","(-0.87371470,-0.3977671, 0.28000710)","(-23.43867000, -72.23044000)",-7.137239,"(0.29571840, 0.62629950)"
1.946671,"(-0.20289630,0.5665398,-0.06620163, -0.79591660)","(23.45250000,287.4913, 352.19920000)","(-0.87497260,-0.3979887, 0.27573160)","(-23.45250000, -72.50871000)",-7.152779,"(0.29491100, 0.62636860)"
1.960432,"(-0.20283580,0.5684597,-0.0666182, -0.79452700)","(23.45674000,287.2099, 352.18440000)","(-0.87628810,-0.3980566, 0.27142230)","(-23.45674000, -72.79012000)",-7.166178,"(0.29410120, 0.62639000)"
1.972866,"(-0.20283000,0.5703951,-0.06716706, -0.79309400)","(23.47507000,286.9246, 352.17700000)","(-0.87750670,-0.3983501, 0.26701890)","(-23.47507000, -73.07538000)",-7.171897,"(0.29328180, 0.62649810)"
1.986444,"(-0.20281350,0.5723593,-0.06775209, -0.79163200)","(23.49471000,286.6352, 352.17290000)","(-0.87871370,-0.3986644, 0.26254310)","(-23.49471000, -73.36485000)",-7.174687,"(0.29247340, 0.62661500)"
2.00074,"(-0.20279290,0.5743924,-0.06849109, -0.79009960)","(23.52409000,286.3362, 352.18110000)","(-0.87987540,-0.3991347, 0.25789690)","(-23.52409000, -73.66382000)",-7.165466,"(0.29167860, 0.62677750)"
2.013536,"(-0.20276000,0.5765015,-0.06912918, -0.78851480)","(23.54471000,286.0246, 352.17810000)","(-0.88112660,-0.3994647, 0.25306880)","(-23.54472000, -73.97538000)",-7.167109,"(0.29080490, 0.62687800)"
2.0265,"(-0.20273970,0.5786824,-0.06979534, -0.78686210)","(23.56786000,285.7011, 352.17410000)","(-0.88238580,-0.399835, 0.24804670)","(-23.56786000, -74.29884000)",-7.169518,"(0.28988930, 0.62699830)"
2.040231,"(-0.20277060,0.5809883,-0.07059464, -0.78508160)","(23.60395000,285.3569, 352.17420000)","(-0.88361750,-0.4004122, 0.24267340)","(-23.60395000, -74.64312000)",-7.167438,"(0.28892300, 0.62719660)"
2.052952,"(-0.20286260,0.583258,-0.07140655, -0.78329940)","(23.64704000,285.0147, 352.17110000)","(-0.88475980,-0.4011012, 0.23731370)","(-23.64704000, -74.98531000)",-7.167903,"(0.28795710, 0.62743810)"
2.066578,"(-0.20285690,0.5857002,-0.07229684, -0.78139470)","(23.68520000,284.6499, 352.17740000)","(-0.88599410,-0.4017112, 0.23160880)","(-23.68520000, -75.35007000)",-7.160071,"(0.28694560, 0.62766240)"
2.079729,"(-0.20278440,0.5881389,-0.07314686, -0.77950030)","(23.71465000,284.2871, 352.18490000)","(-0.88724280,-0.402182, 0.22594230)","(-23.71466000, -75.71292000)",-7.151572,"(0.28594460, 0.62784540)"
2.098506,"(-0.20272360,0.5907656,-0.07401903, -0.77744480)","(23.74511000,283.894, 352.18700000)","(-0.88856440,-0.4026686, 0.21979830)","(-23.74511000, -76.10603000)",-7.147977,"(0.28484190, 0.62799500)"
2.106528,"(-0.20252930,0.5933288,-0.07491289, -0.77545530)","(23.76591000,283.5152, 352.20360000)","(-0.88985570,-0.4030009, 0.21388570)","(-23.76591000, -76.48476000)",-7.131629,"(0.28380610, 0.62810970)"
2.120295,"(-0.20259510,0.5960566,-0.07591596, -0.77324540)","(23.81670000,283.0995, 352.20290000)","(-0.89103570,-0.4038119, 0.20734340)","(-23.81670000, -76.90044000)",-7.129565,"(0.28263620, 0.62839060)"
2.132751,"(-0.20257340,0.5988114,-0.07688101, -0.77102420)","(23.85682000,282.6817, 352.20430000)","(-0.89224800,-0.4044525, 0.20077790)","(-23.85682000, -77.31827000)",-7.126015,"(0.28146730, 0.62862190)"
2.146488,"(-0.20262680,0.6016361,-0.07789895, -0.76870550)","(23.90706000,282.2487, 352.20120000)","(-0.89339320,-0.4052543, 0.19395270)","(-23.90706000, -77.75134000)",-7.126015,"(0.28025440, 0.62891610)"
2.160733,"(-0.20247190,0.6045001,-0.0788823, -0.76639570)","(23.93599000,281.8167, 352.21040000)","(-0.89462970,-0.4057159, 0.18716950)","(-23.93599000, -78.18333000)",-7.11596,"(0.27906690, 0.62906170)"
2.173198,"(-0.20248940,0.6073518,-0.079935, -0.76402370)","(23.98583000,281.3779, 352.21110000)","(-0.89569040,-0.4065107, 0.18024360)","(-23.98583000, -78.62209000)",-7.112623,"(0.27783540, 0.62933040)"
2.186436,"(-0.20227770,0.6102568,-0.08102837, -0.76164620)","(24.01804000,280.9395, 352.23240000)","(-0.89681900,-0.4070243, 0.17334080)","(-24.01804000, -79.06054000)",-7.091382,"(0.27664350, 0.62951900)"
2.201795,"(-0.20183770,0.6132792,-0.08207417, -0.75921930)","(24.02573000,280.4906, 352.26430000)","(-0.89809550,-0.4071469, 0.16630050)","(-24.02573000, -79.50936000)",-7.061887,"(0.27544670, 0.62958460)"
2.213279,"(-0.20153640,0.6161045,-0.08313035, -0.75689340)","(24.04896000,280.0651, 352.29130000)","(-0.89914330,-0.4075171, 0.15959650)","(-24.04896000, -79.93492000)",-7.036006,"(0.27430360, 0.62974240)"
2.226141,"(-0.20135240,0.6188864,-0.08420766, -0.75455020)","(24.08496000,279.6397, 352.31080000)","(-0.90005080,-0.4080909, 0.15287380)","(-24.08496000, -80.36030000)",-7.016239,"(0.27314160, 0.62992440)"
2.239983,"(-0.20095390,0.6215868,-0.08519356, -0.75232270)","(24.09650000,279.2347, 352.34280000)","(-0.90102780,-0.4082747, 0.14649480)","(-24.09650000, -80.76530000)",-6.986429,"(0.27206330, 0.62999560)"
2.259149,"(-0.20044600,0.6241454,-0.08624335, -0.75021730)","(24.10517000,278.856, 352.39430000)","(-0.90191510,-0.4084129, 0.14052790)","(-24.10517000, -81.14393000)",-6.938931,"(0.27108980, 0.63006510)"
2.26573,"(-0.19961710,0.6267033,-0.08732101, -0.74817850)","(24.08849000,278.4908, 352.47600000)","(-0.90291040,-0.4081472, 0.13479210)","(-24.08849000, -81.50924000)",-6.865414,"(0.27020440, 0.63001070)"
2.280044,"(-0.19872870,0.6291478,-0.08827835, -0.74624850)","(24.05932000,278.1443, 352.55580000)","(-0.90391430,-0.4076823, 0.12936000)","(-24.05932000, -81.85565000)",-6.794224,"(0.26937730, 0.62989950)"
2.292742,"(-0.19779150,0.6315488,-0.08933267, -0.74434160)","(24.03438000,277.8063, 352.64980000)","(-0.90483750,-0.4072848, 0.12404930)","(-24.03438000, -82.19366000)",-6.709872,"(0.26859250, 0.62978350)"
2.306791,"(-0.19675030,0.6339304,-0.09017072, -0.74248960)","(23.98478000,277.4739, 352.73430000)","(-0.90589140,-0.406494, 0.11884300)","(-23.98478000, -82.52610000)",-6.635396,"(0.26781070, 0.62953080)"
2.319366,"(-0.19584500,0.6363041,-0.09090693, -0.74060640)","(23.93983000,277.1351, 352.79810000)","(-0.90689440,-0.405777, 0.11352370)","(-23.93983000, -82.86491000)",-6.579451,"(0.26697960, 0.62929980)"
2.332966,"(-0.19507020,0.6387413,-0.09161188, -0.73862330)","(23.90362000,276.7789, 352.84530000)","(-0.90783700,-0.4051993, 0.10791440)","(-23.90362000, -83.22108000)",-6.53819,"(0.26607080, 0.62911530)"
2.34644,"(-0.19419880,0.6412817,-0.09240855, -0.73654960)","(23.86568000,276.4095, 352.90550000)","(-0.90878030,-0.4045939, 0.10208930)","(-23.86568000, -83.59046000)",-6.485129,"(0.26514460, 0.62893120)"
2.360528,"(-0.19351660,0.64394,-0.09336133, -0.73428620)","(23.85549000,276.0117, 352.95830000)","(-0.90953860,-0.4044313, 0.09578516)","(-23.85550000, -83.98824000)",-6.437453,"(0.26412030, 0.62890490)"
2.373281,"(-0.19264090,0.6466617,-0.09435162, -0.73199450)","(23.83169000,275.6109, 353.02910000)","(-0.91035370,-0.4040513, 0.08943629)","(-23.83169000, -84.38907000)",-6.373907,"(0.26311770, 0.62879630)"
2.386851,"(-0.19181710,0.6494496,-0.09540198, -0.72960260)","(23.81708000,275.1955, 353.09780000)","(-0.91108070,-0.403818, 0.08284292)","(-23.81708000, -84.80449000)",-6.311835,"(0.26206850, 0.62872940)"
2.400598,"(-0.19089450,0.6523271,-0.09652269, -0.72712590)","(23.79951000,274.7683, 353.17800000)","(-0.91179650,-0.4035375, 0.07605738)","(-23.79951000, -85.23172000)",-6.239417,"(0.26100440, 0.62865670)"
2.41827,"(-0.18987850,0.6552308,-0.09758886, -0.72463450)","(23.77033000,274.3389, 353.26070000)","(-0.91254560,-0.4030715, 0.06923761)","(-23.77034000, -85.66111000)",-6.165229,"(0.25993900, 0.62852730)"
2.426638,"(-0.18889880,0.6581525,-0.09864499, -0.72209540)","(23.74412000,273.903, 353.33830000)","(-0.91322990,-0.4026528, 0.06230502)","(-23.74412000, -86.09705000)",-6.095514,"(0.25886860, 0.62841900)"
2.44031,"(-0.18775900,0.6611845,-0.09953431, -0.71949600)","(23.69105000,273.4536, 353.41220000)","(-0.91406240,-0.4018048, 0.05516309)","(-23.69105000, -86.54642000)",-6.030459,"(0.25775660, 0.62814480)"
2.452655,"(-0.18686420,0.664193,-0.1005102, -0.71681740)","(23.66644000,272.9953, 353.47160000)","(-0.91464660,-0.4014114, 0.04785893)","(-23.66644000, -87.00473000)",-5.977206,"(0.25659510, 0.62801900)"
2.46655,"(-0.18586500,0.6672545,-0.1015235, -0.71408580)","(23.63640000,272.5307, 353.54160000)","(-0.91521460,-0.4009311, 0.04045123)","(-23.63640000, -87.46925000)",-5.914601,"(0.25541160, 0.62787460)"
2.479271,"(-0.18504950,0.6703393,-0.1025207, -0.71126040)","(23.62094000,272.0518, 353.59220000)","(-0.91562900,-0.400684, 0.03280373)","(-23.62094000, -87.94817000)",-5.868989,"(0.25415350, 0.62781400)"
2.492946,"(-0.18424860,0.6733469,-0.1036006, -0.70846550)","(23.61480000,271.5831, 353.65050000)","(-0.91590950,-0.4005858, 0.02531290)","(-23.61481000, -88.41692000)",-5.815846,"(0.25293390, 0.62780380)"
2.506641,"(-0.18345300,0.6764001,-0.1046406, -0.70560490)","(23.60621000,271.104, 353.70290000)","(-0.91614910,-0.4004484, 0.01765590)","(-23.60621000, -88.89594000)",-5.768233,"(0.25167700, 0.62775920)"
2.519578,"(-0.18256250,0.6794854,-0.105679, -0.70271090)","(23.59018000,270.6215, 353.76230000)","(-0.91637750,-0.400192, 0.00994114)","(-23.59018000, -89.37846000)",-5.714603,"(0.25042210, 0.62768510)"
2.532787,"(-0.18178050,0.6824948,-0.1068693, -0.69981130)","(23.59690000,270.1447, 353.82620000)","(-0.91638150,-0.4002995, 0.00231353)","(-23.59690000, -89.85535000)",-5.65579,"(0.24920630, 0.62774900)"
2.546825,"(-0.18109700,0.6854674,-0.1080803, -0.69689100)","(23.61448000,269.6671, 353.88330000)","(-0.91624610,-0.4005807, -0.00532322)","(-23.61449000, -90.33287000)",-5.602801,"(0.24797550, 0.62788050)"
2.560476,"(-0.18034470,0.6883509,-0.1092727, -0.69405220)","(23.62652000,269.2056, 353.94770000)","(-0.91608930,-0.4007731, -0.01270226)","(-23.62652000, -90.79440000)",-5.543336,"(0.24680510, 0.62795190)"
2.578403,"(-0.17967890,0.6911353,-0.110354, -0.69128110)","(23.63797000,268.755, 353.99780000)","(-0.91588090,-0.4009563, -0.01990496)","(-23.63797000, -91.24503000)",-5.496971,"(0.24564360, 0.62802450)"
2.586662,"(-0.17913600,0.6937006,-0.1113105, -0.68869440)","(23.65148000,268.3347, 354.03350000)","(-0.91561590,-0.4011722, -0.02662031)","(-23.65148000, -91.66534000)",-5.463716,"(0.24451410, 0.62811010)"
2.599498,"(-0.17866230,0.6962221,-0.112364, -0.68609680)","(23.67948000,267.9167, 354.07140000)","(-0.91520110,-0.4016199, -0.03329094)","(-23.67949000, -92.08324000)",-5.427839,"(0.24339890, 0.62828470)"
2.614511,"(-0.17808170,0.6985976,-0.1134336, -0.68365280)","(23.70208000,267.5273, 354.12550000)","(-0.91479550,-0.401981, -0.03950347)","(-23.70208000, -92.47266000)",-5.377459,"(0.24239090, 0.62843980)"
2.625899,"(-0.17759300,0.7008011,-0.1145034, -0.68134240)","(23.73402000,267.1621, 354.17650000)","(-0.91430110,-0.4024915, -0.04532298)","(-23.73402000, -92.83790000)",-5.329508,"(0.24144940, 0.62861670)"
2.640418,"(-0.17712800,0.7029437,-0.1155446, -0.67907670)","(23.76646000,266.805, 354.22460000)","(-0.91377310,-0.4030097, -0.05100842)","(-23.76646000, -93.19504000)",-5.284054,"(0.24052710, 0.62880240)"
2.653089,"(-0.17675300,0.7049724,-0.1166904, -0.67687190)","(23.81628000,266.462, 354.27600000)","(-0.91310130,-0.4038053, -0.05645558)","(-23.81628000, -93.53800000)",-5.235138,"(0.23964850, 0.62909080)"
2.666186,"(-0.17649930,0.7068509,-0.117707, -0.67479990)","(23.86645000,266.1389, 354.31050000)","(-0.91241540,-0.4046061, -0.06158035)","(-23.86644000, -93.86113000)",-5.201532,"(0.23880020, 0.62938090)"
2.679523,"(-0.17643140,0.708622,-0.1187968, -0.67276600)","(23.93864000,265.8246, 354.33620000)","(-0.91155470,-0.4057581, -0.06654641)","(-23.93864000, -94.17537000)",-5.175135,"(0.23796270, 0.62979530)"
2.692885,"(-0.17619070,0.710336,-0.1198206, -0.67083730)","(23.99245000,265.5276, 354.37490000)","(-0.91081710,-0.4066163, -0.07124074)","(-23.99245000, -94.47236000)",-5.137668,"(0.23719700, 0.63011470)"
2.706304,"(-0.17614170,0.7119817,-0.1208108, -0.66892520)","(24.05927000,265.2328, 354.39450000)","(-0.90996530,-0.4076814, -0.07588759)","(-24.05927000, -94.76722000)",-5.117148,"(0.23637650, 0.63050160)"
2.720483,"(-0.17601550,0.7135861,-0.1218261, -0.66706220)","(24.12278000,264.9478, 354.42440000)","(-0.90912610,-0.4086933, -0.08037309)","(-24.12277000, -95.05222000)",-5.087234,"(0.23561570, 0.63084270)"
2.738105,"(-0.17606280,0.7151368,-0.1228973, -0.66518990)","(24.20528000,264.6629, 354.44330000)","(-0.90812810,-0.4100071, -0.08483746)","(-24.20528000, -95.33709000)",-5.066819,"(0.23483560, 0.63129720)"
2.746546,"(-0.17605900,0.7166751,-0.1239171, -0.66334350)","(24.27973000,264.3818, 354.46290000)","(-0.90717010,-0.4111919, -0.08923993)","(-24.27973000, -95.61821000)",-5.045972,"(0.23407080, 0.63171090)"
2.760392,"(-0.17615140,0.7182454,-0.124883, -0.66143670)","(24.35690000,264.0894, 354.46710000)","(-0.90615110,-0.4124192, -0.09381144)","(-24.35690000, -95.91062000)",-5.039134,"(0.23324450, 0.63213790)"
2.773056,"(-0.17631930,0.7198672,-0.1259369, -0.65942600)","(24.44722000,263.7824, 354.46780000)","(-0.90498810,-0.4138548, -0.09859450)","(-24.44722000, -96.21761000)",-5.034816,"(0.23238280, 0.63264310)"
2.786368,"(-0.17636890,0.721504,-0.1269438, -0.65742780)","(24.52439000,263.4774, 354.47530000)","(-0.90389570,-0.4150805, -0.10334790)","(-24.52439000, -96.52265000)",-5.024884,"(0.23154210, 0.63308170)"
2.800434,"(-0.17644200,0.7231265,-0.1279628, -0.65542490)","(24.60471000,263.1724, 354.48120000)","(-0.90275420,-0.4163555, -0.10808750)","(-24.60471000, -96.82757000)",-5.016338,"(0.23071150, 0.63355540)"
2.813958,"(-0.17659070,0.7247961,-0.1290116, -0.65333180)","(24.69317000,262.8537, 354.47920000)","(-0.90150020,-0.4177589, -0.11302740)","(-24.69317000, -97.14629000)",-5.01458,"(0.22979430, 0.63402700)"
2.826898,"(-0.17669000,0.7264438,-0.1298976, -0.65129620)","(24.76400000,262.5409, 354.46980000)","(-0.90035690,-0.4188817, -0.11787990)","(-24.76400000, -97.45906000)",-5.020164,"(0.22888790, 0.63440380)"
2.840598,"(-0.17686480,0.7280756,-0.1306524, -0.64927240)","(24.82931000,262.2267, 354.44310000)","(-0.89922330,-0.4199165, -0.12275050)","(-24.82931000, -97.77325000)",-5.041855,"(0.22796450, 0.63475250)"
2.853213,"(-0.17718340,0.7294717,-0.1313989, -0.64746530)","(24.90683000,261.9479, 354.41010000)","(-0.89805190,-0.4211438, -0.12704580)","(-24.90682000, -98.05210000)",-5.068597,"(0.22712150, 0.63517060)"
2.866173,"(-0.17748210,0.7307754,-0.1319506, -0.64579900)","(24.96648000,261.6873, 354.36780000)","(-0.89703040,-0.422088, -0.13106520)","(-24.96649000, -98.31268000)",-5.104458,"(0.22632010, 0.63549140)"
2.879713,"(-0.17782180,0.7318913,-0.1324081, -0.64434670)","(25.02251000,261.4594, 354.32150000)","(-0.89609340,-0.4229744, -0.13457100)","(-25.02251000, -98.54058000)",-5.143995,"(0.22560510, 0.63579390)"
2.898715,"(-0.17828150,0.7327682,-0.1329286, -0.64311460)","(25.09514000,261.269, 354.27730000)","(-0.89511050,-0.4241226, -0.13746710)","(-25.09514000, -98.73102000)",-5.180924,"(0.22499500, 0.63619040)"
2.906451,"(-0.17882300,0.7334884,-0.1332971, -0.64206620)","(25.16181000,261.1041, 354.21970000)","(-0.89422310,-0.4251761, -0.13996590)","(-25.16181000, -98.89590000)",-5.230195,"(0.22443630, 0.63655140)"
2.91991,"(-0.17949470,0.733931,-0.1335831, -0.64131320)","(25.23337000,260.9847, 354.15400000)","(-0.89340440,-0.4263063, -0.14174620)","(-25.23337000, -99.01532000)",-5.286501,"(0.22398870, 0.63694210)"
2.932618,"(-0.18016290,0.7342514,-0.1336996, -0.64073450)","(25.29072000,260.8892, 354.08100000)","(-0.89274490,-0.4272115, -0.14316750)","(-25.29072000, -99.11082000)",-5.349875,"(0.22360170, 0.63724050)"
2.946044,"(-0.18073110,0.7344155,-0.1339613, -0.64033140)","(25.35479000,260.827, 354.03540000)","(-0.89211670,-0.4282222, -0.14405990)","(-25.35480000, -99.17300000)",-5.388234,"(0.22335800, 0.63757290)"
2.960513,"(-0.18113600,0.7345381,-0.1344236, -0.63997960)","(25.42474000,260.7797, 354.02290000)","(-0.89148090,-0.4293252, -0.14471290)","(-25.42474000, -99.22032000)",-5.396411,"(0.22319200, 0.63795450)"
2.973228,"(-0.18149270,0.7345884,-0.1348591, -0.63972910)","(25.48940000,260.7485, 354.01630000)","(-0.89092330,-0.4303442, -0.14511940)","(-25.48940000, -99.25146000)",-5.399387,"(0.22306280, 0.63830520)"
2.986515,"(-0.18187250,0.7345382,-0.13539, -0.63956670)","(25.56517000,260.7344, 354.01860000)","(-0.89032500,-0.4315375, -0.14524800)","(-25.56517000, -99.26563000)",-5.393941,"(0.22301040, 0.63872580)"
3.000467,"(-0.18218460,0.7343779,-0.135909, -0.63955190)","(25.63586000,260.7445, 354.03170000)","(-0.88982450,-0.4326501, -0.14500420)","(-25.63586000, -99.25546000)",-5.378952,"(0.22303860, 0.63912130)"
3.014263,"(-0.18270820,0.7341957,-0.1363945, -0.63950830)","(25.71961000,260.7478, 354.02150000)","(-0.88920770,-0.4339674, -0.14485130)","(-25.71961000, -99.25217000)",-5.384342,"(0.22302380, 0.63958580)"
3.026572,"(-0.18311310,0.7340463,-0.1369145, -0.63945290)","(25.79723000,260.7509, 354.02460000)","(-0.88863440,-0.4351875, -0.14470890)","(-25.79723000, -99.24910000)",-5.378041,"(0.22302210, 0.64001800)"
3.04079,"(-0.18354570,0.7338589,-0.1374697, -0.63942480)","(25.88041000,260.7594, 354.02910000)","(-0.88803120,-0.4364942, -0.14447600)","(-25.88041000, -99.24063000)",-5.370165,"(0.22303660, 0.64048210)"
3.058534,"(-0.18389680,0.7338333,-0.1379053, -0.63925960)","(25.94540000,260.7425, 354.02620000)","(-0.88749930,-0.4375145, -0.14465850)","(-25.94541000, -99.25755000)",-5.369837,"(0.22297170, 0.64084120)"
3.066425,"(-0.18427820,0.7338409,-0.1384842, -0.63901570)","(26.02505000,260.7165, 354.02910000)","(-0.88683260,-0.4387642, -0.14496200)","(-26.02506000, -99.28349000)",-5.36352,"(0.22288850, 0.64128320)"
3.079724,"(-0.18464220,0.7338847,-0.1389457, -0.63876030)","(26.09267000,260.6854, 354.02370000)","(-0.88624230,-0.4398243, -0.14535890)","(-26.09268000, -99.31456000)",-5.36531,"(0.22277990, 0.64165530)"
3.093149,"(-0.18508620,0.7339696,-0.1393988, -0.63843540)","(26.16515000,260.6422, 354.00740000)","(-0.88558270,-0.4409601, -0.14593660)","(-26.16515000, -99.35777000)",-5.376511,"(0.22261920, 0.64205040)"
3.106545,"(-0.18553020,0.7341273,-0.1398934, -0.63801690)","(26.24063000,260.5848, 353.99100000)","(-0.88486230,-0.442142, -0.14672870)","(-26.24063000, -99.41517000)",-5.387797,"(0.22241850, 0.64246140)"
3.120291,"(-0.18589530,0.7343823,-0.1402404, -0.63754080)","(26.29620000,260.5142, 353.96740000)","(-0.88425730,-0.4430117, -0.14774870)","(-26.29620000, -99.48580000)",-5.406315,"(0.22217390, 0.64275930)"
3.133213,"(-0.18624170,0.7346491,-0.1407318, -0.63702380)","(26.36307000,260.4411, 353.95570000)","(-0.88355760,-0.4440578, -0.14879050)","(-26.36308000, -99.55889000)",-5.413668,"(0.22194020, 0.64312420)"
3.146504,"(-0.18640310,0.735138,-0.1411126, -0.63632790)","(26.40424000,260.3366, 353.94520000)","(-0.88297000,-0.4447015, -0.15034790)","(-26.40424000, -99.66338000)",-5.421192,"(0.22162660, 0.64334610)"
3.159728,"(-0.18662500,0.7355726,-0.1414995, -0.63567450)","(26.45097000,260.2389, 353.93100000)","(-0.88235470,-0.4454318, -0.15179180)","(-26.45097000, -99.76108000)",-5.431556,"(0.22132550, 0.64359840)"
3.173051,"(-0.18694830,0.7361036,-0.1418013, -0.63489710)","(26.49673000,260.1178, 353.89580000)","(-0.88168100,-0.4461467, -0.15359630)","(-26.49673000, -99.88223000)",-5.460954,"(0.22092580, 0.64383850)"
3.186715,"(-0.18715430,0.7366907,-0.1419917, -0.63411240)","(26.52329000,259.993, 353.86180000)","(-0.88114060,-0.4465616, -0.15547980)","(-26.52329000, -100.00700000)",-5.490051,"(0.22052200, 0.64397340)"
3.200624,"(-0.18733860,0.7373153,-0.1422946, -0.63326350)","(26.55786000,259.8612, 353.83660000)","(-0.88051530,-0.4471014, -0.15745910)","(-26.55786000, -100.13880000)",-5.510893,"(0.22011210, 0.64415660)"
3.219239,"(-0.18739870,0.737941,-0.1426178, -0.63244370)","(26.58502000,259.7356, 353.82560000)","(-0.87995940,-0.4475253, -0.15935030)","(-26.58502000, -100.26440000)",-5.519351,"(0.21974430, 0.64430400)"
3.226575,"(-0.18745180,0.7386946,-0.1428791, -0.63148840)","(26.60488000,259.5863, 353.80500000)","(-0.87938830,-0.4478353, -0.16161580)","(-26.60489000, -100.41370000)",-5.536863,"(0.21929650, 0.64440900)"
3.240226,"(-0.18744150,0.7394401,-0.143156, -0.63055570)","(26.62154000,259.4416, 353.79240000)","(-0.87884960,-0.4480953, -0.16381190)","(-26.62154000, -100.55840000)",-5.547295,"(0.21888730, 0.64450240)"
3.253018,"(-0.18728660,0.7402296,-0.1432699, -0.62964880)","(26.61254000,259.2977, 353.78110000)","(-0.87850430,-0.4479547, -0.16603230)","(-26.61254000, -100.70230000)",-5.557848,"(0.21846340, 0.64444990)"
3.266636,"(-0.18718250,0.7410367,-0.1433359, -0.62871470)","(26.60282000,259.1477, 353.76020000)","(-0.87814130,-0.4478031, -0.16834520)","(-26.60282000, -100.85230000)",-5.576997,"(0.21801610, 0.64439370)"
3.279475,"(-0.18713900,0.741778,-0.1434839, -0.62781910)","(26.60552000,259.0061, 353.74170000)","(-0.87770190,-0.4478453, -0.17051120)","(-26.60552000, -100.99390000)",-5.593314,"(0.21757400, 0.64440390)"
3.293074,"(-0.18703580,0.7425365,-0.143498, -0.62694930)","(26.59166000,258.8655, 353.71910000)","(-0.87738700,-0.4476289, -0.17268590)","(-26.59166000, -101.13450000)",-5.614228,"(0.21714130, 0.64432440)"
3.306575,"(-0.18691690,0.7432981,-0.1435799, -0.62606290)","(26.58268000,258.7243, 353.70290000)","(-0.87702780,-0.4474888, -0.17486000)","(-26.58269000, -101.27570000)",-5.629148,"(0.21671180, 0.64428830)"
3.320473,"(-0.18681940,0.7439837,-0.1436363, -0.62526430)","(26.57374000,258.5967, 353.68590000)","(-0.87670470,-0.4473492, -0.17682650)","(-26.57374000, -101.40330000)",-5.644691,"(0.21632860, 0.64422570)"
3.333025,"(-0.18676010,0.7446089,-0.1436977, -0.62452320)","(26.56861000,258.4785, 353.66810000)","(-0.87637710,-0.4472692, -0.17864350)","(-26.56861000, -101.52150000)",-5.660916,"(0.21597040, 0.64418170)"
3.346866,"(-0.18668370,0.7451379,-0.1437663, -0.62389900)","(26.56386000,258.3796, 353.65690000)","(-0.87610390,-0.447195, -0.18016280)","(-26.56386000, -101.62040000)",-5.671155,"(0.21567650, 0.64414580)"
3.360903,"(-0.18666420,0.7456284,-0.1438341, -0.62330300)","(26.56355000,258.285, 353.64140000)","(-0.87580740,-0.4471902, -0.18161040)","(-26.56355000, -101.71500000)",-5.685031,"(0.21538640, 0.64413380)"
3.37839,"(-0.18659870,0.7460729,-0.1437588, -0.62280780)","(26.54748000,258.2031, 353.62270000)","(-0.87566970,-0.4469393, -0.18288780)","(-26.54748000, -101.79690000)",-5.702552,"(0.21512970, 0.64403410)"
3.386698,"(-0.18657610,0.7463906,-0.1438111, -0.62242170)","(26.54731000,258.1422, 353.61430000)","(-0.87547600,-0.4469366, -0.18381910)","(-26.54731000, -101.85780000)",-5.710073,"(0.21494540, 0.64402760)"
3.400075,"(-0.18667310,0.7465979,-0.1438572, -0.62213340)","(26.55637000,258.0959, 353.59780000)","(-0.87525840,-0.447078, -0.18451070)","(-26.55636000, -101.90410000)",-5.724369,"(0.21478710, 0.64407030)"
3.413006,"(-0.18673150,0.746878,-0.1439691, -0.62175350)","(26.56781000,258.0371, 353.58670000)","(-0.87498090,-0.4472566, -0.18539090)","(-26.56781000, -101.96290000)",-5.733709,"(0.21460190, 0.64412790)"
3.42747,"(-0.18674250,0.7471011,-0.1440457, -0.62146450)","(26.57321000,257.9923, 353.58070000)","(-0.87479470,-0.447341, -0.18606550)","(-26.57321000, -102.00770000)",-5.738732,"(0.21446590, 0.64415440)"
3.440752,"(-0.18683050,0.7472965,-0.1441696, -0.62117430)","(26.58875000,257.9481, 353.57120000)","(-0.87453210,-0.4475835, -0.18671530)","(-26.58875000, -102.05190000)",-5.746411,"(0.21432350, 0.64423610)"
3.453021,"(-0.18690570,0.7475401,-0.1441877, -0.62085430)","(26.59330000,257.8962, 353.55330000)","(-0.87432800,-0.4476546, -0.18749970)","(-26.59330000, -102.10380000)",-5.762147,"(0.21414010, 0.64425110)"
3.46668,"(-0.18694890,0.7477146,-0.1440776, -0.62065650)","(26.58468000,257.8608, 353.53300000)","(-0.87427770,-0.44752, -0.18805420)","(-26.58468000, -102.13920000)",-5.780826,"(0.21401140, 0.64419590)"
3.479606,"(-0.18711000,0.7479515,-0.1440535, -0.62032810)","(26.59168000,257.8058, 353.50330000)","(-0.87404300,-0.4476292, -0.18888320)","(-26.59168000, -102.19430000)",-5.806976,"(0.21380850, 0.64422360)"
3.492923,"(-0.18715270,0.7481421,-0.1440158, -0.62009420)","(26.58937000,257.7665, 353.48730000)","(-0.87393120,-0.4475931, -0.18948530)","(-26.58937000, -102.23350000)",-5.821304,"(0.21367470, 0.64420500)"
3.506546,"(-0.18718570,0.7484412,-0.1439338, -0.61974210)","(26.58120000,257.7071, 353.46430000)","(-0.87379640,-0.4474657, -0.19040550)","(-26.58120000, -102.29290000)",-5.842344,"(0.21347430, 0.64415140)"
3.520239,"(-0.18718160,0.7486682,-0.1439061, -0.61947560)","(26.57601000,257.6633, 353.45240000)","(-0.87369020,-0.4473847, -0.19108200)","(-26.57601000, -102.33670000)",-5.853271,"(0.21333300, 0.64411780)"
3.538271,"(-0.18722850,0.7490447,-0.143913, -0.61900460)","(26.57603000,257.587, 353.43050000)","(-0.87343500,-0.447385, -0.19224470)","(-26.57603000, -102.41300000)",-5.872695,"(0.21308370, 0.64410970)"
3.546601,"(-0.18715140,0.7494199,-0.1437984, -0.61860010)","(26.55614000,257.5192, 353.41340000)","(-0.87335840,-0.4470745, -0.19331180)","(-26.55614000, -102.48080000)",-5.88906,"(0.21287880, 0.64399600)"
3.560536,"(-0.18730050,0.7496856,-0.1437898, -0.61823500)","(26.56327000,257.4588, 353.38470000)","(-0.87309990,-0.4471858, -0.19421990)","(-26.56327000, -102.54120000)",-5.914303,"(0.21266280, 0.64402620)"
3.572738,"(-0.18746320,0.7499164,-0.1437531, -0.61791420)","(26.56918000,257.4047, 353.35420000)","(-0.87287120,-0.447278, -0.19503420)","(-26.56918000, -102.59530000)",-5.941253,"(0.21246170, 0.64404900)"
3.586943,"(-0.18766060,0.7502519,-0.143692, -0.61746100)","(26.57421000,257.3283, 353.31340000)","(-0.87257210,-0.4473566, -0.19618900)","(-26.57421000, -102.67170000)",-5.977436,"(0.21218230, 0.64406440)"
3.600582,"(-0.18787810,0.7504908,-0.143678, -0.61710780)","(26.58596000,257.2692, 353.27820000)","(-0.87227960,-0.44754, -0.19706920)","(-26.58597000, -102.73080000)",-6.008249,"(0.21195820, 0.64411860)"
3.613259,"(-0.18816380,0.7506664,-0.1437527, -0.61678970)","(26.61131000,257.2176, 353.24480000)","(-0.87190840,-0.4479357, -0.19781120)","(-26.61132000, -102.78240000)",-6.03673,"(0.21175440, 0.64424870)"
3.628446,"(-0.18847510,0.750842,-0.1436862, -0.61649630)","(26.62567000,257.1659, 353.19880000)","(-0.87162010,-0.4481596, -0.19857320)","(-26.62567000, -102.83410000)",-6.07709,"(0.21153260, 0.64431410)"
3.640749,"(-0.18879870,0.7508579,-0.1438297, -0.61634440)","(26.66167000,257.1426, 353.17350000)","(-0.87126450,-0.4487213, -0.19886520)","(-26.66168000, -102.85740000)",-6.097733,"(0.21141780, 0.64450520)"
3.65358,"(-0.18894940,0.7509212,-0.1438594, -0.61621420)","(26.67446000,257.1211, 353.15650000)","(-0.87109240,-0.4489207, -0.19916900)","(-26.67446000, -102.87890000)",-6.112183,"(0.21132760, 0.64457090)"
3.666846,"(-0.18897970,0.7509513,-0.1439726, -0.61614190)","(26.68656000,257.1123, 353.15980000)","(-0.87096930,-0.4491094, -0.19928230)","(-26.68655000, -102.88770000)",-6.108622,"(0.21130550, 0.64463910)"
3.6799,"(-0.18892530,0.7510607,-0.1441165, -0.61599150)","(26.69450000,257.0924, 353.17050000)","(-0.87083950,-0.4492333, -0.19956980)","(-26.69450000, -102.90760000)",-6.098569,"(0.21126640, 0.64468730)"
3.69874,"(-0.18859310,0.7512208,-0.1443502, -0.61584340)","(26.69015000,257.0778, 353.21500000)","(-0.87082170,-0.4491655, -0.19980010)","(-26.69015000, -102.92220000)",-6.059128,"(0.21129950, 0.64467850)"
3.70643,"(-0.18799070,0.7514673,-0.1446228, -0.61566270)","(26.66905000,257.0613, 353.28700000)","(-0.87092540,-0.4488364, -0.20008730)","(-26.66905000, -102.93870000)",-5.996035,"(0.21137680, 0.64458610)"
3.719807,"(-0.18736320,0.751725,-0.1446415, -0.61553510)","(26.62303000,257.0467, 353.34340000)","(-0.87122520,-0.4481184, -0.20039080)","(-26.62303000, -102.95330000)",-5.948079,"(0.21143970, 0.64435060)"
3.733188,"(-0.18687850,0.7519751,-0.1447779, -0.61534490)","(26.59802000,257.0239, 353.39320000)","(-0.87133620,-0.4477283, -0.20078010)","(-26.59803000, -102.97600000)",-5.904949,"(0.21146430, 0.64422940)"
3.746718,"(-0.18625190,0.7523147,-0.1447384, -0.61512890)","(26.54595000,256.9935, 353.44160000)","(-0.87162540,-0.4469155, -0.20133440)","(-26.54596000, -103.00650000)",-5.864378,"(0.21147180, 0.64395800)"
3.760434,"(-0.18574160,0.7526402,-0.1446566, -0.61490430)","(26.49856000,256.9596, 353.47530000)","(-0.87186580,-0.4461754, -0.20193440)","(-26.49856000, -103.04040000)",-5.836705,"(0.21144410, 0.64370780)"
3.772719,"(-0.18528520,0.752972,-0.1446006, -0.61464890)","(26.45732000,256.9209, 353.50480000)","(-0.87204210,-0.445531, -0.20259480)","(-26.45732000, -103.07910000)",-5.812408,"(0.21139500, 0.64349040)"
3.786595,"(-0.18508490,0.7532725,-0.1446312, -0.61433370)","(26.44261000,256.8729, 353.51450000)","(-0.87198330,-0.4453012, -0.20335190)","(-26.44261000, -103.12710000)",-5.804478,"(0.21128090, 0.64341370)"
3.80042,"(-0.18479250,0.7536861,-0.1444869, -0.61394830)","(26.40425000,256.8097, 353.51660000)","(-0.87204850,-0.4447016, -0.20438190)","(-26.40425000, -103.19030000)",-5.804613,"(0.21111790, 0.64320450)"
3.813167,"(-0.18474540,0.7539939,-0.1442731, -0.61363480)","(26.37821000,256.754, 353.49260000)","(-0.87204620,-0.4442945, -0.20527530)","(-26.37821000, -103.24600000)",-5.827361,"(0.21092990, 0.64305510)"
3.82656,"(-0.18481440,0.7543842,-0.1440174, -0.61319420)","(26.35574000,256.6759, 353.44950000)","(-0.87193510,-0.4439431, -0.20650360)","(-26.35574000, -103.32410000)",-5.867018,"(0.21064750, 0.64292060)"
3.841826,"(-0.18505740,0.7547679,-0.1437, -0.61272300)","(26.34008000,256.5898, 353.38390000)","(-0.87174180,-0.4436982, -0.20784160)","(-26.34008000, -103.41020000)",-5.926586,"(0.21030430, 0.64281760)"
3.859194,"(-0.18536210,0.7551563,-0.143471, -0.61220580)","(26.33671000,256.4983, 353.31760000)","(-0.87143400,-0.4436455, -0.20924020)","(-26.33671000, -103.50170000)",-5.986088,"(0.20994000, 0.64278810)"
3.866753,"(-0.18563550,0.7556297,-0.1430782, -0.61163050)","(26.31519000,256.3935, 353.23940000)","(-0.87121160,-0.4433089, -0.21087360)","(-26.31519000, -103.60650000)",-6.057187,"(0.20952690, 0.64264620)"
3.88013,"(-0.18584620,0.756251,-0.142611, -0.61090730)","(26.28069000,256.2637, 353.15600000)","(-0.87099110,-0.4427691, -0.21290890)","(-26.28069000, -103.73630000)",-6.133699,"(0.20904950, 0.64240600)"
3.892663,"(-0.18602050,0.7569963,-0.1422418, -0.61001660)","(26.25099000,256.1104, 353.07760000)","(-0.87064080,-0.4423043, -0.21529400)","(-26.25100000, -103.88960000)",-6.20542,"(0.20850880, 0.64220700)"
3.906173,"(-0.18609550,0.7578768,-0.1417739, -0.60900860)","(26.20357000,255.937, 352.99700000)","(-0.87034000,-0.4415617, -0.21801740)","(-26.20357000, -104.06300000)",-6.280227,"(0.20791230, 0.64190970)"
3.920546,"(-0.18599460,0.7590758,-0.1412749, -0.60766070)","(26.13706000,255.7106, 352.91850000)","(-0.86996820,-0.4405199, -0.22158000)","(-26.13706000, -104.28940000)",-6.354157,"(0.20717640, 0.64150920)"
3.933017,"(-0.18582760,0.7605429,-0.140733, -0.60600070)","(26.05860000,255.435, 352.83220000)","(-0.86947490,-0.4392902, -0.22591480)","(-26.05860000, -104.56500000)",-6.435869,"(0.20629200, 0.64104280)"
3.946454,"(-0.18537330,0.7625014,-0.1400505, -0.60383300)","(25.94106000,255.079, 352.74510000)","(-0.86892360,-0.4374464, -0.23154320)","(-25.94107000, -104.92100000)",-6.520591,"(0.20518800, 0.64036590)"
3.960597,"(-0.18468620,0.7648242,-0.13938, -0.60125550)","(25.80371000,254.6626, 352.66770000)","(-0.86822640,-0.4352895, -0.23813000)","(-25.80372000, -105.33750000)",-6.597785,"(0.20392300, 0.63961020)"
3.97368,"(-0.18400870,0.7673576,-0.1387192, -0.59838120)","(25.66504000,254.2016, 352.58090000)","(-0.86729370,-0.4331091, -0.24539390)","(-25.66504000, -105.79840000)",-6.683603,"(0.20254770, 0.63878330)"
3.986718,"(-0.18299570,0.7703022,-0.1377638, -0.59512040)","(25.47063000,253.679, 352.49280000)","(-0.86642470,-0.4300485, -0.25370570)","(-25.47064000, -106.32100000)",-6.7739,"(0.20100790, 0.63765900)"
4.000831,"(-0.18195250,0.7734253,-0.1368476, -0.59159060)","(25.27514000,253.1189, 352.40370000)","(-0.86530290,-0.4269655, -0.26258690)","(-25.27513000, -106.88110000)",-6.865442,"(0.19934980, 0.63654330)"
4.018513,"(-0.18071370,0.7767794,-0.1357491, -0.58781670)","(25.04609000,252.5227, 352.31460000)","(-0.86414440,-0.4233473, -0.27208750)","(-25.04609000, -107.47730000)",-6.958944,"(0.19758530, 0.63526030)"
4.026351,"(-0.17920510,0.7804515,-0.1344157, -0.58370660)","(24.77250000,251.8767, 352.22700000)","(-0.86293340,-0.4190163, -0.28243800)","(-24.77250000, -108.12330000)",-7.053882,"(0.19571380, 0.63368360)"
4.040789,"(-0.17735260,0.7843638,-0.1327938, -0.57938360)","(24.44551000,251.201, 352.14970000)","(-0.86179230,-0.4138277, -0.29336100)","(-24.44551000, -108.79900000)",-7.142679,"(0.19379810, 0.63183680)"
4.054329,"(-0.17501200,0.788547,-0.1309323, -0.57482270)","(24.06008000,250.4956, 352.10120000)","(-0.86071990,-0.4076943, -0.30487130)","(-24.06008000, -109.50440000)",-7.208732,"(0.19184610, 0.62970940)"
4.06642,"(-0.17173640,0.7931604,-0.1286218, -0.56996450)","(23.56584000,249.7538, 352.11090000)","(-0.85996850,-0.3998027, -0.31719370)","(-23.56584000, -110.24620000)",-7.227486,"(0.18991760, 0.62695520)"
4.080206,"(-0.16787940,0.7980962,-0.1260429, -0.56477620)","(23.00537000,248.9723, 352.15770000)","(-0.85917140,-0.3908173, -0.33028210)","(-23.00537000, -111.02770000)",-7.215179,"(0.18794370, 0.62386490)"
4.093233,"(-0.16384350,0.80348,-0.1235492, -0.55884770)","(22.43690000,248.0935, 352.21510000)","(-0.85756050,-0.3816657, -0.34484970)","(-22.43690000, -111.90650000)",-7.192275,"(0.18570320, 0.62076430)"
4.106633,"(-0.16003740,0.8089528,-0.1212435, -0.55252460)","(21.90135000,247.1674, 352.26080000)","(-0.85512560,-0.3730097, -0.36003320)","(-21.90135000, -112.83250000)",-7.177585,"(0.18331570, 0.61778220)"
4.120475,"(-0.15677020,0.814343,-0.119046, -0.54598230)","(21.41226000,246.2154, 352.26290000)","(-0.85190800,-0.365076, -0.37546270)","(-21.41226000, -113.78460000)",-7.200099,"(0.18076670, 0.61510420)"
4.133075,"(-0.15412070,0.8194872,-0.116978, -0.53944760)","(20.97767000,245.2693, 352.22030000)","(-0.84808330,-0.3580041, -0.39062480)","(-20.97767000, -114.73070000)",-7.261176,"(0.17818530, 0.61266440)"
4.146588,"(-0.15207130,0.8244116,-0.1152217, -0.53286380)","(20.61255000,244.3229, 352.14340000)","(-0.84355440,-0.3520468, -0.40556040)","(-20.61255000, -115.67710000)",-7.350791,"(0.17551710, 0.61062550)"
4.160563,"(-0.15025110,0.829168,-0.113586, -0.52631100)","(20.27469000,243.3882, 352.05840000)","(-0.83866760,-0.3465214, -0.42019000)","(-20.27469000, -116.61180000)",-7.446661,"(0.17285490, 0.60871140)"
4.177927,"(-0.14862090,0.8336749,-0.112242, -0.51990360)","(19.97949000,242.4831, 351.98180000)","(-0.83349820,-0.3416837, -0.43420410)","(-19.97949000, -117.51690000)",-7.532728,"(0.17027960, 0.60703960)"
4.186755,"(-0.14700240,0.8378451,-0.1110841, -0.51387380)","(19.70782000,241.6398, 351.92970000)","(-0.82843410,-0.3372238, -0.44718820)","(-19.70782000, -118.36010000)",-7.594659,"(0.16788550, 0.60554440)"
4.200603,"(-0.14539750,0.8416049,-0.1099813, -0.50839440)","(19.44854000,240.8796, 351.89720000)","(-0.82375250,-0.3329602, -0.45887850)","(-19.44855000, -119.12040000)",-7.637588,"(0.16580280, 0.60406270)"
4.213161,"(-0.14358580,0.8452013,-0.1088059, -0.50316920)","(19.17301000,240.1611, 351.89160000)","(-0.81931250,-0.3284217, -0.46996410)","(-19.17301000, -119.83890000)",-7.65581,"(0.16385160, 0.60253610)"
4.226666,"(-0.14196760,0.848417,-0.1078855, -0.49839190)","(18.93981000,239.509, 351.89480000)","(-0.81505580,-0.3245747, -0.47993260)","(-18.93981000, -120.49100000)",-7.663599,"(0.16207740, 0.60127720)"
4.241802,"(-0.14029740,0.8514283,-0.1068254, -0.49393810)","(18.69345000,238.9041, 351.90560000)","(-0.81113110,-0.3205048, -0.48922690)","(-18.69346000, -121.09590000)",-7.664725,"(0.16049210, 0.59990700)"
4.255046,"(-0.13889410,0.8541006,-0.1059031, -0.48990320)","(18.48118000,238.3577, 351.90850000)","(-0.80743450,-0.3169931, -0.49755880)","(-18.48118000, -121.64230000)",-7.671558,"(0.15900450, 0.59871560)"
4.266331,"(-0.13772960,0.8564709,-0.1047896, -0.48632010)","(18.26787000,237.871, 351.88780000)","(-0.80417280,-0.3134599, -0.50502370)","(-18.26787000, -122.12900000)",-7.700795,"(0.15764910, 0.59752790)"
4.280042,"(-0.13684040,0.858691,-0.1038942, -0.48283580)","(18.09352000,237.3984, 351.85460000)","(-0.80077970,-0.3105689, -0.51215120)","(-18.09352000, -122.60160000)",-7.740071,"(0.15630000, 0.59656110)"
4.293055,"(-0.13612010,0.860724,-0.1030643, -0.47958650)","(17.93769000,236.9581, 351.81390000)","(-0.79752500,-0.3079825, -0.51874910)","(-17.93769000, -123.04190000)",-7.785632,"(0.15505080, 0.59567080)"
4.306443,"(-0.13533390,0.862593,-0.1025325, -0.47655550)","(17.81086000,236.5519, 351.80250000)","(-0.79439470,-0.3058758, -0.52476380)","(-17.81086000, -123.44810000)",-7.802051,"(0.15393700, 0.59495140)"
4.319572,"(-0.13484880,0.8643705,-0.1020856, -0.47355890)","(17.70988000,236.1487, 351.76580000)","(-0.79112840,-0.3041973, -0.53064100)","(-17.70988000, -123.85130000)",-7.841399,"(0.15278770, 0.59437390)"
4.338273,"(-0.13454910,0.8659763,-0.1017298, -0.47077910)","(17.63048000,235.7742, 351.71990000)","(-0.78799170,-0.3028769, -0.53603670)","(-17.63047000, -124.22580000)",-7.888567,"(0.15169870, 0.59392060)"
4.346566,"(-0.13426290,0.8674778,-0.1015451, -0.46812850)","(17.57061000,235.4192, 351.68500000)","(-0.78491470,-0.3018809, -0.54108850)","(-17.57061000, -124.58080000)",-7.924467,"(0.15067390, 0.59358640)"
4.35993,"(-0.13401580,0.8689618,-0.1013555, -0.46548060)","(17.51237000,235.0647, 351.64620000)","(-0.78180320,-0.3009116, -0.54610970)","(-17.51237000, -124.93530000)",-7.964003,"(0.14964490, 0.59328030)"
4.372901,"(-0.13353400,0.8704388,-0.101167, -0.46289330)","(17.44219000,234.7219, 351.63390000)","(-0.77882210,-0.2997434, -0.55099010)","(-17.44219000, -125.27810000)",-7.978827,"(0.14869050, 0.59286680)"
4.386695,"(-0.13323820,0.8719128,-0.1010114, -0.46023070)","(17.38475000,234.3677, 351.60260000)","(-0.77564500,-0.2987869, -0.55596880)","(-17.38476000, -125.63230000)",-8.011213,"(0.14767340, 0.59252080)"
4.400455,"(-0.13289900,0.8734522,-0.100653, -0.45748010)","(17.30321000,234.0017, 351.56380000)","(-0.77242060,-0.2974284, -0.56116190)","(-17.30321000, -125.99830000)",-8.051764,"(0.14661600, 0.59204490)"
4.412972,"(-0.13263020,0.875096,-0.1004028, -0.45446190)","(17.23400000,233.6006, 351.51840000)","(-0.76876260,-0.2962749, -0.56676750)","(-17.23400000, -126.39940000)",-8.098127,"(0.14544700, 0.59164120)"
4.426563,"(-0.13244450,0.8768772,-0.10029, -0.45109490)","(17.17997000,233.154, 351.46480000)","(-0.76454400,-0.2953741, -0.57291050)","(-17.17997000, -126.84600000)",-8.151698,"(0.14413410, 0.59132740)"
4.440776,"(-0.13229780,0.8787649,-0.1003272, -0.44744170)","(17.14070000,232.6708, 351.40950000)","(-0.75984600,-0.2947192, -0.57946090)","(-17.14070000, -127.32930000)",-8.20619,"(0.14271250, 0.59110630)"
4.453213,"(-0.13207790,0.8807535,-0.1004204, -0.44355880)","(17.10117000,232.1595, 351.36070000)","(-0.75480530,-0.2940599, -0.58634260)","(-17.10117000, -127.84050000)",-8.254547,"(0.14125250, 0.59086750)"
4.468063,"(-0.13186460,0.8828192,-0.1008499, -0.43939890)","(17.09439000,231.6146, 351.32300000)","(-0.74922250,-0.2939467, -0.59351600)","(-17.09439000, -128.38540000)",-8.290861,"(0.13970320, 0.59080970)"
4.480363,"(-0.13145620,0.8849741,-0.1012889, -0.43506390)","(17.07719000,231.0504, 351.30330000)","(-0.74341050,-0.2936598, -0.60091990)","(-17.07719000, -128.94960000)",-8.310425,"(0.13809880, 0.59069320)"
4.498451,"(-0.13098110,0.8871534,-0.1016214, -0.43066910)","(17.04523000,230.48, 351.28460000)","(-0.73751830,-0.2931265, -0.60839460)","(-17.04522000, -129.51990000)",-8.329753,"(0.13648010, 0.59051130)"
4.506787,"(-0.13044340,0.8893405,-0.1019645, -0.42621740)","(17.01109000,229.9045, 351.27230000)","(-0.73150360,-0.2925567, -0.61588390)","(-17.01109000, -130.09540000)",-8.342991,"(0.13485480, 0.59033610)"
4.519837,"(-0.12997430,0.8915428,-0.1018457, -0.42176490)","(16.93201000,229.3274, 351.23080000)","(-0.72556830,-0.2912368, -0.62348380)","(-16.93201000, -130.67260000)",-8.386233,"(0.13323690, 0.58987270)"
4.532971,"(-0.12938810,0.8938865,-0.1015526, -0.41702840)","(16.82623000,228.7156, 351.18910000)","(-0.71927270,-0.28947, -0.63154880)","(-16.82623000, -131.28440000)",-8.430817,"(0.13152370, 0.58927920)"
4.546441,"(-0.12890230,0.8963524,-0.1014825, -0.41187120)","(16.74487000,228.0508, 351.14010000)","(-0.71220090,-0.2881105, -0.64012690)","(-16.74487000, -131.94920000)",-8.481376,"(0.12959490, 0.58879360)"
4.560447,"(-0.12856130,0.8988757,-0.1017148, -0.40638470)","(16.69929000,227.3446, 351.08400000)","(-0.70442550,-0.2873486, -0.64901110)","(-16.69929000, -132.65540000)",-8.537113,"(0.12753520, 0.58853070)"
4.57302,"(-0.12841740,0.9014149,-0.1025615, -0.40055110)","(16.72488000,226.5952, 351.02810000)","(-0.69578420,-0.2877765, -0.65807980)","(-16.72488000, -133.40480000)",-8.589382,"(0.12540400, 0.58863740)"
4.586574,"(-0.12843100,0.9040019,-0.103888, -0.39432640)","(16.80513000,225.797, 350.96860000)","(-0.68625880,-0.2891175, -0.66742790)","(-16.80513000, -134.20300000)",-8.642679,"(0.12310350, 0.58906020)"
4.600662,"(-0.12835500,0.9066418,-0.1053813, -0.38784070)","(16.89680000,224.9688, 350.91990000)","(-0.67621270,-0.2906488, -0.67694890)","(-16.89680000, -135.03120000)",-8.684938,"(0.12069310, 0.58953970)"
4.613282,"(-0.12802290,0.9093214,-0.1068077, -0.38123060)","(16.96919000,224.1301, 350.89280000)","(-0.66597470,-0.2918575, -0.68651060)","(-16.96919000, -135.86990000)",-8.707571,"(0.11831190, 0.58994090)"
4.626693,"(-0.12735750,0.9121064,-0.108347, -0.37430330)","(17.03696000,223.258, 350.90000000)","(-0.65521120,-0.2929886, -0.69631600)","(-17.03696000, -136.74200000)",-8.697504,"(0.11591240, 0.59031450)"
4.640762,"(-0.12640540,0.914988,-0.1095664, -0.36716990)","(17.05733000,222.3652, 350.92070000)","(-0.64421260,-0.2933283, -0.70636280)","(-17.05733000, -137.63480000)",-8.676747,"(0.11344220, 0.59041980)"
4.658577,"(-0.12519580,0.9179019,-0.1108711, -0.35984680)","(17.07601000,221.455, 350.96950000)","(-0.63284700,-0.2936402, -0.71643590)","(-17.07601000, -138.54500000)",-8.629329,"(0.11096410, 0.59056480)"
4.668223,"(-0.12395010,0.9207315,-0.1121067, -0.35259310)","(17.08849000,220.5567, 351.02030000)","(-0.62149600,-0.2938483, -0.72622040)","(-17.08849000, -139.44320000)",-8.580185,"(0.10856130, 0.59065230)"
4.679826,"(-0.12270100,0.9235494,-0.11322, -0.34522780)","(17.08847000,219.6469, 351.06440000)","(-0.60988550,-0.2938481, -0.73599820)","(-17.08847000, -140.35310000)",-8.538125,"(0.10608920, 0.59064790)"
4.693529,"(-0.12162640,0.9262887,-0.1142513, -0.33785050)","(17.08814000,218.7355, 351.08530000)","(-0.59810220,-0.2938426, -0.74560740)","(-17.08814000, -141.26450000)",-8.518136,"(0.10358120, 0.59066990)"
4.706622,"(-0.12037290,0.9289687,-0.1152493, -0.33052240)","(17.07948000,217.8355, 351.12590000)","(-0.58634420,-0.293698, -0.75494500)","(-17.07948000, -142.16450000)",-8.479777,"(0.10114470, 0.59064510)"
4.719664,"(-0.11923900,0.9315673,-0.1162195, -0.32319900)","(17.07410000,216.9368, 351.15200000)","(-0.57444740,-0.2936083, -0.76407090)","(-17.07411000, -143.06330000)",-8.4551,"(0.09868884, 0.59060100)"
4.733303,"(-0.11822400,0.9340033,-0.117017, -0.31617710)","(17.05850000,216.0761, 351.16410000)","(-0.56295250,-0.2933479, -0.77267810)","(-17.05850000, -143.92390000)",-8.444246,"(0.09631681, 0.59053570)"
4.746309,"(-0.11736020,0.9363509,-0.1175444, -0.30928440)","(17.02093000,215.2311, 351.15230000)","(-0.55160740,-0.2927211, -0.78105300)","(-17.02093000, -144.76890000)",-8.457213,"(0.09393984, 0.59034500)"
4.760368,"(-0.11657350,0.9385729,-0.1180403, -0.30258570)","(16.98527000,214.4111, 351.13460000)","(-0.54047670,-0.2921258, -0.78901680)","(-16.98527000, -145.58890000)",-8.47577,"(0.09165651, 0.59011260)"
4.77304,"(-0.11568880,0.9407688,-0.1183093, -0.29592730)","(16.92229000,213.5996, 351.12190000)","(-0.52942440,-0.2910743, -0.79685980)","(-16.92229000, -146.40040000)",-8.490817,"(0.08940434, 0.58976340)"
4.787012,"(-0.11481670,0.9428387,-0.1184148, -0.28956930)","(16.84520000,212.8269, 351.10870000)","(-0.51884220,-0.2897869, -0.80425520)","(-16.84520000, -147.17310000)",-8.506923,"(0.08724993, 0.58935430)"
4.800249,"(-0.11406150,0.9447986,-0.1185752, -0.28334700)","(16.77998000,212.071, 351.08720000)","(-0.50836210,-0.2886972, -0.81130870)","(-16.77998000, -147.92900000)",-8.530416,"(0.08511746, 0.58896580)"
4.81847,"(-0.11347860,0.9466398,-0.118603, -0.27736100)","(16.70821000,211.3433, 351.04690000)","(-0.49820410,-0.2874977, -0.81800850)","(-16.70821000, -148.65670000)",-8.572124,"(0.08306676, 0.58854500)"
4.826741,"(-0.11325510,0.9482915,-0.1188197, -0.27165870)","(16.67155000,210.6462, 350.97680000)","(-0.48830930,-0.2868849, -0.82416680)","(-16.67155000, -149.35380000)",-8.640906,"(0.08104998, 0.58833230)"
4.839754,"(-0.11305910,0.9498467,-0.1189808, -0.26618130)","(16.63151000,209.9777, 350.90630000)","(-0.47875920,-0.2862154, -0.82998220)","(-16.63151000, -150.02230000)",-8.710209,"(0.07908046, 0.58807680)"
4.853091,"(-0.11265260,0.9513845,-0.1192281, -0.26069450)","(16.59467000,209.3123, 350.86260000)","(-0.46917860,-0.2855993, -0.83564600)","(-16.59468000, -150.68770000)",-8.753716,"(0.07717615, 0.58784530)"
4.866699,"(-0.11197700,0.9528928,-0.1194734, -0.25530870)","(16.55096000,208.6646, 350.85190000)","(-0.45980710,-0.2848681, -0.84108720)","(-16.55096000, -151.33540000)",-8.765938,"(0.07538652, 0.58760140)"
4.881192,"(-0.11120190,0.9543822,-0.1196427, -0.24994850)","(16.49665000,208.0228, 350.85150000)","(-0.45048390,-0.2839592, -0.84642270)","(-16.49665000, -151.97720000)",-8.768917,"(0.07362652, 0.58732250)"
4.893451,"(-0.11064600,0.9557633,-0.1198896, -0.24474540)","(16.45919000,207.3977, 350.83100000)","(-0.44130680,-0.2833324, -0.85145220)","(-16.45919000, -152.60230000)",-8.790262,"(0.07184446, 0.58708500)"
4.906615,"(-0.11008040,0.9571201,-0.1200952, -0.23954250)","(16.41717000,206.7737, 350.81080000)","(-0.43210160,-0.282629, -0.85639300)","(-16.41717000, -153.22630000)",-8.811512,"(0.07006907, 0.58684850)"
4.919594,"(-0.10950330,0.9583938,-0.1203165, -0.23455150)","(16.37897000,206.1765, 350.79630000)","(-0.42323530,-0.2819894, -0.86101910)","(-16.37897000, -153.82350000)",-8.827147,"(0.06842673, 0.58663180)"
4.933213,"(-0.10893210,0.9596553,-0.1205426, -0.22948840)","(16.34115000,205.5713, 350.78030000)","(-0.41419750,-0.281356, -0.86560920)","(-16.34115000, -154.42870000)",-8.844223,"(0.06674051, 0.58641870)"
4.946455,"(-0.10830660,0.9608676,-0.1207701, -0.22453900)","(16.30356000,204.9816, 350.77280000)","(-0.40534400,-0.2807263, -0.86999370)","(-16.30356000, -155.01840000)",-8.85306,"(0.06508970, 0.58619370)"
4.960551,"(-0.10767580,0.9620179,-0.1212108, -0.21962580)","(16.29068000,204.3965, 350.77170000)","(-0.39646490,-0.2805106, -0.87414500)","(-16.29068000, -155.60350000)",-8.854746,"(0.06345546, 0.58612440)"
4.978057,"(-0.10718470,0.963087,-0.1217158, -0.21484930)","(16.29022000,203.8262, 350.75810000)","(-0.38774500,-0.2805029, -0.87805010)","(-16.29022000, -156.17380000)",-8.867804,"(0.06185484, 0.58612980)"
4.986131,"(-0.10679660,0.9640651,-0.1222718, -0.21029180)","(16.30037000,203.281, 350.73720000)","(-0.37935340,-0.2806729, -0.88165400)","(-16.30037000, -156.71900000)",-8.887344,"(0.06032509, 0.58617140)"
5.000477,"(-0.10646160,0.9649648,-0.1229153, -0.20591430)","(16.32359000,202.7569, 350.71490000)","(-0.37122860,-0.2810619, -0.88498220)","(-16.32359000, -157.24310000)",-8.907724,"(0.05884135, 0.58627400)"
5.013093,"(-0.10595700,0.965863,-0.1233611, -0.20165270)","(16.32187000,202.2505, 350.70990000)","(-0.36339580,-0.2810329, -0.88823640)","(-16.32187000, -157.74950000)",-8.912597,"(0.05742943, 0.58626170)"
5.026319,"(-0.10551840,0.9666689,-0.1238287, -0.19769550)","(16.32728000,201.78, 350.70270000)","(-0.35607980,-0.2811237, -0.89116580)","(-16.32728000, -158.22000000)",-8.919208,"(0.05610418, 0.58630320)"
5.04059,"(-0.10499820,0.9674419,-0.1242744, -0.19387470)","(16.33002000,201.3276, 350.70680000)","(-0.34902790,-0.2811695, -0.89393690)","(-16.33002000, -158.67240000)",-8.915154,"(0.05484974, 0.58634210)"
5.053479,"(-0.10442630,0.9682052,-0.1246536, -0.19009290)","(16.32478000,200.8813, 350.71620000)","(-0.34206360,-0.2810819, -0.89665230)","(-16.32478000, -159.11870000)",-8.906401,"(0.05359966, 0.58629860)"
5.066765,"(-0.10394840,0.9688395,-0.1251159, -0.18679110)","(16.33588000,200.4911, 350.72430000)","(-0.33593010,-0.2812678, -0.89891060)","(-16.33588000, -159.50890000)",-8.898059,"(0.05253351, 0.58635540)"
5.081355,"(-0.10352380,0.969436,-0.1255258, -0.18362990)","(16.34369000,200.1173, 350.72750000)","(-0.33004500,-0.2813985, -0.90104660)","(-16.34369000, -159.88270000)",-8.894681,"(0.05150402, 0.58639950)"
5.093543,"(-0.10314480,0.9699731,-0.1258869, -0.18073670)","(16.34962000,199.7753, 350.72890000)","(-0.32465040,-0.2814979, -0.90297360)","(-16.34962000, -160.22470000)",-8.893067,"(0.05056047, 0.58643840)"
5.106767,"(-0.10269800,0.9705072,-0.1259686, -0.17804720)","(16.32450000,199.4601, 350.73670000)","(-0.31971870,-0.281077, -0.90486220)","(-16.32450000, -160.53990000)",-8.886703,"(0.04970527, 0.58631210)"
5.119828,"(-0.10237540,0.970979,-0.1261233, -0.17553340)","(16.31195000,199.1637, 350.73430000)","(-0.31505460,-0.2808668, -0.90656180)","(-16.31194000, -160.83630000)",-8.889599,"(0.04888064, 0.58624180)"
5.138711,"(-0.10217290,0.9714204,-0.1260185, -0.17326970)","(16.27458000,198.8966, 350.71770000)","(-0.31088410,-0.2802409, -0.90819390)","(-16.27458000, -161.10340000)",-8.907216,"(0.04811704, 0.58602000)"
5.146101,"(-0.10199870,0.9718667,-0.1257824, -0.17102660)","(16.22299000,198.6322, 350.69610000)","(-0.30677070,-0.2793764, -0.90985730)","(-16.22299000, -161.36780000)",-8.930346,"(0.04735565, 0.58572080)"
5.159482,"(-0.10183360,0.9723103,-0.1254876, -0.16880600)","(16.16509000,198.3709, 350.67290000)","(-0.30270600,-0.278406, -0.91151480)","(-16.16509000, -161.62910000)",-8.95515,"(0.04660052, 0.58538960)"
5.173165,"(-0.10184420,0.9727277,-0.1252171, -0.16658140)","(16.11314000,198.1062, 350.62990000)","(-0.29857130,-0.277535, -0.91314270)","(-16.11314000, -161.89380000)",-8.998922,"(0.04580665, 0.58508620)"
5.18681,"(-0.10176540,0.9731176,-0.1249362, -0.16455040)","(16.06015000,197.8664, 350.60050000)","(-0.29482550,-0.2766463, -0.91462830)","(-16.06015000, -162.13360000)",-9.02946,"(0.04512417, 0.58477990)"
5.199999,"(-0.10172660,0.9735007,-0.1246416, -0.16251980)","(16.00627000,197.6263, 350.56650000)","(-0.29106750,-0.2757425, -0.91610370)","(-16.00627000, -162.37370000)",-9.064643,"(0.04442841, 0.58447100)"
5.213268,"(-0.10148830,0.9738736,-0.1243387, -0.16065560)","(15.94948000,197.4093, 350.55870000)","(-0.28767870,-0.2747896, -0.91745940)","(-15.94948000, -162.59070000)",-9.074696,"(0.04383135, 0.58415910)"
5.226304,"(-0.10125570,0.9741794,-0.1243392, -0.15893900)","(15.92890000,197.2085, 350.55750000)","(-0.28449010,-0.2744443, -0.91855630)","(-15.92890000, -162.79150000)",-9.076731,"(0.04328030, 0.58405240)"
5.240355,"(-0.10099400,0.9744422,-0.1242714, -0.15754110)","(15.90314000,197.0465, 350.56410000)","(-0.28192800,-0.274012, -0.91947500)","(-15.90314000, -162.95350000)",-9.071707,"(0.04284108, 0.58390270)"
5.253207,"(-0.10070960,0.9746645,-0.1243595, -0.15627350)","(15.89612000,196.8996, 350.57780000)","(-0.27958010,-0.2738941, -0.92022670)","(-15.89612000, -163.10040000)",-9.058788,"(0.04245186, 0.58386530)"
5.266922,"(-0.10042850,0.9747994,-0.1245839, -0.15543210)","(15.90888000,196.8028, 350.60020000)","(-0.27800660,-0.2741083, -0.92063950)","(-15.90888000, -163.19720000)",-9.036637,"(0.04221034, 0.58394320)"
5.280956,"(-0.10001850,0.9749196,-0.124689, -0.15485760)","(15.90843000,196.7404, 350.64040000)","(-0.27700500,-0.2741007, -0.92094360)","(-15.90843000, -163.25960000)",-8.998092,"(0.04209137, 0.58395720)"
5.299505,"(-0.09934881,0.9750043,-0.1248203, -0.15464900)","(15.91012000,196.7257, 350.71740000)","(-0.27676550,-0.2741291, -0.92100720)","(-15.91012000, -163.27430000)",-8.923986,"(0.04215485, 0.58400020)"
5.306648,"(-0.09846787,0.975098,-0.1247706, -0.15466200)","(15.88966000,196.7416, 350.82020000)","(-0.27704940,-0.2737857, -0.92102390)","(-15.88966000, -163.25840000)",-8.826146,"(0.04234254, 0.58393260)"
5.320239,"(-0.09749362,0.9751217,-0.1248411, -0.15507240)","(15.88502000,196.8057, 350.94230000)","(-0.27808650,-0.2737077, -0.92073460)","(-15.88502000, -163.19430000)",-8.709037,"(0.04268813, 0.58396210)"
5.333282,"(-0.09656215,0.9751161,-0.1249205, -0.15562530)","(15.88331000,196.8861, 351.06180000)","(-0.27938020,-0.2736791, -0.92035130)","(-15.88331000, -163.11390000)",-8.594297,"(0.04307508, 0.58400730)"
5.346183,"(-0.09581435,0.9750296,-0.1250814, -0.15649730)","(15.89681000,197.0012, 351.16630000)","(-0.28120990,-0.2739056, -0.91972640)","(-15.89681000, -162.99880000)",-8.493315,"(0.04353577, 0.58413210)"
5.360247,"(-0.09522404,0.9748936,-0.1252877, -0.15753770)","(15.91954000,197.1337, 351.25590000)","(-0.28330410,-0.2742871, -0.91897020)","(-15.91953000, -162.86630000)",-8.406278,"(0.04401624, 0.58428470)"
5.372874,"(-0.09475931,0.9747073,-0.1254787, -0.15881260)","(15.94461000,197.2923, 351.33440000)","(-0.28581090,-0.2747079, -0.91806730)","(-15.94461000, -162.70770000)",-8.329753,"(0.04455429, 0.58445020)"
5.386524,"(-0.09436637,0.9744696,-0.1258549, -0.16020150)","(15.99293000,197.4627, 351.40950000)","(-0.28847010,-0.2755187, -0.91699200)","(-15.99293000, -162.53730000)",-8.25564,"(0.04511529, 0.58474470)"
5.400526,"(-0.09415945,0.9742109,-0.1261912, -0.16162610)","(16.04015000,197.6346, 351.46290000)","(-0.29115160,-0.276311, -0.91590560)","(-16.04015000, -162.36540000)",-8.202385,"(0.04565096, 0.58502640)"
5.413331,"(-0.09415212,0.9739088,-0.1266055, -0.16312010)","(16.10035000,197.8114, 351.49550000)","(-0.29388790,-0.2773206, -0.91472580)","(-16.10035000, -162.18860000)",-8.168612,"(0.04616874, 0.58537350)"
5.426518,"(-0.09434103,0.9735653,-0.1267558, -0.16493440)","(16.13671000,198.0245, 351.50630000)","(-0.29723220,-0.2779302, -0.91345920)","(-16.13671000, -161.97550000)",-8.156731,"(0.04678226, 0.58557650)"
5.440644,"(-0.09484297,0.9731236,-0.1269082, -0.16712160)","(16.18236000,198.2771, 351.48690000)","(-0.30118720,-0.2786954, -0.91192920)","(-16.18236000, -161.72290000)",-8.173419,"(0.04745668, 0.58582290)"
5.458469,"(-0.09557454,0.9725717,-0.127121, -0.16973510)","(16.24309000,198.5769, 351.44910000)","(-0.30586010,-0.2797133, -0.91006060)","(-16.24309000, -161.42310000)",-8.207123,"(0.04823428, 0.58614920)"
5.466688,"(-0.09681946,0.9718245,-0.1273279, -0.17312090)","(16.32011000,198.9609, 351.36460000)","(-0.31183060,-0.2810036, -0.90763370)","(-16.32011000, -161.03910000)",-8.284939,"(0.04918081, 0.58655740)"
5.480231,"(-0.09849622,0.9708951,-0.1273536, -0.17731970)","(16.39302000,199.4362, 351.24060000)","(-0.31923000,-0.2822246, -0.90467760)","(-16.39302000, -160.56380000)",-8.400645,"(0.05031121, 0.58689640)"
5.494743,"(-0.10070200,0.9697154,-0.1274318, -0.18240690)","(16.49207000,200.0096, 351.07150000)","(-0.32810020,-0.2838826, -0.90097770)","(-16.49207000, -159.99040000)",-8.558297,"(0.05164289, 0.58736820)"
5.506349,"(-0.10378660,0.9681019,-0.1276891, -0.18895120)","(16.64574000,200.7435, 350.82930000)","(-0.33934310,-0.2864533, -0.89598600)","(-16.64574000, -159.25650000)",-8.783331,"(0.05331779, 0.58811940)"
5.520411,"(-0.10724210,0.9661349,-0.1278625, -0.19680870)","(16.81468000,201.6307, 350.56670000)","(-0.35286300,-0.2892771, -0.88983510)","(-16.81468000, -158.36930000)",-9.026521,"(0.05541587, 0.58895940)"
5.532941,"(-0.11064990,0.9639276,-0.1281474, -0.20537400)","(17.00762000,202.6054, 350.32670000)","(-0.36757230,-0.2924988, -0.88279950)","(-17.00762000, -157.39460000)",-9.246414,"(0.05774212, 0.58989780)"
5.546872,"(-0.11379340,0.9613333,-0.1288918, -0.21511970)","(17.26397000,203.7282, 350.15180000)","(-0.38426950,-0.2967744, -0.87422120)","(-17.26396000, -156.27180000)",-9.400361,"(0.06056726, 0.59124430)"
5.560238,"(-0.11649960,0.9585487,-0.1295158, -0.22547250)","(17.50742000,204.936, 350.04070000)","(-0.40207570,-0.3008294, -0.86477570)","(-17.50742000, -155.06400000)",-9.493533,"(0.06372833, 0.59253320)"
5.573092,"(-0.11889320,0.9555606,-0.1304956, -0.23609140)","(17.79018000,206.185, 349.98430000)","(-0.42016930,-0.3055322, -0.85446350)","(-17.79019000, -153.81510000)",-9.532174,"(0.06704712, 0.59407710)"
5.586953,"(-0.12114110,0.9524589,-0.1316027, -0.24663240)","(18.08617000,207.4317, 349.95220000)","(-0.43792940,-0.310447, -0.84370630)","(-18.08617000, -152.56820000)",-9.546558,"(0.07041860, 0.59569460)"
5.600718,"(-0.12327060,0.9493861,-0.1328877, -0.25653700)","(18.39525000,208.6077, 349.93220000)","(-0.45434310,-0.3155704, -0.83305930)","(-18.39525000, -151.39230000)",-9.548452,"(0.07356942, 0.59739700)"
5.619054,"(-0.12494480,0.9464074,-0.1342966, -0.26583110)","(18.70085000,209.7215, 349.96210000)","(-0.46960970,-0.3206271, -0.82259650)","(-18.70085000, -150.27850000)",-9.502867,"(0.07666802, 0.59911080)"
5.626763,"(-0.12629190,0.9435661,-0.136051, -0.27426900)","(19.02751000,210.7402, 350.02830000)","(-0.48321760,-0.3260221, -0.81253320)","(-19.02751000, -149.25980000)",-9.421727,"(0.07947612, 0.60094270)"
5.64028,"(-0.12711430,0.9409487,-0.1382308, -0.28169090)","(19.37503000,211.6471, 350.15260000)","(-0.49497110,-0.33175, -0.80308510)","(-19.37503000, -148.35290000)",-9.284614,"(0.08213079, 0.60291590)"
5.653869,"(-0.12774190,0.9385659,-0.1406862, -0.28806850)","(19.73579000,212.4323, 350.29120000)","(-0.50479950,-0.3376833, -0.79444800)","(-19.73579000, -147.56770000)",-9.133403,"(0.08443540, 0.60500350)"
5.666774,"(-0.12845620,0.9362298,-0.1430845, -0.29410810)","(20.08903000,213.1778, 350.41600000)","(-0.51394540,-0.34348, -0.78605460)","(-20.08903000, -146.82220000)",-8.995909,"(0.08659279, 0.60698680)"
5.680002,"(-0.12941960,0.9340007,-0.1455827, -0.29949790)","(20.45493000,213.8412, 350.50550000)","(-0.52178000,-0.3494705, -0.77821330)","(-20.45493000, -146.15880000)",-8.890836,"(0.08849144, 0.60903810)"
5.693305,"(-0.13082390,0.9317597,-0.1479451, -0.30466570)","(20.81880000,214.4714, 350.53890000)","(-0.52904090,-0.3554137, -0.77058210)","(-20.81880000, -145.52860000)",-8.838223,"(0.09018749, 0.61108050)"
5.708029,"(-0.13294530,0.929416,-0.1501283, -0.30979490)","(21.18834000,215.0854, 350.48660000)","(-0.53593900,-0.3614348, -0.76297710)","(-21.18834000, -144.91460000)",-8.86488,"(0.09172904, 0.61311190)"
5.719474,"(-0.13547990,0.9268817,-0.1518697, -0.31539030)","(21.53002000,215.7519, 350.38630000)","(-0.54350850,-0.3669886, -0.75492910)","(-21.53001000, -144.24810000)",-8.937163,"(0.09337837, 0.61495970)"
5.732898,"(-0.13822370,0.9241121,-0.1532854, -0.32158160)","(21.85174000,216.4919, 350.26880000)","(-0.55197950,-0.3722061, -0.74617790)","(-21.85173000, -143.50810000)",-9.02589,"(0.09517443, 0.61668530)"
5.746577,"(-0.14109980,0.9209529,-0.1543864, -0.32878800)","(22.15720000,217.3615, 350.15410000)","(-0.56202870,-0.377149, -0.73612670)","(-22.15720000, -142.63850000)",-9.112359,"(0.09731138, 0.61831170)"
5.760936,"(-0.14414530,0.9173765,-0.1554829, -0.33684930)","(22.48139000,218.3421, 350.04590000)","(-0.57321100,-0.3823833, -0.72471510)","(-22.48139000, -141.65790000)",-9.190797,"(0.09981716, 0.62002970)"
5.778388,"(-0.14703660,0.9135075,-0.1562672, -0.34563710)","(22.77697000,219.4239, 349.96800000)","(-0.58553020,-0.3871451, -0.71223140)","(-22.77697000, -140.57620000)",-9.242566,"(0.10262720, 0.62164890)"
5.786658,"(-0.14963450,0.9094426,-0.1569648, -0.35480370)","(23.05925000,220.5668, 349.93610000)","(-0.59837260,-0.3916828, -0.69895270)","(-23.05925000, -139.43320000)",-9.252448,"(0.10567820, 0.62318020)"
5.800438,"(-0.15163920,0.9051426,-0.1570295, -0.36477960)","(23.25961000,221.8311, 349.97380000)","(-0.61273150,-0.3948979, -0.68455510)","(-23.25961000, -138.16890000)",-9.203873,"(0.10918300, 0.62429860)"
5.812992,"(-0.15349660,0.900463,-0.1567386, -0.37555040)","(23.42611000,223.2084, 350.03970000)","(-0.62822090,-0.3975661, -0.66878980)","(-23.42611000, -136.79160000)",-9.131982,"(0.11307750, 0.62528200)"
5.826697,"(-0.15528840,0.8950259,-0.1560548, -0.38789310)","(23.56672000,224.8015, 350.14320000)","(-0.64588180,-0.3998167, -0.65037180)","(-23.56672000, -135.19850000)",-9.027545,"(0.11759980, 0.62608260)"
5.84072,"(-0.15736720,0.8887994,-0.1549936, -0.40155730)","(23.69703000,226.5739, 350.23810000)","(-0.66502590,-0.4019004, -0.62945750)","(-23.69703000, -133.42610000)",-8.931754,"(0.12265320, 0.62686220)"
5.853489,"(-0.16026060,0.8815126,-0.1537265, -0.41667770)","(23.86467000,228.5395, 350.27770000)","(-0.68534060,-0.4045778, -0.60549580)","(-23.86467000, -131.46050000)",-8.884006,"(0.12807990, 0.62782820)"
5.866223,"(-0.16366700,0.8736334,-0.1523579, -0.43216290)","(24.05865000,230.5631, 350.27260000)","(-0.70523200,-0.4076715, -0.58004460)","(-24.05865000, -129.43690000)",-8.875222,"(0.13366800, 0.62887160)"
5.879854,"(-0.16743130,0.8645435,-0.1506322, -0.44926750)","(24.26132000,232.8208, 350.26510000)","(-0.72638150,-0.410899, -0.55093740)","(-24.26132000, -127.17920000)",-8.867782,"(0.13991270, 0.63001120)"
5.893309,"(-0.17126470,0.8544335,-0.1488943, -0.46737820)","(24.48980000,235.2455, 350.28990000)","(-0.74768640,-0.4145312, -0.51877640)","(-24.48980000, -124.75450000)",-8.829151,"(0.14657960, 0.63126130)"
5.908013,"(-0.17522320,0.8427998,-0.1470129, -0.48720890)","(24.74280000,237.9435, 350.35870000)","(-0.76971900,-0.4185456, -0.48202930)","(-24.74280000, -122.05650000)",-8.748867,"(0.15409930, 0.63268700)"
5.920617,"(-0.17882550,0.8301219,-0.145165, -0.50778570)","(25.00007000,240.7992, 350.50740000)","(-0.79112960,-0.4226193, -0.44216190)","(-25.00006000, -119.20080000)",-8.596102,"(0.16220610, 0.63419010)"
5.939148,"(-0.18226110,0.8164412,-0.1434087, -0.52880870)","(25.27302000,243.7757, 350.71260000)","(-0.81120680,-0.4269321, -0.39959060)","(-25.27302000, -116.22430000)",-8.391665,"(0.17075350, 0.63581500)"
5.946795,"(-0.18594270,0.8010997,-0.1415215, -0.55103190)","(25.57336000,246.9849, 350.94580000)","(-0.83023330,-0.4316664, -0.35267090)","(-25.57336000, -113.01510000)",-8.160773,"(0.17990530, 0.63756870)"
5.95968,"(-0.19014210,0.7842605,-0.1394926, -0.57386700)","(25.91451000,250.3516, 351.16530000)","(-0.84707560,-0.4370295, -0.30243690)","(-25.91451000, -109.64840000)",-7.94028,"(0.18949440, 0.63957980)"
5.973008,"(-0.19381030,0.7661606,-0.1372178, -0.59716560)","(26.21467000,253.8776, 351.46840000)","(-0.86186120,-0.4417355, -0.24912910)","(-26.21466000, -106.12240000)",-7.648526,"(0.19968210, 0.64133950)"
5.986877,"(-0.19674270,0.7465113,-0.1346522, -0.62119400)","(26.45338000,257.6182, 351.88040000)","(-0.87447310,-0.4454695, -0.19197370)","(-26.45338000, -102.38180000)",-7.264526,"(0.21068550, 0.64286750)"
5.999662,"(-0.19919110,0.7253131,-0.1320826, -0.64559900)","(26.66656000,261.5373, 352.38590000)","(-0.88390340,-0.4487976, -0.13151230)","(-26.66656000, -98.46272000)",-6.800168,"(0.22234620, 0.64425980)"
6.013175,"(-0.20094020,0.701864,-0.1291614, -0.67106430)","(26.80754000,265.7605, 353.00370000)","(-0.89008440,-0.450995, -0.06598006)","(-26.80754000, -94.23946000)",-6.241176,"(0.23505710, 0.64527830)"
6.026958,"(-0.20265870,0.6766619,-0.1262623, -0.69650270)","(26.94779000,270.136, 353.66380000)","(-0.89141740,-0.4531784, 0.00211623)","(-26.94779000, -89.86398000)",-5.645836,"(0.24826810, 0.64627770)"
6.039764,"(-0.20444710,0.6499767,-0.1231451, -0.72150330)","(27.07146000,274.6033, 354.32360000)","(-0.88756730,-0.4551014, 0.07146328)","(-27.07146000, -85.39671000)",-5.052685,"(0.26173030, 0.64716170)"
6.053254,"(-0.20632310,0.6215915,-0.1197973, -0.74612560)","(27.18183000,279.1925, 354.98710000)","(-0.87813680,-0.4568159, 0.14210950)","(-27.18183000, -80.80748000)",-4.458126,"(0.27559240, 0.64798250)"
6.066918,"(-0.20837560,0.5916092,-0.1160434, -0.77013770)","(27.27492000,283.8759, 355.62420000)","(-0.86287990,-0.4582605, 0.21315630)","(-27.27492000, -76.12408000)",-3.888467,"(0.28965990, 0.64862970)"
6.080511,"(-0.20978100,0.5594929,-0.1115474, -0.79405090)","(27.25641000,288.7616, 356.28540000)","(-0.84173070,-0.4579735, 0.28591920)","(-27.25642000, -71.23840000)",-3.301678,"(0.30432030, 0.64866100)"
6.099033,"(-0.21086870,0.5259873,-0.1065228, -0.81702180)","(27.16973000,293.7104, 356.92230000)","(-0.81456150,-0.456628, 0.35774340)","(-27.16973000, -66.28962000)",-2.737811,"(0.31915590, 0.64828840)"
6.107472,"(-0.21138410,0.491295,-0.1011697, -0.83887460)","(27.00434000,298.7019, 357.55770000)","(-0.78149840,-0.4540579, 0.42789210)","(-27.00434000, -61.29807000)",-2.175828,"(0.33413660, 0.64744200)"
6.120521,"(-0.21169510,0.4558194,-0.09549972, -0.85924020)","(26.79856000,303.6672, 358.14620000)","(-0.74288300,-0.4508552, 0.49482770)","(-26.79856000, -56.33278000)",-1.654694,"(0.34887740, 0.64639340)"
6.133068,"(-0.21215760,0.4198585,-0.08973254, -0.87787010)","(26.60541000,308.567, 358.67950000)","(-0.69908770,-0.4478436, 0.55741590)","(-26.60541000, -51.43298000)",-1.18068,"(0.36343560, 0.64535000)"
6.146547,"(-0.21266700,0.3826618,-0.08363576, -0.89518030)","(26.40792000,313.5141, 359.16700000)","(-0.64952950,-0.444759, 0.61668540)","(-26.40792000, -46.48585000)",-0.7459858,"(0.37799450, 0.64430300)"
6.160078,"(-0.21288190,0.3444497,-0.07718308, -0.91108640)","(26.17274000,318.4911, 359.61610000)","(-0.59478520,-0.441079, 0.67207140)","(-26.17274000, -41.50893000)",-0.3443497,"(0.39255630, 0.64297850)"
6.172895,"(-0.21292790,0.3051608,-0.07035185, -0.92552110)","(25.91745000,323.5073, 0.01718322)","(-0.53490570,-0.4370758, 0.72307720)","(-25.91746000, -36.49266000)",0,"(0.40712500, 0.64161170)"
6.186565,"(-0.21274260,0.2663021,-0.06386504, -0.93794720)","(25.66429000,328.3934, 0.41296380)","(-0.47238110,-0.4330974, 0.76764760)","(-25.66429000, -31.60656000)",0.3727285,"(0.42137140, 0.64016340)"
6.200566,"(-0.21275670,0.2273315,-0.05765679, -0.94854130)","(25.45687000,333.2262, 0.80257150)","(-0.40673280,-0.4298315, 0.80611000)","(-25.45687000, -26.77380000)",0.7246976,"(0.43543580, 0.63899970)"
6.213233,"(-0.21284510,0.1880058,-0.05148418, -0.95744460)","(25.27310000,338.0448, 1.17568900)","(-0.33809400,-0.4269334, 0.83870160)","(-25.27310000, -21.95515000)",1.063121,"(0.44942000, 0.63796520)"
6.226746,"(-0.21344800,0.1487826,-0.04565599, -0.96447870)","(25.17078000,342.8082, 1.55462000)","(-0.26750490,-0.4253178, 0.86460730)","(-25.17078000, -17.19179000)",1.406948,"(0.46328120, 0.63737820)"
6.240757,"(-0.21422550,0.1099954,-0.03998344, -0.96974720)","(25.10543000,347.4862, 1.92513700)","(-0.19620450,-0.4242852, 0.88401690)","(-25.10543000, -12.51376000)",1.74316,"(0.47683650, 0.63697580)"
6.25834,"(-0.21475050,0.07113089,-0.03447873, -0.97346480)","(25.02472000,352.1551, 2.31344400)","(-0.12367820,-0.4230091, 0.89764520)","(-25.02471000, -7.84486000)",2.096112,"(0.49042090, 0.63649500)"
6.266538,"(-0.21540640,0.03359786,-0.02926829, -0.97550740)","(24.97531000,356.6519, 2.69537800)","(-0.05294078,-0.4222277, 0.90494260)","(-24.97531000, -3.34809100)",2.443124,"(0.50356590, 0.63618990)"
6.280526,"(-0.21596220,-0.003569,-0.02428296, -0.97609320)","(24.92460000,1.102925, 3.09394600)","(0.01745575,-0.4214252, 0.90669510)","(-24.92460000, 1.10292600)",2.805539,"(-0.48344210, 0.63583090)"
6.292797,"(-0.21647330,-0.04021319,-0.01956082, -0.97526380)","(24.87651000,5.49701, 3.51137900)","(0.08690573,-0.4206639, 0.90304450)","(-24.87651000, 5.49701000)",3.185183,"(-0.47057030, 0.63549790)"
6.306153,"(-0.21715400,-0.07530925,-0.01524469, -0.97310860)","(24.85559000,9.719654, 3.94189000)","(0.15318900,-0.4203326, 0.89434530)","(-24.85559000, 9.71965600)",3.576262,"(-0.45814750, 0.63529990)"
6.32059,"(-0.21768180,-0.1094058,-0.01074098, -0.96980910)","(24.82634000,13.82551, 4.32628300)","(0.21688160,-0.4198694, 0.88129000)","(-24.82634000, 13.82551000)",3.925806,"(-0.44613020, 0.63504420)"
6.332823,"(-0.21791820,-0.142494,-0.00611783, -0.96548930)","(24.77475000,17.8172, 4.66963500)","(0.27781920,-0.4190519, 0.86441420)","(-24.77475000, 17.81720000)",4.239007,"(-0.43452840, 0.63468180)"
6.346899,"(-0.21772360,-0.1745429,-0.0012783, -0.96027580)","(24.68966000,21.68842, 4.95385300)","(0.33577530,-0.4177031, 0.84426250)","(-24.68966000, 21.68842000)",4.50002,"(-0.42331160, 0.63416810)"
6.35929,"(-0.21720720,-0.2059897,0.00361795, -0.95413640)","(24.58111000,25.50122, 5.21024900)","(0.39151280,-0.4159811, 0.82077860)","(-24.58112000, 25.50122000)",4.736896,"(-0.41237760, 0.63348010)"
6.373184,"(-0.21663960,-0.2363051,0.00819657, -0.94718530)","(24.47333000,29.20508, 5.47624400)","(0.44409810,-0.4142695, 0.79445430)","(-24.47332000, 29.20509000)",4.982872,"(-0.40165100, 0.63282170)"
6.386667,"(-0.21627590,-0.2655567,0.01255357, -0.93943960)","(24.39491000,32.81304, 5.75234500)","(0.49351890,-0.4130236, 0.76540880)","(-24.39492000, 32.81304000)",5.237271,"(-0.39120460, 0.63228850)"
6.400314,"(-0.21590970,-0.2938754,0.01740561, -0.93097650)","(24.34587000,36.3233, 5.95318100)","(0.53966620,-0.4122439, 0.73404050)","(-24.34587000, 36.32330000)",5.422132,"(-0.38115050, 0.63194790)"
6.41864,"(-0.21513490,-0.3223643,0.02269403, -0.92156560)","(24.27731000,39.87308, 6.10055900)","(0.58439520,-0.4111534, 0.69959640)","(-24.27731000, 39.87309000)",5.559293,"(-0.37106040, 0.63152250)"
6.426877,"(-0.21377930,-0.3511642,0.0291442, -0.91111620)","(24.20636000,43.46634, 6.10726500)","(0.62744200,-0.4100243, 0.66196420)","(-24.20636000, 43.46634000)",5.568522,"(-0.36106540, 0.63113240)"
6.440566,"(-0.21207610,-0.3799233,0.0361765, -0.89965180)","(24.14692000,47.08228, 6.04233900)","(0.66825290,-0.4090778, 0.62136410)","(-24.14692000, 47.08228000)",5.511889,"(-0.35111950, 0.63083200)"
6.452786,"(-0.21041750,-0.4086892,0.04273907, -0.88705750)","(24.09425000,50.76505, 6.04703400)","(0.70707550,-0.4082388, 0.57739530)","(-24.09425000, 50.76505000)",5.518463,"(-0.34090540, 0.63054650)"
6.466549,"(-0.20913790,-0.4358145,0.04856739, -0.87405280)","(24.07473000,54.30983, 6.12329400)","(0.74153520,-0.4079278, 0.53265420)","(-24.07473000, 54.30983000)",5.588827,"(-0.33096740, 0.63041750)"
6.480508,"(-0.20848800,-0.4624893,0.0541662, -0.86005950)","(24.12488000,57.87864, 6.26999200)","(0.77295070,-0.4087268, 0.48527270)","(-24.12488000, 57.87864000)",5.72043,"(-0.32079700, 0.63062790)"
6.49333,"(-0.20798500,-0.4884805,0.05965224, -0.84532280)","(24.19898000,61.42646, 6.44226400)","(0.80103390,-0.4099069, 0.43625800)","(-24.19899000, 61.42646000)",5.87403,"(-0.31065960, 0.63099550)"
6.506644,"(-0.20764770,-0.5129053,0.06483366, -0.83042590)","(24.29150000,64.83205, 6.63588000)","(0.82493450,-0.4113791, 0.38762120)","(-24.29150000, 64.83205000)",6.046043,"(-0.30089470, 0.63144420)"
6.521599,"(-0.20662270,-0.5368433,0.06999926, -0.81498860)","(24.32723000,68.21222, 6.79114600)","(0.84611550,-0.4119475, 0.33821270)","(-24.32723000, 68.21223000)",6.185673,"(-0.29122230, 0.63158660)"
6.533252,"(-0.20465760,-0.5597498,0.07507143, -0.79947460)","(24.28524000,71.47583, 6.87295800)","(0.86428370,-0.4112796, 0.28959070)","(-24.28525000, 71.47583000)",6.262188,"(-0.28206210, 0.63135590)"
6.54709,"(-0.20204820,-0.5821115,0.08015721, -0.78351620)","(24.20087000,74.70239, 6.90263900)","(0.87979630,-0.4099368, 0.24064550)","(-24.20087000, 74.70239000)",6.293388,"(-0.27304700, 0.63085060)"
6.560519,"(-0.19902240,-0.6038372,0.08466233, -0.76720470)","(24.05581000,77.89175, 6.94707100)","(0.89283410,-0.4076263, 0.19154150)","(-24.05581000, 77.89175000)",6.341123,"(-0.26418130, 0.63004020)"
6.578555,"(-0.19624840,-0.6241456,0.08845764, -0.75106870)","(23.90447000,80.94657, 7.04318500)","(0.90283300,-0.4052129, 0.14385780)","(-23.90447000, 80.94657000)",6.436357,"(-0.25555920, 0.62916040)"
6.587026,"(-0.19355150,-0.6438654,0.09223197, -0.73448510)","(23.77157000,83.98174, 7.14044800)","(0.91011590,-0.4030913, 0.09595031)","(-23.77157000, 83.98174000)",6.531889,"(-0.24701050, 0.62841690)"
6.599699,"(-0.19125310,-0.6625788,0.09602746, -0.71776770)","(23.69089000,86.94374, 7.25163600)","(0.91442420,-0.4018021, 0.04882313)","(-23.69088000, 86.94376000)",6.637642,"(-0.23865030, 0.62790380)"
6.613173,"(-0.18926810,-0.6804852,0.0997702, -0.70083050)","(23.64533000,89.86021, 7.38496600)","(0.91604290,-0.401074, 0.00223485)","(-23.64533000, 89.86021000)",6.761931,"(-0.23033080, 0.62761310)"
6.626717,"(-0.18798050,-0.6973905,0.1036913, -0.68378210)","(23.68462000,92.71513, 7.55396600)","(0.91474240,-0.401702, -0.04338036)","(-23.68462000, 92.71514000)",6.914436,"(-0.22210120, 0.62774990)"
6.640584,"(-0.18700750,-0.7132282,0.1078291, -0.66686330)","(23.78028000,95.47636, 7.72103600)","(0.91092170,-0.4032304, -0.08733267)","(-23.78028000, 95.47637000)",7.062026,"(-0.21416700, 0.62824830)"
6.653285,"(-0.18608210,-0.7282856,0.1121738, -0.64991590)","(23.90771000,98.17855, 7.87361000)","(0.90490170,-0.4052646, -0.13005280)","(-23.90771000, 98.17857000)",7.19432,"(-0.20638320, 0.62886390)"
6.666524,"(-0.18518250,-0.7421634,0.116883, -0.63343460)","(24.08519000,100.7444, 7.98347700)","(0.89693450,-0.4080946, -0.17019810)","(-24.08519000, 100.74440000)",7.284484,"(-0.19908700, 0.62980500)"
6.680745,"(-0.18458230,-0.7550247,0.1217263, -0.61729240)","(24.31137000,103.2106, 8.10257300)","(0.88720490,-0.4116952, -0.20826580)","(-24.31137000, 103.21060000)",7.379828,"(-0.19199110, 0.63100500)"
6.692959,"(-0.18461190,-0.7667591,0.1265031, -0.60166100)","(24.59128000,105.5656, 8.27571900)","(0.87595000,-0.4161424, -0.24400220)","(-24.59128000, 105.56560000)",7.520527,"(-0.18509130, 0.63247620)"
6.706367,"(-0.18563280,-0.7768056,0.1313155, -0.58725610)","(24.96352000,107.7095, 8.51080400)","(0.86361470,-0.4220412, -0.27577310)","(-24.96352000, 107.70950000)",7.710601,"(-0.17866330, 0.63443950)"
6.720848,"(-0.18721860,-0.7856204,0.1368024, -0.57361570)","(25.45059000,109.708, 8.74105700)","(0.85006440,-0.4297326, -0.30450050)","(-25.45059000, 109.70800000)",7.887049,"(-0.17261790, 0.63706480)"
6.739512,"(-0.18795380,-0.7935599,0.143358, -0.56070010)","(25.99531000,111.5483, 8.80227600)","(0.83600880,-0.4382977, -0.33012790)","(-25.99532000, 111.54840000)",7.905718,"(-0.16729470, 0.64002570)"
6.746686,"(-0.18742510,-0.8012478,0.1510664, -0.54777070)","(26.57797000,113.3353, 8.67224800)","(0.82117290,-0.4474152, -0.35425250)","(-26.57796000, 113.33530000)",7.749827,"(-0.16233710, 0.64331270)"
6.760286,"(-0.18606220,-0.8083177,0.1590508, -0.53544960)","(27.15382000,114.9967, 8.43156500)","(0.80644010,-0.456381, -0.37599310)","(-27.15382000, 114.99670000)",7.496614,"(-0.15796380, 0.64658800)"
6.772729,"(-0.18491480,-0.8146161,0.1662331, -0.52399780)","(27.68578000,116.5342, 8.24958100)","(0.79223630,-0.4646223, -0.39558570)","(-27.68578000, 116.53420000)",7.299551,"(-0.15381730, 0.64965020)"
6.78634,"(-0.18392320,-0.8201202,0.1722907, -0.51370350)","(28.13575000,117.9157, 8.12718100)","(0.77922070,-0.4715622, -0.41284960)","(-28.13574000, 117.91570000)",7.161468,"(-0.15005540, 0.65214150)"
6.800491,"(-0.18253810,-0.8252801,0.1774328, -0.50409350)","(28.48287000,119.2004, 8.00507400)","(0.76726020,-0.476896, -0.42881470)","(-28.48287000, 119.20040000)",7.030902,"(-0.14661840, 0.65413210)"
6.812947,"(-0.18049670,-0.8302771,0.1821938, -0.49483970)","(28.76228000,120.421, 7.82899900)","(0.75593730,-0.4811766, -0.44387820)","(-28.76228000, 120.42100000)",6.858097,"(-0.14339400, 0.65578470)"
6.82653,"(-0.17793700,-0.8351449,0.1863976, -0.48592930)","(28.96450000,121.5855, 7.62249700)","(0.74530880,-0.4842677, -0.45825730)","(-28.96450000, 121.58550000)",6.664385,"(-0.14048000, 0.65695330)"
6.840477,"(-0.17516640,-0.8398526,0.1902591, -0.47724810)","(29.12883000,122.7122, 7.40792800)","(0.73498220,-0.4867748, -0.47207140)","(-29.12882000, 122.71220000)",6.46672,"(-0.13773200, 0.65796960)"
6.853494,"(-0.17262130,-0.8444612,0.1938322, -0.46852560)","(29.28292000,123.8487, 7.23944600)","(0.72438430,-0.4891226, -0.48582570)","(-29.28292000, 123.84870000)",6.310313,"(-0.13475700, 0.65887530)"
6.866907,"(-0.17009640,-0.8489516,0.1972545, -0.45982500)","(29.42923000,124.9791, 7.08340500)","(0.71363390,-0.4913482, -0.49930330)","(-29.42923000, 124.97910000)",6.165546,"(-0.13183620, 0.65975280)"
6.880729,"(-0.16715610,-0.8536862,0.2004086, -0.45068290)","(29.52748000,126.1629, 6.91478300)","(0.70248460,-0.4928409, -0.51344260)","(-29.52748000, 126.16290000)",6.013109,"(-0.12888260, 0.66036550)"
6.898799,"(-0.16388240,-0.8585891,0.2034049, -0.44112770)","(29.59518000,127.3942, 6.73388700)","(0.69082600,-0.4938686, -0.52806540)","(-29.59518000, 127.39420000)",5.852031,"(-0.12570810, 0.66078310)"
6.906612,"(-0.16060420,-0.8635374,0.2060479, -0.43133940)","(29.63085000,128.658, 6.58113100)","(0.67877100,-0.49441, -0.54298120)","(-29.63085000, 128.65800000)",5.717449,"(-0.12243220, 0.66105770)"
6.91975,"(-0.15787030,-0.8683105,0.2081609, -0.42164300)","(29.64512000,129.9245, 6.51567000)","(0.66650930,-0.4946265, -0.55777240)","(-29.64512000, 129.92450000)",5.659809,"(-0.11909030, 0.66115560)"
6.93292,"(-0.15550470,-0.8729168,0.2097777, -0.41210180)","(29.63048000,131.1805, 6.51234100)","(0.65421830,-0.4944044, -0.57233100)","(-29.63048000, 131.18050000)",5.657731,"(-0.11556050, 0.66105930)"
6.948087,"(-0.15335340,-0.8773043,0.2109444, -0.40289260)","(29.58372000,132.3967, 6.54335300)","(0.64222070,-0.4936947, -0.58636000)","(-29.58372000, 132.39670000)",5.687306,"(-0.11214400, 0.66080320)"
6.960663,"(-0.15102070,-0.8815609,0.2121252, -0.39375890)","(29.53361000,133.5908, 6.54779400)","(0.63017430,-0.4929341, -0.59991360)","(-29.53361000, 133.59080000)",5.694022,"(-0.10887220, 0.66052210)"
6.972928,"(-0.14858880,-0.8855406,0.2134372, -0.38494650)","(29.49924000,134.729, 6.52061700)","(0.61834280,-0.492412, -0.61252160)","(-29.49924000, 134.72900000)",5.672261,"(-0.10571670, 0.66033350)"
6.986655,"(-0.14607080,-0.8892276,0.214918, -0.37649410)","(29.48605000,135.8068, 6.46085000)","(0.60679150,-0.4922116, -0.62412490)","(-29.48605000, 135.80680000)",5.6211,"(-0.10283590, 0.66029100)"
7.000323,"(-0.14339580,-0.8925968,0.2164195, -0.36860720)","(29.47634000,136.7973, 6.36035700)","(0.59596790,-0.4920641, -0.63458280)","(-29.47634000, 136.79730000)",5.534243,"(-0.10032130, 0.66028790)"
7.013618,"(-0.14045930,-0.895782,0.2178987, -0.36106230)","(29.45952000,137.7302, 6.21697100)","(0.58565450,-0.4918086, -0.64430840)","(-29.45952000, 137.73020000)",5.410518,"(-0.09794831, 0.66021070)"
7.026423,"(-0.13741840,-0.8987984,0.2193478, -0.35378550)","(29.44133000,138.6202, 6.05221000)","(0.57567890,-0.4915321, -0.65344480)","(-29.44133000, 138.62030000)",5.268233,"(-0.09573936, 0.66016880)"
7.040641,"(-0.13439650,-0.9015141,0.2203015, -0.34738610)","(29.37903000,139.3956, 5.87941900)","(0.56713150,-0.4905848, -0.66158030)","(-29.37903000, 139.39560000)",5.121052,"(-0.09389329, 0.65989490)"
7.058596,"(-0.13138750,-0.9040483,0.2210566, -0.34142040)","(29.30171000,140.1125, 5.70017200)","(0.55923290,-0.4894085, -0.66913210)","(-29.30172000, 140.11250000)",4.968855,"(-0.09227419, 0.65952280)"
7.066593,"(-0.12836490,-0.9064285,0.2216664, -0.33581810)","(29.21341000,140.7795, 5.51142400)","(0.55188170,-0.4880639, -0.67618040)","(-29.21341000, 140.77950000)",4.808683,"(-0.09080315, 0.65910480)"
7.080623,"(-0.12537480,-0.9086372,0.2221921, -0.33059070)","(29.12257000,141.3958, 5.31568100)","(0.54505940,-0.4866796, -0.68268090)","(-29.12257000, 141.39580000)",4.642031,"(-0.08942604, 0.65863040)"
7.092889,"(-0.12232960,-0.9107984,0.2227808, -0.32534660)","(29.03973000,142.0098, 5.11015400)","(0.53814510,-0.4854159, -0.68903640)","(-29.03973000, 142.00980000)",4.46629,"(-0.08807552, 0.65822260)"
7.106462,"(-0.11924170,-0.9128017,0.2233927, -0.32042190)","(28.96281000,142.5774, 4.88646100)","(0.53168790,-0.4842418, -0.69485090)","(-28.96281000, 142.57740000)",4.274068,"(-0.08688188, 0.65785960)"
7.119532,"(-0.11614870,-0.9147356,0.224142, -0.31548150)","(28.90421000,143.1432, 4.65626400)","(0.52509680,-0.4833468, -0.70046350)","(-28.90422000, 143.14320000)",4.075109,"(-0.08569467, 0.65760650)"
7.132925,"(-0.11335340,-0.9165325,0.2249561, -0.31066690)","(28.86774000,143.6979, 4.45418500)","(0.51847350,-0.4827894, -0.70576170)","(-28.86774000, 143.69790000)",3.899731,"(-0.08453822, 0.65744690)"
7.148104,"(-0.11093690,-0.9181049,0.2258521, -0.30621420)","(28.85880000,144.2121, 4.28149200)","(0.51216290,-0.4826528, -0.71044730)","(-28.85880000, 144.21210000)",3.748887,"(-0.08343506, 0.65744040)"
7.160552,"(-0.10880710,-0.9194863,0.2267192, -0.30216630)","(28.86098000,144.6796, 4.13034000)","(0.50633810,-0.482686, -0.71458810)","(-28.86097000, 144.67960000)",3.616551,"(-0.08242071, 0.65749610)"
7.17358,"(-0.10669440,-0.9207833,0.227297, -0.29851390)","(28.83456000,145.0983, 3.97865600)","(0.50123060,-0.4822822, -0.71845110)","(-28.83456000, 145.09830000)",3.484701,"(-0.08154416, 0.65739510)"
7.186519,"(-0.10446230,-0.9220369,0.227679, -0.29512350)","(28.78442000,145.4808, 3.81076900)","(0.49666170,-0.4815153, -0.72212900)","(-28.78442000, 145.48080000)",3.339355,"(-0.08076227, 0.65712740)"
7.200693,"(-0.10213880,-0.9232204,0.2277025, -0.29220420)","(28.69389000,145.8027, 3.62895100)","(0.49302330,-0.4801299, -0.72553640)","(-28.69389000, 145.80270000)",3.182723,"(-0.08019042, 0.65665700)"
7.218743,"(-0.10023020,-0.9242212,0.2276307, -0.28974720)","(28.61000000,146.0759, 3.48460700)","(0.48995000,-0.4788451, -0.72846170)","(-28.61000000, 146.07590000)",3.058639,"(-0.07968593, 0.65621690)"
7.226801,"(-0.09875326,-0.9250722,0.2273984, -0.28771370)","(28.52520000,146.3071, 3.38363700)","(0.48739930,-0.4775452, -0.73102150)","(-28.52520000, 146.30710000)",2.972494,"(-0.07922125, 0.65576450)"
7.24056,"(-0.09762772,-0.9257731,0.2270217, -0.28613650)","(28.43822000,146.4897, 3.31475200)","(0.48546770,-0.4762109, -0.73317410)","(-28.43822000, 146.48970000)",2.914435,"(-0.07883549, 0.65529540)"
7.253021,"(-0.09636327,-0.9264204,0.2267894, -0.28465050)","(28.36354000,146.654, 3.22048800)","(0.48370370,-0.4750644, -0.73508120)","(-28.36355000, 146.65400000)",2.833518,"(-0.07854319, 0.65489920)"
7.266757,"(-0.09508429,-0.9269977,0.2266158, -0.28333630)","(28.29597000,146.7943, 3.11641600)","(0.48220910,-0.4740263, -0.73673150)","(-28.29597000, 146.79430000)",2.743667,"(-0.07833433, 0.65454380)"
7.281001,"(-0.09383228,-0.9275187,0.2265217, -0.28212140)","(28.23899000,146.921, 3.00925700)","(0.48083570,-0.4731503, -0.73819080)","(-28.23899000, 146.92100000)",2.650775,"(-0.07816768, 0.65424680)"
7.293057,"(-0.09260430,-0.9280508,0.2263935, -0.28087740)","(28.17916000,147.0526, 2.90709100)","(0.47940700,-0.4722302, -0.73970770)","(-28.17916000, 147.05260000)",2.562237,"(-0.07796621, 0.65393810)"
7.306499,"(-0.09123565,-0.9286631,0.2261745, -0.27947440)","(28.10416000,147.2025, 2.79638300)","(0.47780490,-0.4710759, -0.74147830)","(-28.10416000, 147.20250000)",2.466407,"(-0.07775021, 0.65353630)"
7.321002,"(-0.08969085,-0.9292984,0.2261662, -0.27786480)","(28.04700000,147.3715, 2.66344200)","(0.47586850,-0.4701957, -0.74328000)","(-28.04700000, 147.37150000)",2.350437,"(-0.07752967, 0.65323010)"
7.333419,"(-0.08834331,-0.9299054,0.2262306, -0.27620870)","(28.00499000,147.5509, 2.55302300)","(0.47372400,-0.4695485, -0.74505700)","(-28.00499000, 147.55090000)",2.253857,"(-0.07723141, 0.65300730)"
7.347939,"(-0.08722090,-0.9304596,0.2263698, -0.27457990)","(27.97941000,147.7317, 2.46602700)","(0.47148260,-0.4691542, -0.74672510)","(-27.97941000, 147.73170000)",2.177717,"(-0.07688630, 0.65287290)"
7.360065,"(-0.08629427,-0.9310006,0.2264924, -0.27293280)","(27.95865000,147.9203, 2.40372900)","(0.46911120,-0.4688343, -0.74841790)","(-27.95865000, 147.92030000)",2.122924,"(-0.07647634, 0.65276220)"
7.378499,"(-0.08534375,-0.9315194,0.2265128, -0.27144060)","(27.92618000,148.0894, 2.33703600)","(0.46704150,-0.4683336, -0.75002380)","(-27.92619000, 148.08940000)",2.064785,"(-0.07612908, 0.65258760)"
7.386735,"(-0.08414539,-0.9321473,0.226305, -0.26982770)","(27.85974000,148.2705, 2.25231400)","(0.46495340,-0.4673088, -0.75195810)","(-27.85974000, 148.27050000)",1.991151,"(-0.07578278, 0.65222610)"
7.399851,"(-0.08295961,-0.9327706,0.2258441, -0.26842360)","(27.76578000,148.4282, 2.17103200)","(0.46328340,-0.4658582, -0.75388650)","(-27.76578000, 148.42820000)",1.920913,"(-0.07549739, 0.65171070)"
7.41287,"(-0.08199073,-0.9333623,0.2252199, -0.26718600)","(27.66086000,148.5722, 2.11599900)","(0.46183080,-0.4642371, -0.75577540)","(-27.66086000, 148.57220000)",1.874088,"(-0.07520437, 0.65113150)"
7.42662,"(-0.08116765,-0.9339114,0.224516, -0.26610890)","(27.55210000,148.7002, 2.07590400)","(0.46059740,-0.4625551, -0.75755730)","(-27.55210000, 148.70030000)",1.840156,"(-0.07492924, 0.65052940)"
7.440569,"(-0.08039670,-0.9344391,0.223711, -0.26516680)","(27.43394000,148.8134, 2.04104300)","(0.45959310,-0.4607257, -0.75927990)","(-27.43394000, 148.81340000)",1.811321,"(-0.07468939, 0.64987120)"
7.453692,"(-0.07944851,-0.9349802,0.2228514, -0.26426730)","(27.30419000,148.9169, 1.98514700)","(0.45875900,-0.4587145, -0.76100020)","(-27.30419000, 148.91690000)",1.763918,"(-0.07450438, 0.64915690)"
7.466324,"(-0.07836618,-0.9355975,0.2217641, -0.26331860)","(27.14438000,149.0262, 1.92227300)","(0.45796290,-0.4562344, -0.76296790)","(-27.14439000, 149.02620000)",1.710521,"(-0.07430458, 0.64828560)"
7.480798,"(-0.07718363,-0.9362506,0.2205231, -0.26238730)","(26.96421000,149.1326, 1.85180000)","(0.45727900,-0.4534338, -0.76504480)","(-26.96421000, 149.13260000)",1.650312,"(-0.07412863, 0.64729840)"
7.493483,"(-0.07612459,-0.9369445,0.2191446, -0.26137270)","(26.77233000,149.2549, 1.80312000)","(0.45641880,-0.4504464, -0.76732000)","(-26.77233000, 149.25490000)",1.609611,"(-0.07386875, 0.64624490)"
7.506819,"(-0.07532611,-0.9375415,0.2180451, -0.26038090)","(26.62054000,149.3771, 1.77513000)","(0.45538690,-0.4480796, -0.76931640)","(-26.62054000, 149.37710000)",1.586713,"(-0.07357156, 0.64541160)"
7.520756,"(-0.07468285,-0.9381149,0.2170693, -0.25931430)","(26.48763000,149.5113, 1.76350800)","(0.45411040,-0.4460046, -0.77127410)","(-26.48763000, 149.51130000)",1.578304,"(-0.07321119, 0.64468200)"
7.538942,"(-0.07417131,-0.9386464,0.2162999, -0.25817790)","(26.38221000,149.6549, 1.76251700)","(0.45258910,-0.4443571, -0.77311710)","(-26.38221000, 149.65490000)",1.5788,"(-0.07284379, 0.64408700)"
7.547729,"(-0.07371195,-0.939199,0.2155192, -0.25694990)","(26.27700000,149.8117, 1.77060700)","(0.45088150,-0.4427113, -0.77505650)","(-26.27700000, 149.81170000)",1.587699,"(-0.07241249, 0.64349840)"
7.560087,"(-0.07335389,-0.9397336,0.2146586, -0.25581560)","(26.16604000,149.9598, 1.79031700)","(0.44930500,-0.4409739, -0.77696010)","(-26.16604000, 149.95980000)",1.606691,"(-0.07198453, 0.64287780)"
7.573881,"(-0.07343298,-0.9402882,0.2133866, -0.25481740)","(26.02184000,150.1066, 1.87148200)","(0.44786440,-0.4387137, -0.77906850)","(-26.02184000, 150.10660000)",1.681559,"(-0.07146084, 0.64206760)"
7.586224,"(-0.07359420,-0.9407644,0.2121232, -0.25406680)","(25.88151000,150.2231, 1.95435300)","(0.44681200,-0.4365115, -0.78090760)","(-25.88152000, 150.22310000)",1.758139,"(-0.07101536, 0.64127950)"
7.599907,"(-0.07367155,-0.9412372,0.210787, -0.25340450)","(25.73049000,150.3265, 2.02653800)","(0.44596940,-0.4341385, -0.78271000)","(-25.73049000, 150.32660000)",1.82542,"(-0.07062221, 0.64043310)"
7.613195,"(-0.07356054,-0.9417073,0.2095429, -0.25272120)","(25.58418000,150.4264, 2.07344700)","(0.44515070,-0.4318368, -0.78444770)","(-25.58418000, 150.42640000)",1.870116,"(-0.07027841, 0.63961600)"
7.626307,"(-0.07328926,-0.9421542,0.2080671, -0.25235350)","(25.40742000,150.4841, 2.09918300)","(0.44501380,-0.4290521, -0.78605160)","(-25.40742000, 150.48410000)",1.895995,"(-0.07008886, 0.63862680)"
7.640752,"(-0.07296412,-0.9425937,0.2064635, -0.25212340)","(25.21489000,150.5242, 2.11839800)","(0.44517090,-0.4260144, -0.78761330)","(-25.21489000, 150.52420000)",1.916425,"(-0.06994474, 0.63756250)"
7.653408,"(-0.07244819,-0.9430194,0.2048369, -0.25200700)","(25.01436000,150.5451, 2.11219900)","(0.44561480,-0.4228453, -0.78906860)","(-25.01436000, 150.54500000)",1.913871,"(-0.06989479, 0.63645550)"
7.666863,"(-0.07195321,-0.943469,0.2031959, -0.25179440)","(24.81267000,150.5787, 2.11156900)","(0.44587920,-0.4196528, -0.79062200)","(-24.81267000, 150.57870000)",1.916425,"(-0.06979275, 0.63534510)"
7.680845,"(-0.07154661,-0.9438835,0.2016674, -0.25158540)","(24.62650000,150.6127, 2.11762500)","(0.44607740,-0.4167012, -0.79207000)","(-24.62650000, 150.61270000)",1.924883,"(-0.06971025, 0.63430550)"
7.698372,"(-0.07110983,-0.9442908,0.2002795, -0.25128940)","(24.45526000,150.6553, 2.11790500)","(0.44609680,-0.4139825, -0.79348350)","(-24.45526000, 150.65530000)",1.927728,"(-0.06961107, 0.63334990)"
7.706666,"(-0.07090250,-0.9447255,0.1991919, -0.25057760)","(24.32402000,150.7528, 2.14718200)","(0.44520770,-0.4118965, -0.79506700)","(-24.32402000, 150.75280000)",1.956548,"(-0.06931114, 0.63261460)"
7.720432,"(-0.07061851,-0.9452616,0.1981296, -0.24947580)","(24.19251000,150.8975, 2.17690100)","(0.44365650,-0.4098038, -0.79701290)","(-24.19251000, 150.89750000)",1.98564,"(-0.06887937, 0.63187890)"
7.733482,"(-0.07019554,-0.9458884,0.1972343, -0.24792400)","(24.07484000,151.094, 2.19670000)","(0.44132700,-0.4079296, -0.79926460)","(-24.07484000, 151.09400000)",2.005548,"(-0.06831765, 0.63122370)"
7.746482,"(-0.06979384,-0.9467159,0.1963117, -0.24560030)","(23.95291000,151.3887, 2.24013000)","(0.43762480,-0.4059856, -0.80228440)","(-23.95291000, 151.38870000)",2.047175,"(-0.06744528, 0.63054780)"
7.761744,"(-0.06939754,-0.9478024,0.1949563, -0.24258340)","(23.78023000,151.7749, 2.31500000)","(0.43278330,-0.4032295, -0.80629070)","(-23.78023000, 151.77490000)",2.11831,"(-0.06627607, 0.62960680)"
7.77325,"(-0.06922077,-0.9491408,0.1931432, -0.23882180)","(23.55962000,152.2635, 2.44765900)","(0.42661200,-0.3997031, -0.81131980)","(-23.55962000, 152.26350000)",2.243325,"(-0.06467652, 0.62835860)"
7.786818,"(-0.06914685,-0.9508992,0.1909613, -0.23354490)","(23.29514000,152.9464, 2.64010700)","(0.41774670,-0.3954677, -0.81798110)","(-23.29515000, 152.94640000)",2.424708,"(-0.06252813, 0.62683170)"
7.800411,"(-0.06917486,-0.9527717,0.1888546, -0.22754070)","(23.03857000,153.7189, 2.85721900)","(0.40746070,-0.3913508, -0.82511820)","(-23.03858000, 153.71890000)",2.629124,"(-0.06007695, 0.62537310)"
7.813654,"(-0.06954923,-0.9546975,0.1867037, -0.22103680)","(22.78269000,154.5583, 3.12493100)","(0.39607640,-0.387237, -0.83256900)","(-22.78269000, 154.55830000)",2.88086,"(-0.05732989, 0.62395940)"
7.826987,"(-0.07031194,-0.9566234,0.1845624, -0.21416050)","(22.53387000,155.4485, 3.44310300)","(0.38378800,-0.3832295, -0.84014410)","(-22.53387000, 155.44850000)",3.179954,"(-0.05441153, 0.62247820)"
7.840988,"(-0.07119847,-0.9584268,0.1825707, -0.20740480)","(22.30241000,156.3211, 3.76454700)","(0.37156720,-0.3794951, -0.84730250)","(-22.30241000, 156.32110000)",3.482621,"(-0.05150843, 0.62114900)"
7.858819,"(-0.07209442,-0.9601326,0.1805826, -0.20084240)","(22.06918000,157.1658, 4.07794800)","(0.35963270,-0.3757257, -0.85410450)","(-22.06917000, 157.16580000)",3.778646,"(-0.04870665, 0.61980250)"
7.866601,"(-0.07270754,-0.9616592,0.1786573, -0.19495310)","(21.83680000,157.9167, 4.33598600)","(0.34897750,-0.371964, -0.86014960)","(-21.83680000, 157.91680000)",4.024382,"(-0.04625702, 0.61844200)"
7.880487,"(-0.07287569,-0.963114,0.1766639, -0.18944760)","(21.58660000,158.6076, 4.52978700)","(0.33917030,-0.3679071, -0.86579900)","(-21.58660000, 158.60760000)",4.211428,"(-0.04405618, 0.61702840)"
7.89333,"(-0.07254973,-0.9645561,0.1745529, -0.18411830)","(21.31208000,159.2635, 4.65956000)","(0.32985730,-0.3634476, -0.87126390)","(-21.31207000, 159.26350000)",4.34032,"(-0.04208446, 0.61548860)"
7.906404,"(-0.07184573,-0.9658102,0.1727193, -0.17949050)","(21.06455000,159.8219, 4.71926200)","(0.32188920,-0.3594195, -0.87590250)","(-21.06455000, 159.82190000)",4.403221,"(-0.04047370, 0.61408240)"
7.920752,"(-0.07074577,-0.9669675,0.1711705, -0.17512740)","(20.84320000,160.337, 4.71772500)","(0.31446590,-0.3558117, -0.88006200)","(-20.84320000, 160.33710000)",4.408378,"(-0.03906071, 0.61285110)"
7.93322,"(-0.06956764,-0.9680079,0.1699868, -0.17095470)","(20.66375000,160.8253, 4.69365700)","(0.30731980,-0.352883, -0.88375790)","(-20.66375000, 160.82530000)",4.391061,"(-0.03774381, 0.61186840)"
7.946204,"(-0.06794183,-0.9689108,0.1695131, -0.16691670)","(20.55873000,161.2853, 4.59869300)","(0.30042080,-0.3511673, -0.88680830)","(-20.55873000, 161.28540000)",4.305207,"(-0.03662705, 0.61131410)"
7.960528,"(-0.06594902,-0.9697618,0.1694984, -0.16273620)","(20.50020000,161.7537, 4.45412200)","(0.29327420,-0.3502106, -0.88957430)","(-20.50020000, 161.75370000)",4.171525,"(-0.03556585, 0.61103750)"
7.975527,"(-0.06403050,-0.9705322,0.1696955, -0.15865270)","(20.46941000,162.2109, 4.31211300)","(0.28622380,-0.3497072, -0.89206540)","(-20.46941000, 162.21090000)",4.039342,"(-0.03451073, 0.61087910)"
7.986984,"(-0.06232423,-0.9712436,0.1699975, -0.15460420)","(20.45608000,162.6677, 4.19261400)","(0.27912660,-0.3494892, -0.89439680)","(-20.45608000, 162.66770000)",3.927751,"(-0.03342092, 0.61081840)"
8.000523,"(-0.06084528,-0.9719167,0.1702861, -0.15059340)","(20.44656000,163.1244, 4.09952000)","(0.27200620,-0.3493336, -0.89664860)","(-20.44656000, 163.12440000)",3.840787,"(-0.03229189, 0.61078050)"
8.018458,"(-0.05935543,-0.9725941,0.1705085, -0.14650740)","(20.43002000,163.5897, 4.00779900)","(0.26474330,-0.3490632, -0.89892490)","(-20.43003000, 163.58970000)",3.755358,"(-0.03114319, 0.61070910)"
8.026577,"(-0.05799417,-0.9732678,0.1706435, -0.14236320)","(20.40636000,164.0647, 3.93395400)","(0.25732240,-0.3486761, -0.90122700)","(-20.40636000, 164.06470000)",3.686634,"(-0.02992785, 0.61060760)"
8.040463,"(-0.05711692,-0.9738911,0.1707467, -0.13827250)","(20.38782000,164.543, 3.91701000)","(0.24981970,-0.3483729, -0.90345260)","(-20.38783000, 164.54300000)",3.671252,"(-0.02860487, 0.61051360)"
8.052799,"(-0.05672436,-0.9744567,0.1707426, -0.13440080)","(20.36565000,165.0048, 3.95460100)","(0.24256490,-0.3480101, -0.90556690)","(-20.36565000, 165.00480000)",3.707078,"(-0.02727890, 0.61036770)"
8.067076,"(-0.05663878,-0.9749557,0.1707357, -0.13077770)","(20.34876000,165.4426, 4.02331100)","(0.23566440,-0.3477337, -0.90749310)","(-20.34876000, 165.44260000)",3.771851,"(-0.02596664, 0.61025710)"
8.080636,"(-0.05659226,-0.9754132,0.1707184, -0.12736410)","(20.33189000,165.8555, 4.09216100)","(0.22914250,-0.3474576, -0.90926720)","(-20.33189000, 165.85550000)",3.836808,"(-0.02472234, 0.61015670)"
8.093419,"(-0.05664868,-0.9757801,0.1708061, -0.12437570)","(20.33019000,166.2188, 4.16257600)","(0.22337480,-0.3474298, -0.91071190)","(-20.33019000, 166.21880000)",3.902793,"(-0.02361083, 0.61014770)"
8.106526,"(-0.05674613,-0.9760121,0.1709845, -0.12224850)","(20.34304000,166.4785, 4.21804000)","(0.21922650,-0.3476402, -0.91163930)","(-20.34304000, 166.47850000)",3.954532,"(-0.02280223, 0.61020500)"
8.119896,"(-0.05678795,-0.9761527,0.1712753, -0.12068880)","(20.37048000,166.6682, 4.25315800)","(0.21616860,-0.3480891, -0.91219800)","(-20.37048000, 166.66820000)",3.986737,"(-0.02221608, 0.61034310)"
8.133855,"(-0.05673620,-0.9761323,0.1715593, -0.12047490)","(20.40169000,166.6929, 4.24798300)","(0.21573170,-0.3485997, -0.91210640)","(-20.40169000, 166.69290000)",3.981035,"(-0.02215195, 0.61051650)"
8.146393,"(-0.05659884,-0.9759915,0.1717101, -0.12146090)","(20.42153000,166.5705, 4.20812900)","(0.21765250,-0.3489242, -0.91152580)","(-20.42153000, 166.57050000)",3.943176,"(-0.02255225, 0.61063870)"
8.160735,"(-0.05636546,-0.9755977,0.1722264, -0.12397620)","(20.48874000,166.2603, 4.11848900)","(0.22248650,-0.3500233, -0.90993600)","(-20.48874000, 166.26030000)",3.857524,"(-0.02354670, 0.61104390)"
8.179842,"(-0.05653214,-0.975064,0.1725411, -0.12760840)","(20.54269000,165.823, 4.05451500)","(0.22934450,-0.3509053, -0.90789130)","(-20.54270000, 165.82300000)",3.796276,"(-0.02484298, 0.61133530)"
8.187119,"(-0.05668451,-0.9743261,0.1727914, -0.13273500)","(20.59490000,165.2035, 3.95637900)","(0.23906530,-0.3517584, -0.90504910)","(-20.59490000, 165.20350000)",3.703115,"(-0.02669191, 0.61163940)"
8.200294,"(-0.05628063,-0.9735303,0.1731502, -0.13816750)","(20.65171000,164.534, 3.78276100)","(0.24953050,-0.3526863, -0.90185750)","(-20.65171000, 164.53400000)",3.539335,"(-0.02881205, 0.61200310)"
8.213084,"(-0.05508918,-0.9726188,0.173558, -0.14441390)","(20.70294000,163.7476, 3.49550700)","(0.26179710,-0.3535229, -0.89804430)","(-20.70294000, 163.74760000)",3.269562,"(-0.03143692, 0.61231890)"
8.226447,"(-0.05346062,-0.9716224,0.1741066, -0.15092700)","(20.76090000,162.9176, 3.14694000)","(0.27467240,-0.354469, -0.89381620)","(-20.76089000, 162.91760000)",2.942444,"(-0.03426147, 0.61270030)"
8.240456,"(-0.05181042,-0.9705238,0.1749005, -0.15750900)","(20.84318000,162.0764, 2.78875300)","(0.28760910,-0.3558114, -0.88920150)","(-20.84318000, 162.07640000)",2.606018,"(-0.03710485, 0.61321520)"
8.253419,"(-0.05037516,-0.9693422,0.1757898, -0.16412150)","(20.93670000,161.2337, 2.45212400)","(0.30046890,-0.3573363, -0.88432410)","(-20.93670000, 161.23370000)",2.290124,"(-0.03995776, 0.61376750)"
8.266486,"(-0.04909305,-0.9680991,0.1766906, -0.17074680)","(21.03099000,160.3905, 2.13147800)","(0.31325100,-0.358873, -0.87925210)","(-21.03099000, 160.39050000)",1.989381,"(-0.04277110, 0.61434700)"
8.280561,"(-0.04775333,-0.966903,0.1774868, -0.17696510)","(21.10796000,159.5947, 1.81379500)","(0.32526510,-0.3601264, -0.87436350)","(-21.10796000, 159.59470000)",1.692117,"(-0.04543352, 0.61478950)"
8.293218,"(-0.04612342,-0.9657434,0.1782337, -0.18288030)","(21.16937000,158.8284, 1.46837600)","(0.33678930,-0.3611261, -0.86957520)","(-21.16937000, 158.82850000)",1.369022,"(-0.04810810, 0.61516900)"
8.306554,"(-0.04460178,-0.9646727,0.1787506, -0.18832260)","(21.20284000,158.1228, 1.15094300)","(0.34739430,-0.3616707, -0.86516560)","(-21.20284000, 158.12280000)",1.072832,"(-0.05053878, 0.61536630)"
8.319682,"(-0.04330026,-0.9635783,0.1791172, -0.19380130)","(21.22125000,157.4175, 0.86175810)","(0.35797380,-0.3619703, -0.86071630)","(-21.22124000, 157.41750000)",0.8035691,"(-0.05291104, 0.61548220)"
8.339273,"(-0.04241806,-0.9624923,0.1794148, -0.19904680)","(21.23887000,156.7494, 0.62887540)","(0.36794110,-0.3622571, -0.85638140)","(-21.23888000, 156.74940000)",0.5861744,"(-0.05514193, 0.61560340)"
8.346792,"(-0.04157285,-0.961422,0.1796889, -0.20408670)","(21.25274000,156.1068, 0.40537370)","(0.37748650,-0.3624827, -0.85212100)","(-21.25274000, 156.10680000)",0.3774237,"(-0.05727339, 0.61566760)"
8.359884,"(-0.04061284,-0.9603758,0.1797848, -0.20906070)","(21.24169000,155.4708, 0.17429440)","(0.38695050,-0.362303, -0.84794220)","(-21.24170000, 155.47090000)",0.1619255,"(-0.05938613, 0.61559770)"
8.373004,"(-0.03964090,-0.9593934,0.179797, -0.21369560)","(21.21903000,154.8768, 359.95200000)","(0.39578180,-0.3619342, -0.84401430)","(-21.21903000, 154.87680000)",-0.04423466,"(-0.06137228, 0.61548590)"
8.387377,"(-0.03876471,-0.9583952,0.179745, -0.21832910)","(21.18991000,154.2852, 359.74290000)","(0.40455570,-0.3614604, -0.84004830)","(-21.18991000, 154.28520000)",-0.2390311,"(-0.06330776, 0.61534270)"
8.400204,"(-0.03814083,-0.957385,0.1795861, -0.22295300)","(21.15384000,153.7007, 359.56700000)","(0.41320460,-0.3608734, -0.83608150)","(-21.15384000, 153.70070000)",-0.4039677,"(-0.06520951, 0.61511140)"
8.413186,"(-0.03792350,-0.9563445,0.1795528, -0.22743720)","(21.14191000,153.1402, 359.43860000)","(0.42139810,-0.3606791, -0.83206620)","(-21.14191000, 153.14020000)",-0.5237671,"(-0.06696749, 0.61503880)"
8.426559,"(-0.03810197,-0.9552616,0.17952, -0.23193970)","(21.14024000,152.5849, 359.35610000)","(0.42944600,-0.3606519, -0.82795320)","(-21.14024000, 152.58490000)",-0.6006827,"(-0.06864178, 0.61504170)"
8.440782,"(-0.03835511,-0.9542375,0.1793685, -0.23619200)","(21.12714000,152.0631, 359.29170000)","(0.43700720,-0.3604387, -0.82408050)","(-21.12714000, 152.06310000)",-0.660568,"(-0.07018423, 0.61497870)"
8.453044,"(-0.03851887,-0.9532766,0.1789208, -0.24034900)","(21.07796000,151.5544, 359.22820000)","(0.44445440,-0.3596379, -0.82043990)","(-21.07795000, 151.55440000)",-0.7200928,"(-0.07166624, 0.61469310)"
8.466826,"(-0.03864183,-0.9523879,0.1783474, -0.24424630)","(21.01351000,151.0783, 359.17030000)","(0.45145110,-0.358588, -0.81707190)","(-21.01351000, 151.07830000)",-0.774302,"(-0.07305336, 0.61433590)"
8.480873,"(-0.03895173,-0.95152,0.1777, -0.24802250)","(20.94625000,150.6218, 359.13980000)","(0.45815330,-0.3574919, -0.81381520)","(-20.94625000, 150.62180000)",-0.8033255,"(-0.07439017, 0.61395460)"
8.498309,"(-0.03942173,-0.950673,0.1770162, -0.25165850)","(20.87992000,150.1861, 359.13280000)","(0.46453330,-0.3564106, -0.81066660)","(-20.87992000, 150.18610000)",-0.8101172,"(-0.07562828, 0.61359290)"
8.50674,"(-0.04027132,-0.9498058,0.1765492, -0.25510310)","(20.84993000,149.7789, 359.16760000)","(0.47037700,-0.3559215, -0.80750560)","(-20.84994000, 149.77890000)",-0.7778319,"(-0.07672536, 0.61344100)"
8.520067,"(-0.04122487,-0.9489337,0.1763271, -0.25832930)","(20.85135000,149.3976, 359.21140000)","(0.47573660,-0.3559447, -0.80434940)","(-20.85135000, 149.39760000)",-0.7367479,"(-0.07770801, 0.61343090)"
8.533687,"(-0.04225965,-0.9481336,0.1760906, -0.26124500)","(20.85444000,149.0565, 359.27220000)","(0.48050730,-0.3559951, -0.80148640)","(-20.85444000, 149.05650000)",-0.6801254,"(-0.07855761, 0.61344190)"
8.546314,"(-0.04331223,-0.9473323,0.1759903, -0.26403220)","(20.87401000,148.7297, 359.33330000)","(0.48500730,-0.3563142, -0.79862890)","(-20.87401000, 148.72970000)",-0.6227542,"(-0.07936692, 0.61354960)"
8.560533,"(-0.04441388,-0.9466017,0.1758803, -0.26653080)","(20.89476000,148.4398, 359.40690000)","(0.48897390,-0.3566526, -0.79605490)","(-20.89476000, 148.43980000)",-0.5542608,"(-0.08005548, 0.61366770)"
8.573526,"(-0.04538513,-0.9459043,0.1757304, -0.26893140)","(20.90743000,148.1599, 359.46890000)","(0.49281560,-0.3568592, -0.79358960)","(-20.90743000, 148.15990000)",-0.4957456,"(-0.08073366, 0.61374340)"
8.587235,"(-0.04620683,-0.945245,0.1756221, -0.27117100)","(20.92047000,147.8964, 359.51580000)","(0.49641620,-0.3570717, -0.79124650)","(-20.92047000, 147.89650000)",-0.4515415,"(-0.08138859, 0.61382300)"
8.600207,"(-0.04686647,-0.9446275,0.1757264, -0.27313500)","(20.95249000,147.6615, 359.54280000)","(0.49955030,-0.3575938, -0.78903500)","(-20.95249000, 147.66150000)",-0.4265846,"(-0.08199048, 0.61401190)"
8.613121,"(-0.04742730,-0.9440591,0.175816, -0.27493940)","(20.97992000,147.4446, 359.56250000)","(0.50244120,-0.3580407, -0.78699400)","(-20.97992000, 147.44460000)",-0.4083038,"(-0.08257711, 0.61416340)"
8.626156,"(-0.04779835,-0.9435134,0.1760289, -0.27660740)","(21.01510000,147.2394, 359.55900000)","(0.50513780,-0.3586139, -0.78500440)","(-21.01509000, 147.23940000)",-0.4111691,"(-0.08316588, 0.61435940)"
8.64071,"(-0.04806712,-0.9430663,0.1761202, -0.27802380)","(21.03350000,147.0652, 359.55370000)","(0.50745850,-0.3589137, -0.78336890)","(-21.03350000, 147.06520000)",-0.416371,"(-0.08366823, 0.61446390)"
8.658683,"(-0.04833548,-0.9426035,0.176318, -0.27941760)","(21.06382000,146.8924, 359.54500000)","(0.50971530,-0.3594076, -0.78167550)","(-21.06382000, 146.89240000)",-0.4242849,"(-0.08417904, 0.61464430)"
8.667089,"(-0.04863684,-0.9421593,0.1764362, -0.28078560)","(21.08639000,146.7244, 359.54350000)","(0.51192680,-0.3597752, -0.78005930)","(-21.08639000, 146.72440000)",-0.4256662,"(-0.08465052, 0.61476620)"
8.680529,"(-0.04894761,-0.9417189,0.1765131, -0.28215740)","(21.10470000,146.5566, 359.54430000)","(0.51414610,-0.3600733, -0.77846060)","(-21.10470000, 146.55660000)",-0.4247459,"(-0.08510792, 0.61485460)"
8.693533,"(-0.04935391,-0.9413016,0.1765729, -0.28343850)","(21.12441000,146.4022, 359.55890000)","(0.51617310,-0.3603943, -0.77696920)","(-21.12441000, 146.40230000)",-0.410693,"(-0.08551228, 0.61495880)"
8.706973,"(-0.04970941,-0.9408894,0.1766342, -0.28470420)","(21.14267000,146.2487, 359.56780000)","(0.51818950,-0.3606915, -0.77548790)","(-21.14266000, 146.24870000)",-0.4029978,"(-0.08592248, 0.61505570)"
8.72063,"(-0.05005464,-0.9404787,0.1767856, -0.28590420)","(21.17071000,146.1019, 359.57380000)","(0.52007570,-0.3611479, -0.77401130)","(-21.17071000, 146.10200000)",-0.3971285,"(-0.08631825, 0.61520850)"
8.733246,"(-0.05045304,-0.9400448,0.176874, -0.28720350)","(21.19355000,145.9445, 359.58570000)","(0.52212060,-0.3615196, -0.77245960)","(-21.19355000, 145.94450000)",-0.3861367,"(-0.08673418, 0.61533320)"
8.746366,"(-0.05083580,-0.9395734,0.1770527, -0.28856520)","(21.22596000,145.7774, 359.59100000)","(0.52425500,-0.3620468, -0.77076490)","(-21.22595000, 145.77740000)",-0.3810355,"(-0.08718610, 0.61551210)"
8.759877,"(-0.05130529,-0.9390844,0.1771186, -0.29002980)","(21.24881000,145.6005, 359.60780000)","(0.52655070,-0.3624187, -0.76902350)","(-21.24881000, 145.60060000)",-0.365305,"(-0.08764720, 0.61563930)"
8.773373,"(-0.05171980,-0.9385785,0.1771186, -0.29158940)","(21.26249000,145.4113, 359.61850000)","(0.52903810,-0.3626413, -0.76720930)","(-21.26249000, 145.41130000)",-0.3544303,"(-0.08815134, 0.61571670)"
8.786711,"(-0.05212086,-0.93799,0.1770603, -0.29344160)","(21.26921000,145.1855, 359.62270000)","(0.53203350,-0.3627504, -0.76508350)","(-21.26920000, 145.18550000)",-0.3511023,"(-0.08876562, 0.61575730)"
8.801679,"(-0.05266256,-0.9373537,0.176926, -0.29545200)","(21.27244000,144.9433, 359.64220000)","(0.53525130,-0.3628031, -0.76281070)","(-21.27244000, 144.94330000)",-0.332791,"(-0.08940220, 0.61578150)"
8.818869,"(-0.05325111,-0.9366084,0.1768027, -0.29777470)","(21.27861000,144.662, 359.65910000)","(0.53896670,-0.3629035, -0.76014210)","(-21.27862000, 144.66200000)",-0.3171355,"(-0.09014976, 0.61582650)"
8.827034,"(-0.05405583,-0.9356864,0.1767972, -0.30051900)","(21.30564000,144.3295, 359.68620000)","(0.54326930,-0.363343, -0.75686220)","(-21.30564000, 144.32950000)",-0.2914124,"(-0.09105468, 0.61597430)"
8.839987,"(-0.05497307,-0.9346313,0.1767875, -0.30362560)","(21.33650000,143.9528, 359.71730000)","(0.54811890,-0.3638447, -0.75311540)","(-21.33650000, 143.95280000)",-0.2624426,"(-0.09207582, 0.61615000)"
8.85305,"(-0.05562877,-0.9333886,0.1765265, -0.30745660)","(21.33022000,143.4819, 359.71080000)","(0.55431290,-0.3637425, -0.74861760)","(-21.33022000, 143.48190000)",-0.2690692,"(-0.09339917, 0.61610670)"
8.866973,"(-0.05597713,-0.931952,0.176187, -0.31191400)","(21.30397000,142.9259, 359.65720000)","(0.56165290,-0.3633158, -0.74333590)","(-21.30396000, 142.92590000)",-0.3177519,"(-0.09501207, 0.61594300)"
8.88082,"(-0.05604365,-0.9303967,0.1753412, -0.31698030)","(21.21098000,142.2936, 359.57750000)","(0.57018140,-0.3618032, -0.73755790)","(-21.21098000, 142.29360000)",-0.3936644,"(-0.09687710, 0.61542390)"
8.89322,"(-0.05599130,-0.9286615,0.1741543, -0.32268100)","(21.07536000,141.5826, 359.48430000)","(0.57982050,-0.3595954, -0.73109450)","(-21.07536000, 141.58260000)",-0.4809199,"(-0.09898829, 0.61469300)"
8.906651,"(-0.05564598,-0.9265922,0.1725707, -0.32946910)","(20.88372000,140.7325, 359.35050000)","(0.59136120,-0.3564726, -0.72333910)","(-20.88372000, 140.73250000)",-0.6068404,"(-0.10155390, 0.61360660)"
8.92074,"(-0.05527473,-0.9241611,0.1708777, -0.33715240)","(20.67760000,139.7681, 359.20030000)","(0.60427590,-0.3531091, -0.71425830)","(-20.67760000, 139.76820000)",-0.7483428,"(-0.10446000, 0.61244580)"
8.933173,"(-0.05516630,-0.9214757,0.1694005, -0.34517050)","(20.50447000,138.7606, 359.06560000)","(0.61744210,-0.3502803, -0.70432160)","(-20.50446000, 138.76060000)",-0.8751395,"(-0.10746690, 0.61150800)"
8.946357,"(-0.05541665,-0.9184003,0.1682121, -0.35380010)","(20.37634000,137.6738, 358.94640000)","(0.63121680,-0.3481849, -0.69306020)","(-20.37634000, 137.67380000)",-0.9877436,"(-0.11062530, 0.61077930)"
8.961029,"(-0.05603795,-0.9149875,0.1671776, -0.36291770)","(20.27982000,136.5244, 358.85190000)","(0.64539370,-0.3466052, -0.68068470)","(-20.27982000, 136.52450000)",-1.076837,"(-0.11399770, 0.61024140)"
8.982109,"(-0.05691040,-0.9114579,0.1660835, -0.37205130)","(20.18810000,135.3744, 358.78870000)","(0.65931450,-0.3451034, -0.66798850)","(-20.18810000, 135.37440000)",-1.136772,"(-0.11725000, 0.60972530)"
8.986667,"(-0.05788783,-0.907627,0.1650027, -0.38162310)","(20.10273000,134.1646, 358.72740000)","(0.67363970,-0.3437045, -0.65427570)","(-20.10273000, 134.16460000)",-1.195013,"(-0.12071230, 0.60924690)"
8.99973,"(-0.05886973,-0.9037802,0.1638011, -0.39100500)","(20.00592000,132.977, 358.67770000)","(0.68747930,-0.3421172, -0.64056870)","(-20.00592000, 132.97700000)",-1.242381,"(-0.12408880, 0.60870150)"
9.015139,"(-0.05964271,-0.8997975,0.1627339, -0.40040600)","(19.91451000,131.7763, 358.59910000)","(0.70115680,-0.3406177, -0.62638560)","(-19.91451000, 131.77630000)",-1.317004,"(-0.12749700, 0.60821190)"
9.02683,"(-0.06045935,-0.8956365,0.1618272, -0.40986840)","(19.84260000,130.5601, 358.51620000)","(0.71461830,-0.3394374, -0.61164020)","(-19.84260000, 130.56020000)",-1.395496,"(-0.13104930, 0.60779000)"
9.040633,"(-0.06148781,-0.8914082,0.1610109, -0.41914930)","(19.79148000,129.3638, 358.45600000)","(0.72746590,-0.338598, -0.59677870)","(-19.79148000, 129.36380000)",-1.452796,"(-0.13442020, 0.60750110)"
9.053961,"(-0.06262412,-0.8870379,0.1602216, -0.42845200)","(19.74947000,128.1599, 358.40520000)","(0.74003880,-0.337908, -0.58151600)","(-19.74947000, 128.15990000)",-1.501026,"(-0.13787060, 0.60726640)"
9.066366,"(-0.06366967,-0.8827532,0.1594854, -0.43732990)","(19.71013000,127.0045, 358.35130000)","(0.75179990,-0.3372617, -0.56661400)","(-19.71013000, 127.00450000)",-1.552173,"(-0.14114120, 0.60703540)"
9.079863,"(-0.06451572,-0.878485,0.1587728, -0.44597430)","(19.66401000,125.8714, 358.28000000)","(0.76307670,-0.3365038, -0.55179630)","(-19.66401000, 125.87150000)",-1.61955,"(-0.14438210, 0.60678210)"
9.093378,"(-0.06506869,-0.8742743,0.1580785, -0.45433660)","(19.60501000,124.7667, 358.18320000)","(0.77385770,-0.335534, -0.53717880)","(-19.60502000, 124.76670000)",-1.711436,"(-0.14762350, 0.60644360)"
9.10674,"(-0.06549633,-0.8701267,0.1575085, -0.46236450)","(19.55253000,123.6979, 358.07390000)","(0.78399880,-0.334671, -0.52282040)","(-19.55253000, 123.69790000)",-1.814991,"(-0.15070720, 0.60615300)"
9.120911,"(-0.06591865,-0.8658776,0.1570762, -0.47035910)","(19.51346000,122.6255, 357.95650000)","(0.79383840,-0.3340283, -0.50817870)","(-19.51346000, 122.62550000)",-1.926001,"(-0.15388700, 0.60590860)"
9.139182,"(-0.06651270,-0.8617256,0.1565763, -0.47800520)","(19.47761000,121.5993, 357.86900000)","(0.80299000,-0.3334384, -0.49398980)","(-19.47761000, 121.59930000)",-2.009058,"(-0.15686010, 0.60570900)"
9.146938,"(-0.06727395,-0.8576795,0.1560784, -0.48528310)","(19.45244000,120.6208, 357.80670000)","(0.81143460,-0.3330243, -0.48027980)","(-19.45244000, 120.62090000)",-2.067911,"(-0.15964960, 0.60555860)"
9.160029,"(-0.06815901,-0.8537105,0.1554222, -0.49231760)","(19.41955000,119.6764, 357.77240000)","(0.81940660,-0.3324829, -0.46693440)","(-19.41955000, 119.67640000)",-2.100775,"(-0.16234160, 0.60536430)"
9.173299,"(-0.06913453,-0.8499619,0.1546317, -0.49887280)","(19.38055000,118.7982, 357.76670000)","(0.82666510,-0.3318409, -0.45442970)","(-19.38055000, 118.79820000)",-2.106543,"(-0.16478540, 0.60516720)"
9.187179,"(-0.07014335,-0.8461128,0.1537541, -0.50550240)","(19.33567000,117.9081, 357.76810000)","(0.83385450,-0.331102, -0.44165410)","(-19.33567000, 117.90810000)",-2.105986,"(-0.16723660, 0.60490130)"
9.200273,"(-0.07116416,-0.8421479,0.1529232, -0.51218860)","(19.29711000,117.0048, 357.76610000)","(0.84091170,-0.3304669, -0.42855480)","(-19.29711000, 117.00480000)",-2.108215,"(-0.16975210, 0.60467770)"
9.214798,"(-0.07187972,-0.8380877,0.1520663, -0.51895860)","(19.23813000,116.0827, 357.73290000)","(0.84800480,-0.329495, -0.41511540)","(-19.23813000, 116.08270000)",-2.140278,"(-0.17237170, 0.60437980)"
9.227076,"(-0.07274112,-0.8341773,0.151095, -0.52538300)","(19.17860000,115.2092, 357.73020000)","(0.85454350,-0.328514, -0.40228610)","(-19.17860000, 115.20930000)",-2.14375,"(-0.17477980, 0.60401920)"
9.240479,"(-0.07358207,-0.8303698,0.1502737, -0.53149740)","(19.13426000,114.3717, 357.72270000)","(0.86056390,-0.3277828, -0.38985670)","(-19.13426000, 114.37170000)",-2.151223,"(-0.17711480, 0.60376940)"
9.253196,"(-0.07449757,-0.8266292,0.1494485, -0.53740060)","(19.09571000,113.5611, 357.72790000)","(0.86619500,-0.3271471, -0.37773150)","(-19.09571000, 113.56110000)",-2.146943,"(-0.17935490, 0.60359430)"
9.266812,"(-0.07556953,-0.8230094,0.1485062, -0.54303840)","(19.05758000,112.7891, 357.76260000)","(0.87140630,-0.3265183, -0.36611040)","(-19.05759000, 112.78910000)",-2.114703,"(-0.18147420, 0.60336450)"
9.280752,"(-0.07678010,-0.8194003,0.1473839, -0.54860370)","(19.01263000,112.0296, 357.82490000)","(0.87641970,-0.3257765, -0.35462390)","(-19.01263000, 112.02960000)",-2.056332,"(-0.18347780, 0.60311120)"
9.298461,"(-0.07793241,-0.8156553,0.1460487, -0.55434890)","(18.94463000,111.2453, 357.89190000)","(0.88155140,-0.3246543, -0.34273410)","(-18.94464000, 111.24530000)",-1.993901,"(-0.18554470, 0.60275630)"
9.306952,"(-0.07918622,-0.8120191,0.1444229, -0.55990770)","(18.85790000,110.4923, 357.99400000)","(0.88643880,-0.3232222, -0.33129080)","(-18.85790000, 110.49230000)",-1.898161,"(-0.18749850, 0.60228350)"
9.320408,"(-0.08055931,-0.8084834,0.1428047, -0.56521820)","(18.78256000,109.7724, 358.11330000)","(0.89093050,-0.3219776, -0.32027050)","(-18.78256000, 109.77240000)",-1.786079,"(-0.18934010, 0.60186960)"
9.333143,"(-0.08187585,-0.8052033,0.1413494, -0.57005640)","(18.72206000,109.1133, 358.22710000)","(0.89487640,-0.3209777, -0.31011210)","(-18.72207000, 109.11330000)",-1.678997,"(-0.19098540, 0.60154370)"
9.346766,"(-0.08316470,-0.8020884,0.1400653, -0.57456030)","(18.67839000,108.4957, 358.33400000)","(0.89839940,-0.3202558, -0.30052450)","(-18.67840000, 108.49570000)",-1.57818,"(-0.19252680, 0.60133400)"
9.360398,"(-0.08441076,-0.7991776,0.1387344, -0.57874240)","(18.62973000,107.9234, 358.44800000)","(0.90161460,-0.3194511, -0.29162020)","(-18.62973000, 107.92340000)",-1.470735,"(-0.19395940, 0.60105270)"
9.373417,"(-0.08569172,-0.7963579,0.1374968, -0.58272270)","(18.59414000,107.3763, 358.56340000)","(0.90454690,-0.3188623, -0.28305780)","(-18.59414000, 107.37640000)",-1.361713,"(-0.19532160, 0.60085590)"
9.38665,"(-0.08683652,-0.7937105,0.1360832, -0.58648470)","(18.53465000,106.8627, 358.68400000)","(0.90736420,-0.317878, -0.27503400)","(-18.53465000, 106.86270000)",-1.247724,"(-0.19659470, 0.60054020)"
9.400441,"(-0.08791876,-0.7911016,0.1346913, -0.59015820)","(18.47440000,106.3592, 358.79940000)","(0.91006650,-0.316881, -0.26714300)","(-18.47441000, 106.35920000)",-1.138492,"(-0.19780540, 0.60021580)"
9.414577,"(-0.08890422,-0.788565,0.1332356, -0.59372510)","(18.40303000,105.8704, 358.91320000)","(0.91269130,-0.3156992, -0.25947760)","(-18.40303000, 105.87040000)",-1.030976,"(-0.19897930, 0.59984010)"
9.426362,"(-0.08989311,-0.7859004,0.1317565, -0.59742780)","(18.33089000,105.3599, 359.02600000)","(0.91534950,-0.3145042, -0.25144050)","(-18.33089000, 105.35990000)",-0.9242921,"(-0.20023350, 0.59942690)"
9.440862,"(-0.09077267,-0.7831625,0.1303188, -0.60119360)","(18.25614000,104.8361, 359.12430000)","(0.91800590,-0.3132655, -0.24316640)","(-18.25614000, 104.83610000)",-0.8313365,"(-0.20154880, 0.59900750)"
9.458798,"(-0.09134206,-0.780393,0.1288822, -0.60500650)","(18.16066000,104.3011, 359.19290000)","(0.92074090,-0.3116826, -0.23471330)","(-18.16066000, 104.30110000)",-0.7664279,"(-0.20294190, 0.59848270)"
9.466715,"(-0.09192087,-0.7776082,0.1275316, -0.60877890)","(18.07479000,103.7681, 359.25740000)","(0.92333730,-0.3102582, -0.22624790)","(-18.07479000, 103.76810000)",-0.7060983,"(-0.20433930, 0.59802280)"
9.485362,"(-0.09255316,-0.7747934,0.1261984, -0.61253810)","(17.99537000,103.2348, 359.32630000)","(0.92582090,-0.3089401, -0.21774200)","(-17.99537000, 103.23480000)",-0.6407191,"(-0.20570030, 0.59758330)"
9.493309,"(-0.09326570,-0.7718832,0.1249086, -0.61635680)","(17.92667000,102.6896, 359.39800000)","(0.92821150,-0.3077996, -0.20900430)","(-17.92667000, 102.68960000)",-0.5723243,"(-0.20710540, 0.59718870)"
9.50667,"(-0.09412185,-0.768968,0.1234656, -0.62014960)","(17.85574000,102.1505, 359.49550000)","(0.93050870,-0.3066215, -0.20034160)","(-17.85574000, 102.15050000)",-0.4801054,"(-0.20845770, 0.59679360)"
9.520033,"(-0.09497593,-0.7661018,0.1221607, -0.62381430)","(17.79847000,101.6252, 359.58540000)","(0.93260590,-0.3056698, -0.19186490)","(-17.79847000, 101.62530000)",-0.3936644,"(-0.20978980, 0.59648620)"
9.533259,"(-0.09587133,-0.7632388,0.1209574, -0.62741090)","(17.75457000,101.1059, 359.67300000)","(0.93453610,-0.3049403, -0.18344970)","(-17.75457000, 101.10600000)",-0.3109043,"(-0.21111990, 0.59626580)"
9.54654,"(-0.09687724,-0.7603141,0.1198424, -0.63101110)","(17.72790000,100.5822, 359.76360000)","(0.93631330,-0.304497, -0.17492550)","(-17.72791000, 100.58220000)",-0.2246844,"(-0.21245360, 0.59609970)"
9.560634,"(-0.09771609,-0.7572693,0.1188042, -0.63472860)","(17.69680000,100.0354, 359.83030000)","(0.93810280,-0.3039799, -0.16601040)","(-17.69680000, 100.03540000)",-0.1607126,"(-0.21387170, 0.59592150)"
9.57377,"(-0.09835371,-0.7541931,0.117902, -0.63845000)","(17.66371000,99.48141, 359.86810000)","(0.93983700,-0.3034296, -0.15696130)","(-17.66371000, 99.48141000)",-0.1266688,"(-0.21535210, 0.59574500)"
9.586867,"(-0.09888498,-0.7509425,0.1172294, -0.64231180)","(17.64359000,98.89713, 359.87480000)","(0.94149390,-0.303095, -0.14738580)","(-17.64359000, 98.89714000)",-0.1170339,"(-0.21696590, 0.59564220)"
9.600435,"(-0.09929988,-0.7477624,0.1167648, -0.64603170)","(17.63345000,98.32701, 359.85800000)","(0.94296690,-0.3029264, -0.13801810)","(-17.63346000, 98.32702000)",-0.1356209,"(-0.21858450, 0.59557330)"
9.618755,"(-0.09966459,-0.7445406,0.1165107, -0.64973190)","(17.63815000,97.75218, 359.82010000)","(0.94427970,-0.3030045, -0.12854760)","(-17.63815000, 97.75219000)",-0.1701742,"(-0.22024620, 0.59560280)"
9.627876,"(-0.10008610,-0.7412227,0.1164255, -0.65346520)","(17.66193000,97.16552, 359.77220000)","(0.94542130,-0.3034001, -0.11885660)","(-17.66194000, 97.16553000)",-0.2158,"(-0.22192100, 0.59575100)"
9.640571,"(-0.10078230,-0.7377861,0.116419, -0.65723760)","(17.71367000,96.56868, 359.74030000)","(0.94633560,-0.3042604, -0.10897070)","(-17.71367000, 96.56869000)",-0.2470816,"(-0.22361280, 0.59601640)"
9.653134,"(-0.10169500,-0.7342889,0.1164793, -0.66099210)","(17.78814000,95.97051, 359.72100000)","(0.94702760,-0.3054982, -0.09904408)","(-17.78814000, 95.97053000)",-0.2646699,"(-0.22531080, 0.59643190)"
9.666447,"(-0.10264450,-0.7307686,0.1167191, -0.66469400)","(17.88116000,95.37307, 359.69020000)","(0.94751370,-0.3070437, -0.08911718)","(-17.88116000, 95.37308000)",-0.2947506,"(-0.22701950, 0.59696840)"
9.680559,"(-0.10363540,-0.7274039,0.1171478, -0.66814650)","(17.99384000,94.80775, 359.65210000)","(0.94774340,-0.3089148, -0.07971339)","(-17.99384000, 94.80775000)",-0.3304307,"(-0.22865440, 0.59757510)"
9.693016,"(-0.10457160,-0.7240968,0.1176755, -0.67149170)","(18.11075000,94.25397, 359.60230000)","(0.94783900,-0.3108548, -0.07050294)","(-18.11075000, 94.25399000)",-0.3774237,"(-0.23026780, 0.59822430)"
9.706229,"(-0.10519540,-0.7210873,0.1182945, -0.67451720)","(18.21078000,93.74628, 359.52510000)","(0.94788350,-0.3125136, -0.06206606)","(-18.21078000, 93.74630000)",-0.450674,"(-0.23177360, 0.59879610)"
9.720242,"(-0.10590250,-0.7181995,0.1189213, -0.67737130)","(18.31789000,93.26399, 359.45740000)","(0.94778740,-0.314289, -0.05405164)","(-18.31789000, 93.26400000)",-0.5147229,"(-0.23321960, 0.59937340)"
9.734022,"(-0.10666640,-0.7153487,0.1194073, -0.68017680)","(18.41756000,92.79125, 359.40640000)","(0.94765370,-0.3159398, -0.04620307)","(-18.41755000, 92.79126000)",-0.5626699,"(-0.23461020, 0.59992240)"
9.746985,"(-0.10744730,-0.7125438,0.119917, -0.68290290)","(18.52052000,92.32865, 359.35570000)","(0.94742700,-0.3176443, -0.03852731)","(-18.52052000, 92.32866000)",-0.6103771,"(-0.23596850, 0.60050120)"
9.760666,"(-0.10839100,-0.70978,0.1202413, -0.68556970)","(18.62113000,91.879, 359.33490000)","(0.94714120,-0.3193089, -0.03107249)","(-18.62113000, 91.87901000)",-0.6305605,"(-0.23724540, 0.60106270)"
9.779008,"(-0.10935540,-0.7070541,0.1205373, -0.68817650)","(18.72125000,91.43803, 359.31870000)","(0.94679310,-0.3209643, -0.02376814)","(-18.72125000, 91.43804000)",-0.6449805,"(-0.23849010, 0.60160840)"
9.786634,"(-0.11037750,-0.7044266,0.1209342, -0.69063370)","(18.83473000,91.01708, 359.30160000)","(0.94630470,-0.3228394, -0.01680018)","(-18.83473000, 91.01710000)",-0.6608641,"(-0.23967670, 0.60223790)"
9.800241,"(-0.11109530,-0.7020296,0.1211428, -0.69291910)","(18.90814000,90.62837, 359.27930000)","(0.94598260,-0.3240518, -0.01037542)","(-18.90814000, 90.62839000)",-0.6815624,"(-0.24080200, 0.60265320)"
9.813466,"(-0.11169200,-0.6997312,0.1212575, -0.69512430)","(18.96405000,90.2543, 359.25670000)","(0.94571330,-0.3249749, -0.00419765)","(-18.96405000, 90.25431000)",-0.7027649,"(-0.24188160, 0.60296680)"
9.827165,"(-0.11220250,-0.6973956,0.1212235, -0.69739150)","(19.00069000,89.87274, 359.23760000)","(0.94551240,-0.3255796, 0.00209985)","(-19.00069000, 89.87276000)",-0.7206361,"(-0.24297500, 0.60315950)"
9.841187,"(-0.11263360,-0.6951333,0.1209146, -0.69963070)","(19.00843000,89.50265, 359.23640000)","(0.94543500,-0.3257073, 0.00820682)","(-19.00844000, 89.50266000)",-0.7219925,"(-0.24401660, 0.60319950)"
9.853586,"(-0.11279970,-0.6928397,0.1203037, -0.70198040)","(18.96974000,89.12154, 359.23670000)","(0.94557920,-0.3250687, 0.01449882)","(-18.96974000, 89.12154000)",-0.7217214,"(-0.24506500, 0.60298870)"
9.867199,"(-0.11265030,-0.6906276,0.1195302, -0.70431240)","(18.89190000,88.74715, 359.22640000)","(0.94590500,-0.3237836, 0.02068677)","(-18.89190000, 88.74715000)",-0.7319516,"(-0.24611120, 0.60257260)"
9.880625,"(-0.11201950,-0.6885912,0.1184685, -0.70658270)","(18.75093000,88.39103, 359.20460000)","(0.94655170,-0.3214548, 0.02658766)","(-18.75092000, 88.39104000)",-0.7527748,"(-0.24712200, 0.60177530)"
9.893205,"(-0.11108090,-0.6865937,0.1171587, -0.70888920)","(18.56431000,88.03527, 359.17980000)","(0.94740960,-0.318369, 0.03250023)","(-18.56432000, 88.03528000)",-0.7775803,"(-0.24814120, 0.60073080)"
9.90698,"(-0.10997950,-0.684683,0.1155016, -0.71117720)","(18.33629000,87.69196, 359.17410000)","(0.94845630,-0.3145938, 0.03822728)","(-18.33630000, 87.69196000)",-0.7838463,"(-0.24910470, 0.59946320)"
9.920596,"(-0.10891360,-0.6827665,0.1137553, -0.71346160)","(18.10431000,87.35062, 359.18050000)","(0.94947630,-0.310748, 0.04393544)","(-18.10432000, 87.35062000)",-0.7785863,"(-0.25005250, 0.59817960)"
9.93903,"(-0.10798440,-0.6808713,0.1118458, -0.71571240)","(17.87111000,87.01828, 359.21420000)","(0.95046090,-0.3068768, 0.04950726)","(-17.87111000, 87.01829000)",-0.7480813,"(-0.25091410, 0.59690080)"
9.946807,"(-0.10718560,-0.6790639,0.1099106, -0.71784620)","(17.64739000,86.70531, 359.26490000)","(0.95136520,-0.3031583, 0.05476692)","(-17.64739000, 86.70531000)",-0.7002546,"(-0.25170210, 0.59564880)"
9.960714,"(-0.10646640,-0.6772209,0.1078954, -0.71999670)","(17.42451000,86.39012, 359.32940000)","(0.95221920,-0.299449, 0.06007338)","(-17.42451000, 86.39013000)",-0.6398023,"(-0.25248240, 0.59440570)"
9.973197,"(-0.10575770,-0.6755571,0.1060771, -0.72193190)","(17.21883000,86.10546, 359.38390000)","(0.95297550,-0.2960219, 0.06487591)","(-17.21883000, 86.10547000)",-0.5881739,"(-0.25319740, 0.59326160)"
9.986788,"(-0.10512260,-0.6739336,0.1043127, -0.72379660)","(17.02412000,85.83025, 359.44200000)","(0.95365050,-0.2927743, 0.06952544)","(-17.02413000, 85.83025000)",-0.533392,"(-0.25389100, 0.59218100)"
9.999825,"(-0.10447690,-0.6723969,0.1027024, -0.72554760)","(16.84116000,85.56966, 359.48930000)","(0.95425180,-0.2897194, 0.07393397)","(-16.84116000, 85.56966000)",-0.4889896,"(-0.25453850, 0.59116980)"
10.01319,"(-0.10393120,-0.6709822,0.1013108, -0.72712950)","(16.68432000,85.3316, 359.52980000)","(0.95472320,-0.2870984, 0.07796241)","(-16.68432000, 85.33160000)",-0.4502396,"(-0.25513700, 0.59030570)"
10.02682,"(-0.10333890,-0.6696634,0.1000642, -0.72860080)","(16.53519000,85.10843, 359.55720000)","(0.95515360,-0.2846043, 0.08174393)","(-16.53519000, 85.10844000)",-0.4242849,"(-0.25571610, 0.58948760)"
10.04051,"(-0.10280720,-0.6684697,0.09902358, -0.72991330)","(16.40763000,84.90696, 359.57530000)","(0.95548920,-0.2824692, 0.08515798)","(-16.40763000, 84.90697000)",-0.4068635,"(-0.25624680, 0.58877150)"
10.05504,"(-0.10241220,-0.6674408,0.09817905, -0.73102350)","(16.30729000,84.7351, 359.59200000)","(0.95572040,-0.2807889, 0.08806892)","(-16.30729000, 84.73511000)",-0.3916712,"(-0.25669930, 0.58820940)"
10.0671,"(-0.10203130,-0.6665499,0.0974829, -0.73198220)","(16.21990000,84.58566, 359.60060000)","(0.95591270,-0.2793247, 0.09060163)","(-16.21990000, 84.58566000)",-0.3835945,"(-0.25710210, 0.58772060)"
10.08105,"(-0.10192140,-0.6657798,0.09683065, -0.73278450)","(16.15929000,84.46166, 359.63030000)","(0.95600800,-0.2783086, 0.09269866)","(-16.15928000, 84.46167000)",-0.3544303,"(-0.25740550, 0.58738240)"
10.09874,"(-0.10196980,-0.6650078,0.09618452, -0.73356350)","(16.11282000,84.34102, 359.67240000)","(0.95603510,-0.2775296, 0.09473366)","(-16.11282000, 84.34103000)",-0.3146578,"(-0.25768260, 0.58712380)"
10.10697,"(-0.10205020,-0.6643006,0.09571345, -0.73425440)","(16.08282000,84.23117, 359.70350000)","(0.95599600,-0.2770267, 0.09658103)","(-16.08283000, 84.23118000)",-0.2846186,"(-0.25794490, 0.58695690)"
10.12046,"(-0.10209690,-0.6637157,0.09524706, -0.73483720)","(16.05042000,84.14017, 359.73430000)","(0.95599710,-0.2764832, 0.09811532)","(-16.05042000, 84.14017000)",-0.2548778,"(-0.25815580, 0.58677700)"
10.13348,"(-0.10215450,-0.6632006,0.09497978, -0.73532870)","(16.03447000,84.06011, 359.75050000)","(0.95593570,-0.2762156, 0.09945875)","(-16.03447000, 84.06013000)",-0.2398483,"(-0.25835610, 0.58668850)"
10.14659,"(-0.10215950,-0.6628647,0.09487134, -0.73564480)","(16.02639000,84.00708, 359.75280000)","(0.95588190,-0.27608, 0.10034770)","(-16.02639000, 84.00709000)",-0.2373883,"(-0.25850080, 0.58664380)"
10.16087,"(-0.10211870,-0.6629834,0.0950186, -0.73552450)","(16.03432000,84.02471, 359.73940000)","(0.95587470,-0.2762132, 0.10004950)","(-16.03432000, 84.02472000)",-0.2502292,"(-0.25847010, 0.58668770)"
10.17298,"(-0.10209210,-0.6629294,0.09510055, -0.73556630)","(16.03836000,84.01536, 359.72900000)","(0.95583900,-0.2762809, 0.10020360)","(-16.03836000, 84.01537000)",-0.2594432,"(-0.25851060, 0.58671010)"
10.18696,"(-0.10203790,-0.6629713,0.09521404, -0.73552130)","(16.04251000,84.02057, 359.71580000)","(0.95582820,-0.2763505, 0.10011460)","(-16.04251000, 84.02058000)",-0.272681,"(-0.25851430, 0.58673300)"
10.20031,"(-0.10192370,-0.6631734,0.09537221, -0.73533450)","(16.04503000,84.04983, 359.69740000)","(0.95586710,-0.2763927, 0.09962526)","(-16.04503000, 84.04983000)",-0.2907402,"(-0.25845850, 0.58674660)"
10.21321,"(-0.10172600,-0.6635122,0.09549462, -0.73504020)","(16.03765000,84.09911, 359.67850000)","(0.95598780,-0.2762691, 0.09880666)","(-16.03766000, 84.09911000)",-0.3090104,"(-0.25834800, 0.58670530)"
10.22701,"(-0.10134170,-0.6641682,0.09573968, -0.73446890)","(16.02395000,84.19453, 359.64110000)","(0.95621690,-0.2760391, 0.09722099)","(-16.02395000, 84.19454000)",-0.3443497,"(-0.25813530, 0.58662840)"
10.24078,"(-0.10105650,-0.664811,0.09589874, -0.73390560)","(16.01213000,84.29033, 359.61880000)","(0.95643470,-0.2758409, 0.09562781)","(-16.01213000, 84.29034000)",-0.3663747,"(-0.25790020, 0.58656260)"
10.25919,"(-0.10067330,-0.665437,0.09603224, -0.73337330)","(15.98997000,84.38145, 359.59040000)","(0.95669170,-0.275469, 0.09411699)","(-15.98997000, 84.38146000)",-0.393167,"(-0.25768690, 0.58643940)"
10.26696,"(-0.10030030,-0.6660089,0.09619357, -0.73288380)","(15.97086000,84.46422, 359.55920000)","(0.95691790,-0.2751485, 0.09274383)","(-15.97087000, 84.46423000)",-0.4238235,"(-0.25750040, 0.58633340)"
10.28041,"(-0.10004140,-0.6665717,0.09636156, -0.73238530)","(15.96211000,84.54804, 359.53650000)","(0.95709440,-0.2750016, 0.09134766)","(-15.96211000, 84.54805000)",-0.4454334,"(-0.25729920, 0.58628510)"
10.29315,"(-0.09975725,-0.6671008,0.09655264, -0.73191710)","(15.95300000,84.62596, 359.50890000)","(0.95726130,-0.2748488, 0.09005009)","(-15.95300000, 84.62597000)",-0.4718838,"(-0.25712070, 0.58623500)"
10.3064,"(-0.09959129,-0.6675808,0.09676424, -0.73147400)","(15.95562000,84.69862, 359.48810000)","(0.95736220,-0.2748927, 0.08883493)","(-15.95562000, 84.69863000)",-0.4921804,"(-0.25694750, 0.58625030)"
10.32054,"(-0.09951886,-0.6680496,0.09697305, -0.73102810)","(15.96605000,84.77156, 359.47480000)","(0.95742480,-0.2750678, 0.08761136)","(-15.96605000, 84.77158000)",-0.5051297,"(-0.25676300, 0.58630950)"
10.33315,"(-0.09944037,-0.6684732,0.09708136, -0.73063710)","(15.96810000,84.8374, 359.46860000)","(0.95751490,-0.2751022, 0.08651040)","(-15.96810000, 84.83740000)",-0.5105241,"(-0.25658850, 0.58632230)"
10.34681,"(-0.09961373,-0.6686951,0.09717241, -0.73039820)","(15.99019000,84.87647, 359.47990000)","(0.95746800,-0.2754728, 0.08584797)","(-15.99019000, 84.87648000)",-0.4992853,"(-0.25646400, 0.58644660)"
10.3608,"(-0.09969558,-0.6688591,0.09722093, -0.73023030)","(16.00109000,84.9044, 359.48600000)","(0.95745750,-0.2756557, 0.08537653)","(-16.00109000, 84.90441000)",-0.4937682,"(-0.25637770, 0.58650830)"
10.37321,"(-0.09975917,-0.6690202,0.0973219, -0.73006060)","(16.01453000,84.93138, 359.48610000)","(0.95743300,-0.2758811, 0.08492005)","(-16.01453000, 84.93138000)",-0.4937682,"(-0.25630260, 0.58658390)"
10.38659,"(-0.09972462,-0.6691555,0.09744539, -0.72992490)","(16.02133000,84.95204, 359.47580000)","(0.95743120,-0.2759952, 0.08457173)","(-16.02133000, 84.95206000)",-0.5035778,"(-0.25625940, 0.58662200)"
10.40043,"(-0.09973235,-0.6693057,0.09758866, -0.72976700)","(16.03330000,84.97598, 359.46760000)","(0.95740880,-0.276196, 0.08416674)","(-16.03330000, 84.97599000)",-0.5112901,"(-0.25620460, 0.58668900)"
10.4192,"(-0.09976773,-0.6694219,0.09777167, -0.72963100)","(16.05072000,84.99501, 359.45740000)","(0.95735310,-0.2764882, 0.08384142)","(-16.05072000, 84.99502000)",-0.5207698,"(-0.25616600, 0.58678600)"
10.42678,"(-0.09985373,-0.6694674,0.0979212, -0.72955740)","(16.06980000,85.00389, 359.45260000)","(0.95727430,-0.2768082, 0.08368513)","(-16.06980000, 85.00389000)",-0.5263757,"(-0.25614810, 0.58689210)"
10.44037,"(-0.10007140,-0.6694903,0.09812187, -0.72947960)","(16.10409000,85.0119, 359.45360000)","(0.95712070,-0.2773833, 0.08353684)","(-16.10410000, 85.01190000)",-0.5252593,"(-0.25612450, 0.58708310)"
10.45309,"(-0.10040430,-0.6694251,0.09822877, -0.72947930)","(16.14083000,85.00851, 359.47000000)","(0.95693840,-0.2779993, 0.08357792)","(-16.14083000, 85.00851000)",-0.508604,"(-0.25611140, 0.58728790)"
10.46807,"(-0.10089150,-0.6691898,0.09827796, -0.72962140)","(16.18612000,84.98138, 359.50000000)","(0.95667950,-0.2787584, 0.08401181)","(-16.18612000, 84.98138000)",-0.4796977,"(-0.25614500, 0.58753990)"
10.4809,"(-0.10130030,-0.6689366,0.09838898, -0.72978200)","(16.22954000,84.94957, 359.51790000)","(0.95642200,-0.2794863, 0.08452425)","(-16.22955000, 84.94958000)",-0.4626713,"(-0.25620840, 0.58778090)"
10.49315,"(-0.10145020,-0.6687523,0.09850784, -0.72991410)","(16.25153000,84.92311, 359.51570000)","(0.95627620,-0.2798546, 0.08495639)","(-16.25153000, 84.92313000)",-0.4643598,"(-0.25628480, 0.58790220)"
10.50631,"(-0.10157630,-0.6686112,0.09874392, -0.72999380)","(16.28066000,84.9028, 359.50250000)","(0.95610400,-0.2803427, 0.08528274)","(-16.28066000, 84.90281000)",-0.477244,"(-0.25635960, 0.58806290)"
10.52085,"(-0.10167280,-0.6684855,0.09903025, -0.73005670)","(16.31120000,84.88422, 359.48290000)","(0.95592730,-0.2808543, 0.08557951)","(-16.31120000, 84.88422000)",-0.4957456,"(-0.25643850, 0.58823140)"
10.53333,"(-0.10170220,-0.6684175,0.09932246, -0.73007520)","(16.33651000,84.87337, 359.45860000)","(0.95578740,-0.2812783, 0.08574951)","(-16.33651000, 84.87337000)",-0.5192646,"(-0.25650240, 0.58837080)"
10.54658,"(-0.10183520,-0.6683762,0.09976334, -0.73003440)","(16.38231000,84.86879, 359.43070000)","(0.95555630,-0.2820453, 0.08580563)","(-16.38231000, 84.86880000)",-0.5457222,"(-0.25655410, 0.58862400)"
10.56117,"(-0.10202130,-0.6683631,0.1001495, -0.72996750)","(16.42839000,84.87002, 359.41240000)","(0.95533190,-0.2828168, 0.08576489)","(-16.42839000, 84.87003000)",-0.563365,"(-0.25657630, 0.58887950)"
10.58011,"(-0.10228690,-0.6683839,0.1005437, -0.72985710)","(16.48195000,84.87845, 359.40060000)","(0.95508090,-0.2837133, 0.08560072)","(-16.48195000, 84.87846000)",-0.5743721,"(-0.25656940, 0.58917700)"
10.58649,"(-0.10255730,-0.6684496,0.1007956, -0.72972420)","(16.52482000,84.8945, 359.40250000)","(0.95489300,-0.2844307, 0.08531430)","(-16.52482000, 84.89451000)",-0.5726661,"(-0.25652240, 0.58941570)"
10.60072,"(-0.10287610,-0.6686091,0.1011434, -0.72948500)","(16.57941000,84.92651, 359.40230000)","(0.95467010,-0.285344, 0.08475678)","(-16.57941000, 84.92651000)",-0.5723243,"(-0.25643440, 0.58972020)"
10.61352,"(-0.10322030,-0.6688033,0.1015145, -0.72920680)","(16.63803000,84.96465, 359.40300000)","(0.95443510,-0.2863244, 0.08409550)","(-16.63803000, 84.96466000)",-0.5719823,"(-0.25632830, 0.59004720)"
10.62698,"(-0.10348760,-0.6690274,0.1019133, -0.72890760)","(16.69228000,85.00587, 359.39590000)","(0.95422480,-0.2872314, 0.08338532)","(-16.69228000, 85.00587000)",-0.5784457,"(-0.25622510, 0.59034970)"
10.64026,"(-0.10383060,-0.6693313,0.1023765, -0.72851490)","(16.75811000,85.06153, 359.39130000)","(0.95397590,-0.2883319, 0.08242973)","(-16.75812000, 85.06154000)",-0.5828267,"(-0.25608020, 0.59072520)"
10.65351,"(-0.10423740,-0.6696383,0.1028503, -0.72810780)","(16.83025000,85.11922, 359.39120000)","(0.95369600,-0.2895372, 0.08143814)","(-16.83025000, 85.11923000)",-0.5824909,"(-0.25592120, 0.59112300)"
10.66787,"(-0.10466020,-0.6698873,0.1033759, -0.72774360)","(16.90777000,85.16792, 359.38670000)","(0.95337370,-0.290832, 0.08059447)","(-16.90777000, 85.16793000)",-0.5868416,"(-0.25579420, 0.59155320)"
10.68081,"(-0.10521400,-0.6701264,0.1038097, -0.72738170)","(16.98927000,85.21832, 359.40060000)","(0.95303100,-0.2921926, 0.07972116)","(-16.98927000, 85.21833000)",-0.5733491,"(-0.25563760, 0.59200910)"
10.69397,"(-0.10584890,-0.6702279,0.1043205, -0.72712300)","(17.08363000,85.24839, 359.41130000)","(0.95259180,-0.2937673, 0.07918116)","(-17.08364000, 85.24840000)",-0.5626699,"(-0.25554700, 0.59252420)"
10.7068,"(-0.10667810,-0.6702316,0.1049582, -0.72690650)","(17.20447000,85.26711, 359.42470000)","(0.95199810,-0.2957826, 0.07881865)","(-17.20447000, 85.26711000)",-0.5492961,"(-0.25547100, 0.59319520)"
10.72089,"(-0.10776690,-0.67008,0.1056994, -0.72677830)","(17.35548000,85.26685, 359.44680000)","(0.95121750,-0.2982993, 0.07875818)","(-17.35549000, 85.26687000)",-0.5278606,"(-0.25543000, 0.59403490)"
10.73863,"(-0.10910780,-0.6696234,0.1065087, -0.72688100)","(17.53319000,85.22353, 359.47630000)","(0.95023110,-0.3012583, 0.07940004)","(-17.53319000, 85.22353000)",-0.4992853,"(-0.25551340, 0.59502330)"
10.74682,"(-0.11075210,-0.6687242,0.1073895, -0.72733040)","(17.74220000,85.11632, 359.51330000)","(0.94897960,-0.3047346, 0.08108391)","(-17.74220000, 85.11633000)",-0.4635163,"(-0.25576640, 0.59619650)"
10.7606,"(-0.11270670,-0.6675113,0.10846, -0.72798510)","(17.99260000,84.96625, 359.55130000)","(0.94742830,-0.3088942, 0.08345162)","(-17.99260000, 84.96625000)",-0.4261257,"(-0.25613330, 0.59758370)"
10.77289,"(-0.11480380,-0.6660566,0.1096742, -0.72880740)","(18.26656000,84.78109, 359.58180000)","(0.94567190,-0.3134382, 0.08637746)","(-18.26656000, 84.78110000)",-0.3966355,"(-0.25660440, 0.59909960)"
10.78658,"(-0.11702920,-0.66419,0.1110181, -0.72995260)","(18.56171000,84.53329, 359.60010000)","(0.94366970,-0.3183258, 0.09031164)","(-18.56171000, 84.53329000)",-0.3789758,"(-0.25726150, 0.60073350)"
10.79993,"(-0.11914020,-0.6619285,0.1123164, -0.73146520)","(18.84352000,84.21994, 359.60130000)","(0.94159250,-0.3229847, 0.09531242)","(-18.84352000, 84.21994000)",-0.3774237,"(-0.25811670, 0.60229480)"
10.81363,"(-0.12137540,-0.6593276,0.1136057, -0.73324550)","(19.13546000,83.85621, 359.60280000)","(0.93932000,-0.3278026, 0.10111040)","(-19.13546000, 83.85622000)",-0.3748225,"(-0.25915310, 0.60391150)"
10.82698,"(-0.12364260,-0.6563166,0.1148478, -0.73537140)","(19.42663000,83.42883, 359.59810000)","(0.93687270,-0.3325995, 0.10792210)","(-19.42663000, 83.42883000)",-0.3779418,"(-0.26035590, 0.60553290)"
10.84095,"(-0.12612880,-0.6529727,0.1161354, -0.73772000)","(19.74058000,82.95527, 359.59620000)","(0.93412600,-0.3377619, 0.11543640)","(-19.74058000, 82.95528000)",-0.3794918,"(-0.26167250, 0.60729810)"
10.85363,"(-0.12875090,-0.6492949,0.1174124, -0.74030660)","(20.06591000,82.43381, 359.59450000)","(0.93112060,-0.3431008, 0.12367860)","(-20.06591000, 82.43382000)",-0.3805216,"(-0.26313440, 0.60908500)"
10.86838,"(-0.13149190,-0.6454348,0.1185236, -0.74301820)","(20.38949000,81.88922, 359.60930000)","(0.92796980,-0.3484001, 0.13224760)","(-20.38949000, 81.88923000)",-0.3658403,"(-0.26463000, 0.61087460)"
10.88132,"(-0.13432740,-0.6413511,0.1195934, -0.74587020)","(20.71896000,81.31416, 359.62630000)","(0.92459990,-0.3537843, 0.14124980)","(-20.71896000, 81.31416000)",-0.3488659,"(-0.26619030, 0.61271140)"
10.89883,"(-0.13715710,-0.6370007,0.1205803, -0.74891810)","(21.04237000,80.69946, 359.63960000)","(0.92104590,-0.3590583, 0.15083600)","(-21.04238000, 80.69946000)",-0.3363003,"(-0.26788540, 0.61452940)"
10.90662,"(-0.13998710,-0.6326625,0.1216901, -0.75188640)","(21.37597000,80.08865, 359.63910000)","(0.91731070,-0.3644863, 0.16028350)","(-21.37597000, 80.08866000)",-0.3357179,"(-0.26958870, 0.61636050)"
10.92009,"(-0.14257750,-0.6282016,0.1228803, -0.75494030)","(21.69479000,79.45348, 359.60540000)","(0.91346960,-0.3696622, 0.17006880)","(-21.69478000, 79.45348000)",-0.3663747,"(-0.27139100, 0.61812740)"
10.93303,"(-0.14485190,-0.6239533,0.1242142, -0.75780670)","(21.99633000,78.84379, 359.53660000)","(0.90968660,-0.3745473, 0.17940040)","(-21.99634000, 78.84379000)",-0.4297835,"(-0.27319690, 0.61981110)"
10.94661,"(-0.14646270,-0.6198345,0.1256767, -0.76063080)","(22.24734000,78.23573, 359.40440000)","(0.90611650,-0.3786057, 0.18870780)","(-22.24734000, 78.23575000)",-0.5510744,"(-0.27510570, 0.62120490)"
10.96058,"(-0.14765660,-0.6160046,0.1271029, -0.76326970)","(22.45735000,77.66213, 359.24900000)","(0.90282010,-0.3819956, 0.19747170)","(-22.45735000, 77.66213000)",-0.6937978,"(-0.27692940, 0.62235220)"
10.97323,"(-0.14878110,-0.6122496,0.1284103, -0.76584950)","(22.65158000,77.10001, 359.09950000)","(0.89957190,-0.3851262, 0.20602930)","(-22.65158000, 77.10001000)",-0.8308656,"(-0.27870130, 0.62343170)"
10.98687,"(-0.14978080,-0.6085396,0.1295687, -0.76841210)","(22.82279000,76.54335, 358.95380000)","(0.89640460,-0.3878822, 0.21449040)","(-22.82279000, 76.54336000)",-0.9640834,"(-0.28051350, 0.62438760)"
10.99998,"(-0.15080000,-0.6049824,0.1305515, -0.77085140)","(22.98260000,76.01332, 358.82930000)","(0.89332880,-0.3904516, 0.22251120)","(-22.98260000, 76.01333000)",-1.077563,"(-0.28218670, 0.62525670)"
11.01398,"(-0.15173590,-0.601604,0.1314189, -0.77316090)","(23.12615000,75.51045, 358.71360000)","(0.89039150,-0.3927569, 0.23009760)","(-23.12615000, 75.51045000)",-1.182998,"(-0.28375790, 0.62603730)"
11.0265,"(-0.15232650,-0.5984052,0.1321143, -0.77540550)","(23.22515000,75.02769, 358.59210000)","(0.88776440,-0.3943453, 0.23741570)","(-23.22515000, 75.02770000)",-1.293617,"(-0.28527670, 0.62658420)"
11.03993,"(-0.15274190,-0.5954962,0.1326506, -0.77746900)","(23.29654000,74.58686, 358.48090000)","(0.88543700,-0.3954901, 0.24410840)","(-23.29655000, 74.58686000)",-1.395216,"(-0.28668880, 0.62698320)"
11.05886,"(-0.15294630,-0.592867,0.1329044, -0.77939250)","(23.32833000,74.18632, 358.38900000)","(0.88349760,-0.3959996, 0.25023240)","(-23.32833000, 74.18633000)",-1.479358,"(-0.28796960, 0.62716890)"
11.0681,"(-0.15312180,-0.5904589,0.1329157, -0.78118210)","(23.34050000,73.82185, 358.32500000)","(0.88180710,-0.3961945, 0.25582410)","(-23.34050000, 73.82185000)",-1.537861,"(-0.28908160, 0.62720310)"
11.08099,"(-0.15346810,-0.5882399,0.132813, -0.78280400)","(23.36097000,73.49286, 358.29080000)","(0.88018800,-0.3965227, 0.26084270)","(-23.36097000, 73.49287000)",-1.569102,"(-0.29005150, 0.62730430)"
11.09318,"(-0.15389150,-0.5862005,0.1326228, -0.78428160)","(23.38301000,73.19488, 358.27660000)","(0.87867340,-0.3968757, 0.26537280)","(-23.38301000, 73.19489000)",-1.581895,"(-0.29090310, 0.62742210)"
11.10702,"(-0.15448400,-0.5844241,0.1322538, -0.78555210)","(23.40919000,72.94387, 358.30050000)","(0.87732900,-0.3972951, 0.26916640)","(-23.40919000, 72.94388000)",-1.559343,"(-0.29156360, 0.62757000)"
11.12077,"(-0.15520780,-0.5827066,0.1318316, -0.78675540)","(23.44443000,72.70643, 358.34120000)","(0.87597250,-0.3978594, 0.27272720)","(-23.44443000, 72.70644000)",-1.521743,"(-0.29215910, 0.62777230)"
11.1335,"(-0.15586320,-0.5812417,0.1314227, -0.78777710)","(23.47493000,72.50578, 358.38350000)","(0.87480990,-0.3983477, 0.27572960)","(-23.47493000, 72.50578000)",-1.482794,"(-0.29265590, 0.62794700)"
11.14657,"(-0.15659250,-0.5798258,0.130988, -0.78874770)","(23.51095000,72.31519, 358.43520000)","(0.87364900,-0.3989244, 0.27856180)","(-23.51095000, 72.31519000)",-1.434769,"(-0.29310230, 0.62815670)"
11.15943,"(-0.15711300,-0.578667,0.1307135, -0.78954040)","(23.53900000,72.15653, 358.46400000)","(0.87268840,-0.3993732, 0.28091990)","(-23.53900000, 72.15655000)",-1.40806,"(-0.29349540, 0.62832070)"
11.17353,"(-0.15767240,-0.577534,0.1304148, -0.79030750)","(23.56925000,72.0033, 358.49870000)","(0.87173330,-0.3998572, 0.28318780)","(-23.56925000, 72.00330000)",-1.375866,"(-0.29386390, 0.62849780)"
11.18656,"(-0.15824860,-0.5764393,0.1301035, -0.79104250)","(23.60045000,71.85664, 358.53710000)","(0.87079850,-0.4003562, 0.28535040)","(-23.60045000, 71.85664000)",-1.340421,"(-0.29420880, 0.62869610)"
11.20035,"(-0.15883270,-0.5753415,0.1298185, -0.79177110)","(23.63435000,71.70967, 358.57350000)","(0.86983870,-0.4008983, 0.28750870)","(-23.63435000, 71.70967000)",-1.306711,"(-0.29455710, 0.62888100)"
11.21939,"(-0.15938450,-0.5743457,0.1294581, -0.79244190)","(23.66031000,71.57816, 358.61790000)","(0.86900400,-0.4013134, 0.28944720)","(-23.66031000, 71.57816000)",-1.265786,"(-0.29484870, 0.62903360)"
11.22689,"(-0.15985200,-0.5733221,0.129122, -0.79314350)","(23.68000000,71.43998, 358.65280000)","(0.86817260,-0.4016281, 0.29149820)","(-23.68000000, 71.43998000)",-1.233687,"(-0.29519690, 0.62912400)"
11.24058,"(-0.16037560,-0.5723576,0.1288702, -0.79377510)","(23.71102000,71.3116, 358.68550000)","(0.86731120,-0.4021239, 0.29337290)","(-23.71102000, 71.31160000)",-1.203335,"(-0.29550600, 0.62929270)"
11.25346,"(-0.16080890,-0.571479,0.128723, -0.79434410)","(23.74083000,71.19271, 358.70400000)","(0.86650240,-0.4026002, 0.29510440)","(-23.74083000, 71.19272000)",-1.186302,"(-0.29581070, 0.62945450)"
11.26694,"(-0.16125480,-0.5706014,0.1285788, -0.79490780)","(23.77211000,71.07439, 358.72320000)","(0.86568310,-0.4031, 0.29682190)","(-23.77212000, 71.07439000)",-1.168519,"(-0.29611250, 0.62962500)"
11.28177,"(-0.16176100,-0.5698003,0.1285101, -0.79539060)","(23.81447000,70.96863, 358.74180000)","(0.86485170,-0.4037764, 0.29832210)","(-23.81448000, 70.96863000)",-1.150971,"(-0.29637360, 0.62986140)"
11.29339,"(-0.16232210,-0.5690075,0.1285445, -0.79583810)","(23.86918000,70.86469, 358.75450000)","(0.86394450,-0.4046498, 0.29976400)","(-23.86918000, 70.86469000)",-1.138836,"(-0.29664470, 0.63016370)"
11.30704,"(-0.16293630,-0.5683238,0.128535, -0.79620260)","(23.92620000,70.77923, 358.77890000)","(0.86311570,-0.4055596, 0.30091960)","(-23.92620000, 70.77923000)",-1.116099,"(-0.29684540, 0.63048060)"
11.32062,"(-0.16355170,-0.5677112,0.1285951, -0.79650370)","(23.98823000,70.70385, 358.79880000)","(0.86230430,-0.4065489, 0.30190960)","(-23.98823000, 70.70385000)",-1.097179,"(-0.29702480, 0.63082570)"
11.33324,"(-0.16401730,-0.5670989,0.1286786, -0.79683060)","(24.03753000,70.62402, 358.80530000)","(0.86155240,-0.407335, 0.30299440)","(-24.03753000, 70.62402000)",-1.090919,"(-0.29723720, 0.63109900)"
11.3467,"(-0.16435030,-0.5667429,0.1287686, -0.79700070)","(24.07499000,70.57899, 358.80950000)","(0.86106260,-0.407932, 0.30358290)","(-24.07499000, 70.57899000)",-1.086785,"(-0.29735600, 0.63130710)"
11.36089,"(-0.16462640,-0.5665517,0.1289099, -0.79705670)","(24.11073000,70.55662, 358.80980000)","(0.86070380,-0.4085014, 0.30383460)","(-24.11073000, 70.55660000)",-1.086425,"(-0.29741790, 0.63150600)"
11.37849,"(-0.16472780,-0.566523,0.1289138, -0.79705570)","(24.12066000,70.55515, 358.81600000)","(0.86062940,-0.4086597, 0.30383290)","(-24.12067000, 70.55515000)",-1.080646,"(-0.29741240, 0.63156170)"
11.38638,"(-0.16495090,-0.5665527,0.1290047, -0.79697370)","(24.14825000,70.56506, 358.82450000)","(0.86049630,-0.409099, 0.30361850)","(-24.14825000, 70.56506000)",-1.072467,"(-0.29737160, 0.63171630)"
11.39987,"(-0.16519910,-0.5666594,0.1290579, -0.79683780)","(24.17578000,70.58772, 358.84100000)","(0.86043070,-0.4095375, 0.30321280)","(-24.17579000, 70.58772000)",-1.057399,"(-0.29728290, 0.63187130)"
11.41318,"(-0.16546120,-0.5669746,0.129148, -0.79654460)","(24.20745000,70.64184, 358.86160000)","(0.86050310,-0.4100417, 0.30232480)","(-24.20745000, 70.64184000)",-1.038163,"(-0.29710050, 0.63205070)"
11.42663,"(-0.16564330,-0.5675976,0.1293004, -0.79603810)","(24.23612000,70.73946, 358.88030000)","(0.86082300,-0.410498, 0.30079050)","(-24.23613000, 70.73946000)",-1.020867,"(-0.29680100, 0.63221450)"
11.44026,"(-0.16572900,-0.5683314,0.1295068, -0.79546300)","(24.25938000,70.85052, 358.89020000)","(0.86124710,-0.4108681, 0.29906660)","(-24.25938000, 70.85053000)",-1.011624,"(-0.29647830, 0.63234870)"
11.45297,"(-0.16579370,-0.5692407,0.1297596, -0.79475780)","(24.28404000,70.98711, 358.89980000)","(0.86179030,-0.4112605, 0.29695500)","(-24.28404000, 70.98711000)",-1.002882,"(-0.29608580, 0.63249230)"
11.4669,"(-0.16596680,-0.5702758,0.1300265, -0.79393550)","(24.32021000,71.14593, 358.92030000)","(0.86236420,-0.4118358, 0.29448110)","(-24.32021000, 71.14594000)",-0.9839723,"(-0.29562120, 0.63271510)"
11.48095,"(-0.16615980,-0.5714886,0.1303523, -0.79296900)","(24.36254000,71.33188, 358.94240000)","(0.86302690,-0.4125089, 0.29158340)","(-24.36254000, 71.33188000)",-0.9632712,"(-0.29506850, 0.63295130)"
11.49486,"(-0.16653300,-0.5728213,0.1307324, -0.79186590)","(24.42591000,71.54111, 358.97690000)","(0.86365270,-0.4135162, 0.28828510)","(-24.42591000, 71.54111000)",-0.9316724,"(-0.29442260, 0.63328460)"
11.50727,"(-0.16691770,-0.5743839,0.131111, -0.79058930)","(24.49053000,71.78614, 359.02030000)","(0.86443410,-0.4145429, 0.28444310)","(-24.49053000, 71.78614000)",-0.8910931,"(-0.29366830, 0.63363730)"
11.52074,"(-0.16750060,-0.5760994,0.1316015, -0.78913500)","(24.58182000,72.05988, 359.07320000)","(0.86515370,-0.4159922, 0.28010610)","(-24.58182000, 72.05989000)",-0.842791,"(-0.29282160, 0.63414110)"
11.53891,"(-0.16806760,-0.577916,0.1321879, -0.78758660)","(24.67828000,72.34843, 359.11970000)","(0.86588490,-0.4175226, 0.27553270)","(-24.67828000, 72.34844000)",-0.7999081,"(-0.29194740, 0.63467780)"
11.54697,"(-0.16866300,-0.5799282,0.1328054, -0.78587450)","(24.77975000,72.66841, 359.17250000)","(0.86670290,-0.4191312, 0.27047210)","(-24.77975000, 72.66841000)",-0.7512136,"(-0.29097870, 0.63524790)"
11.56043,"(-0.16923550,-0.5821182,0.1335861, -0.78399780)","(24.89055000,73.01443, 359.21470000)","(0.86754380,-0.4208862, 0.26499560)","(-24.89055000, 73.01444000)",-0.711894,"(-0.28996400, 0.63587430)"
11.57344,"(-0.16977620,-0.5843693,0.1344624, -0.78205390)","(25.00515000,73.36923, 359.24830000)","(0.86835960,-0.4226997, 0.25937720)","(-25.00515000, 73.36923000)",-0.6812752,"(-0.28891940, 0.63653740)"
11.58655,"(-0.17029300,-0.5867906,0.1354044, -0.77996330)","(25.12234000,73.75026, 359.28060000)","(0.86923340,-0.4245526, 0.25335410)","(-25.12235000, 73.75027000)",-0.6510199,"(-0.28778510, 0.63716800)"
11.60008,"(-0.17077610,-0.589182,0.1365114, -0.77785910)","(25.24815000,74.12551, 359.29450000)","(0.86997530,-0.4265395, 0.24740030)","(-25.24815000, 74.12551000)",-0.6376578,"(-0.28670740, 0.63786180)"
11.61344,"(-0.17124260,-0.5915959,0.1377661, -0.77570020)","(25.38316000,74.50389, 359.29490000)","(0.87061930,-0.4286696, 0.24138040)","(-25.38316000, 74.50390000)",-0.6364292,"(-0.28567530, 0.63860700)"
11.62675,"(-0.17168090,-0.594,0.1391021, -0.77352460)","(25.52165000,74.88065, 359.28630000)","(0.87118490,-0.4308521, 0.23537930)","(-25.52165000, 74.88066000)",-0.6434618,"(-0.28465380, 0.63938120)"
11.64065,"(-0.17227360,-0.5963318,0.1406883, -0.77130860)","(25.69281000,75.25062, 359.26470000)","(0.87143800,-0.433546, 0.22942030)","(-25.69281000, 75.25063000)",-0.6623429,"(-0.28367730, 0.64034310)"
11.65372,"(-0.17287430,-0.5985717,0.1423388, -0.76913330)","(25.86974000,75.60759, 359.23590000)","(0.87154950,-0.4363266, 0.22365280)","(-25.86974000, 75.60759000)",-0.6869956,"(-0.28274920, 0.64132460)"
11.66703,"(-0.17364850,-0.6006102,0.1441382, -0.76703180)","(26.07387000,75.9391, 359.20090000)","(0.87131550,-0.4395295, 0.21822720)","(-26.07387000, 75.93911000)",-0.7179157,"(-0.28188490, 0.64244390)"
11.68113,"(-0.17455610,-0.6024885,0.1460897, -0.76498070)","(26.30176000,76.25022, 359.15790000)","(0.87078260,-0.4430988, 0.21307550)","(-26.30176000, 76.25022000)",-0.7548515,"(-0.28108140, 0.64370410)"
11.69956,"(-0.17559860,-0.6042185,0.1481264, -0.76298340)","(26.54875000,76.54343, 359.11380000)","(0.86999600,-0.446959, 0.20817020)","(-26.54874000, 76.54343000)",-0.7925354,"(-0.28033640, 0.64507430)"
11.70681,"(-0.17693480,-0.6056646,0.1503828, -0.76108450)","(26.83916000,76.80153, 359.06360000)","(0.86870800,-0.4514876, 0.20372910)","(-26.83917000, 76.80154000)",-0.8353283,"(-0.27970420, 0.64668920)"
11.72052,"(-0.17857030,-0.6068712,0.1527247, -0.75927280)","(27.16379000,77.03305, 359.02230000)","(0.86701730,-0.4565356, 0.19964000)","(-27.16378000, 77.03304000)",-0.8697567,"(-0.27917130, 0.64848990)"
11.73395,"(-0.18026520,-0.6079155,0.1551645, -0.75754020)","(27.50139000,77.24152, 358.97190000)","(0.86509930,-0.4617702, 0.19588650)","(-27.50139000, 77.24152000)",-0.9119305,"(-0.27870770, 0.65036810)"
11.74665,"(-0.18191270,-0.6087362,0.1576321, -0.75597630)","(27.83689000,77.41351, 358.90760000)","(0.86302970,-0.4669562, 0.19269610)","(-27.83689000, 77.41353000)",-0.9661109,"(-0.27835390, 0.65225190)"
11.76058,"(-0.18351780,-0.6094159,0.1601482, -0.75451040)","(28.17238000,77.562, 358.83070000)","(0.86084130,-0.4721259, 0.18986680)","(-28.17238000, 77.56200000)",-1.030596,"(-0.27808690, 0.65410890)"
11.77314,"(-0.18513220,-0.6099132,0.1627206, -0.75316270)","(28.51313000,77.68181, 358.74270000)","(0.85847810,-0.4773601, 0.18746400)","(-28.51313000, 77.68181000)",-1.104821,"(-0.27792060, 0.65598020)"
11.78677,"(-0.18684190,-0.6102934,0.1654043, -0.75184670)","(28.87126000,77.78622, 358.64810000)","(0.85588530,-0.4828432, 0.18526420)","(-28.87127000, 77.78623000)",-1.183825,"(-0.27781630, 0.65795610)"
11.80042,"(-0.18853360,-0.6105323,0.1680741, -0.75063740)","(29.22696000,77.86789, 358.54800000)","(0.85320140,-0.4882702, 0.18341080)","(-29.22695000, 77.86789000)",-1.267023,"(-0.27776000, 0.65992490)"
11.81315,"(-0.19011380,-0.6109204,0.1706783, -0.74933430)","(29.56820000,77.97098, 358.45160000)","(0.85067070,-0.4934593, 0.18126590)","(-29.56820000, 77.97099000)",-1.346539,"(-0.27765630, 0.66181050)"
11.827,"(-0.19154360,-0.6116809,0.1729994, -0.74781590)","(29.87567000,78.13284, 358.38640000)","(0.84857560,-0.4981196, 0.17831500)","(-29.87567000, 78.13284000)",-1.399137,"(-0.27735330, 0.66350590)"
11.84007,"(-0.19279420,-0.6127804,0.1748459, -0.74616320)","(30.13216000,78.34894, 358.36700000)","(0.84704980,-0.5019963, 0.17466110)","(-30.13216000, 78.34895000)",-1.412223,"(-0.27681610, 0.66492250)"
11.85811,"(-0.19400630,-0.6144155,0.1762352, -0.74417490)","(30.35210000,78.65794, 358.41300000)","(0.84608380,-0.5053126, 0.16971020)","(-30.35210000, 78.65794000)",-1.369308,"(-0.27590500, 0.66614510)"
11.86726,"(-0.19529580,-0.6162941,0.1772267, -0.74204570)","(30.54962000,79.01629, 358.51610000)","(0.84541360,-0.5082843, 0.16408220)","(-30.54962000, 79.01630000)",-1.277635,"(-0.27473890, 0.66726010)"
11.88082,"(-0.19676870,-0.6184463,0.1780691, -0.73966050)","(30.75289000,79.43199, 358.66380000)","(0.84480370,-0.5113364, 0.15761250)","(-30.75289000, 79.43199000)",-1.148247,"(-0.27331590, 0.66842910)"
11.89342,"(-0.19817750,-0.6208116,0.1789995, -0.73707380)","(30.95688000,79.88299, 358.81000000)","(0.84422060,-0.5143929, 0.15063720)","(-30.95688000, 79.88299000)",-1.020483,"(-0.27179590, 0.66954830)"
11.90838,"(-0.19926050,-0.6235922,0.1799122, -0.73420680)","(31.12993000,80.39304, 358.95100000)","(0.84399250,-0.5169806, 0.14285600)","(-31.12993000, 80.39305000)",-0.8978747,"(-0.27012970, 0.67050830)"
11.91986,"(-0.20011570,-0.6266176,0.1808632, -0.73115850)","(31.28508000,80.93752, 359.08230000)","(0.84392640,-0.5192966, 0.13460830)","(-31.28508000, 80.93752000)",-0.7843454,"(-0.26840790, 0.67138290)"
11.93379,"(-0.20077060,-0.62977,0.1817118, -0.72805330)","(31.41390000,81.4988, 359.21360000)","(0.84404750,-0.5212168, 0.12616170)","(-31.41391000, 81.49881000)",-0.6705639,"(-0.26658130, 0.67214090)"
11.94653,"(-0.20140780,-0.63291,0.1824746, -0.72495710)","(31.53398000,82.06121, 359.35280000)","(0.84416160,-0.5230041, 0.11771970)","(-31.53398000, 82.06121000)",-0.5514293,"(-0.26472520, 0.67278180)"
11.96085,"(-0.20206300,-0.6359841,0.1831288, -0.72191320)","(31.64655000,82.61726, 359.50270000)","(0.84424350,-0.5246778, 0.10938950)","(-31.64655000, 82.61726000)",-0.4233615,"(-0.26289870, 0.67341000)"
11.97338,"(-0.20259240,-0.6388212,0.1837775, -0.71908950)","(31.74677000,83.12949, 359.63180000)","(0.84427550,-0.5261661, 0.10172750)","(-31.74677000, 83.12950000)",-0.3134116,"(-0.26127000, 0.67398210)"
11.98647,"(-0.20295920,-0.6416209,0.184235, -0.71637110)","(31.81689000,83.63114, 359.76300000)","(0.84449300,-0.5272063, 0.09426029)","(-31.81689000, 83.63115000)",-0.2007689,"(-0.25965600, 0.67437400)"
12.00014,"(-0.20315900,-0.6443081,0.1847174, -0.71377370)","(31.87373000,84.10718, 359.87190000)","(0.84472630,-0.528049, 0.08718698)","(-31.87373000, 84.10719000)",-0.1065312,"(-0.25813730, 0.67467450)"
12.01921,"(-0.20313050,-0.6470549,0.1851572, -0.71117850)","(31.90671000,84.58463, 359.96720000)","(0.84512080,-0.5285378, 0.08011601)","(-31.90671000, 84.58464000)",-0.02797646,"(-0.25662350, 0.67485740)"
12.02709,"(-0.20302420,-0.6498168,0.1855033, -0.70859580)","(31.92512000,85.06328, 0.06503946)","(0.84559150,-0.5288105, 0.07303854)","(-31.92512000, 85.06329000)",0.05233916,"(-0.25510360, 0.67497220)"
12.04061,"(-0.20288540,-0.6524713,0.1858742, -0.70609460)","(31.94249000,85.52312, 0.15289230)","(0.84599050,-0.5290678, 0.06623736)","(-31.94249000, 85.52312000)",0.1282043,"(-0.25365640, 0.67509260)"
12.05311,"(-0.20274840,-0.6551262,0.1862251, -0.70357880)","(31.95823000,85.98497, 0.24335660)","(0.84635210,-0.5293008, 0.05940558)","(-31.95822000, 85.98499000)",0.2055842,"(-0.25220300, 0.67514970)"
12.06715,"(-0.20257510,-0.6578348,0.1866602, -0.70098120)","(31.97748000,86.45611, 0.32633060)","(0.84663430,-0.5295858, 0.05243338)","(-31.97748000, 86.45612000)",0.2762456,"(-0.25073890, 0.67524930)"
12.08061,"(-0.20231410,-0.6605659,0.1872761, -0.69831900)","(32.00382000,86.92814, 0.38692370)","(0.84679420,-0.5299758, 0.04544355)","(-32.00382000, 86.92815000)",0.3274564,"(-0.24931630, 0.67540070)"
12.09348,"(-0.20204260,-0.6633394,0.1879705, -0.69557660)","(32.03577000,87.40917, 0.44269270)","(0.84685060,-0.5304487, 0.03831934)","(-32.03578000, 87.40918000)",0.3748225,"(-0.24785850, 0.67560490)"
12.10806,"(-0.20169160,-0.6660837,0.1887785, -0.69283160)","(32.07043000,87.88279, 0.48030330)","(0.84681760,-0.5309613, 0.03130598)","(-32.07043000, 87.88280000)",0.4063823,"(-0.24646000, 0.67577520)"
12.1208,"(-0.20132600,-0.6689569,0.1895668, -0.68994860)","(32.10234000,88.38127, 0.52583340)","(0.84676220,-0.5314332, 0.02392909)","(-32.10234000, 88.38129000)",0.4449939,"(-0.24499200, 0.67594080)"
12.13349,"(-0.20097900,-0.6718818,0.1902828, -0.68700420)","(32.12999000,88.89273, 0.58309480)","(0.84668550,-0.5318419, 0.01636462)","(-32.12999000, 88.89273000)",0.4933717,"(-0.24346710, 0.67609550)"
12.14672,"(-0.20067210,-0.6747956,0.1911326, -0.68399550)","(32.17239000,89.40681, 0.63343050)","(0.84640430,-0.5324686, 0.00876308)","(-32.17240000, 89.40682000)",0.5363187,"(-0.24194930, 0.67634610)"
12.16055,"(-0.20056730,-0.6778449,0.1920129, -0.68075700)","(32.23446000,89.95949, 0.70980670)","(0.84587240,-0.533385, 0.00059803)","(-32.23446000, 89.95950000)",0.6003569,"(-0.24027900, 0.67667770)"
12.17944,"(-0.20054010,-0.6808558,0.1928707, -0.67751010)","(32.30120000,90.51258, 0.79542590)","(0.84521680,-0.5343701, -0.00756175)","(-32.30121000, 90.51259000)",0.6720214,"(-0.23859930, 0.67703530)"
12.18668,"(-0.20070520,-0.6839699,0.1936162, -0.67410340)","(32.37426000,91.09872, 0.91710050)","(0.84441330,-0.5354474, -0.01619482)","(-32.37426000, 91.09873000)",0.774302,"(-0.23671560, 0.67744350)"
12.19981,"(-0.20090270,-0.687355,0.1939649, -0.67049150)","(32.41533000,91.74031, 1.09138700)","(0.84379520,-0.5360527, -0.02563756)","(-32.41533000, 91.74033000)",0.9211111,"(-0.23457880, 0.67766850)"
12.21362,"(-0.20086710,-0.6913149,0.1938069, -0.66646450)","(32.39172000,92.47931, 1.31606100)","(0.84361490,-0.5357047, -0.03652781)","(-32.39172000, 92.47932000)",1.111531,"(-0.23206570, 0.67750270)"
12.22638,"(-0.20079710,-0.6961794,0.1932959, -0.66155230)","(32.33122000,93.39037, 1.61613800)","(0.84349160,-0.5348129, -0.04997046)","(-32.33122000, 93.39038000)",1.365587,"(-0.22900890, 0.67717460)"
12.24052,"(-0.20054560,-0.7015867,0.1928896, -0.65601160)","(32.26108000,94.40062, 1.91951300)","(0.84313170,-0.5337781, -0.06488481)","(-32.26108000, 94.40063000)",1.62305,"(-0.22564910, 0.67672360)"
12.25314,"(-0.20032880,-0.7074159,0.1926779, -0.64985110)","(32.20666000,95.50269, 2.23568600)","(0.84223220,-0.5329747, -0.08113793)","(-32.20666000, 95.50271000)",1.891551,"(-0.22196700, 0.67640470)"
12.26648,"(-0.19996540,-0.7137352,0.1926609, -0.64302230)","(32.15301000,96.70213, 2.55045700)","(0.84084430,-0.5321822, -0.09880826)","(-32.15302000, 96.70213000)",2.159033,"(-0.21805330, 0.67604410)"
12.28059,"(-0.19958890,-0.7198234,0.1929372, -0.63623410)","(32.12254000,97.8699, 2.83112900)","(0.83893620,-0.5317318, -0.11596290)","(-32.12254000, 97.86990000)",2.397432,"(-0.21428560, 0.67583980)"
12.29325,"(-0.19919490,-0.7256083,0.1933325, -0.62963200)","(32.10052000,98.98999, 3.08694700)","(0.83671080,-0.5314063, -0.13237220)","(-32.10053000, 98.99000000)",2.614566,"(-0.21070150, 0.67567090)"
12.3068,"(-0.19870700,-0.7310878,0.1938425, -0.62325850)","(32.08140000,100.0561, 3.30967900)","(0.83427760,-0.5311235, -0.14794780)","(-32.08140000, 100.05610000)",2.803794,"(-0.20732430, 0.67552830)"
12.32196,"(-0.19821560,-0.7361182,0.1945335, -0.61724980)","(32.07957000,101.0444, 3.49603700)","(0.83161840,-0.5310965, -0.16231880)","(-32.07956000, 101.04440000)",2.961674,"(-0.20422050, 0.67547200)"
12.33912,"(-0.19772350,-0.7406906,0.1951274, -0.61172540)","(32.07056000,101.9482, 3.66549600)","(0.82903610,-0.5309632, -0.17543440)","(-32.07056000, 101.94820000)",3.105515,"(-0.20138360, 0.67542760)"
12.34684,"(-0.19707690,-0.7447785,0.1958579, -0.60671690)","(32.06502000,102.7527, 3.78192100)","(0.82654120,-0.5308813, -0.18706860)","(-32.06502000, 102.75270000)",3.204302,"(-0.19895260, 0.67533330)"
12.36053,"(-0.19631480,-0.748516,0.1967015, -0.60207370)","(32.06361000,103.4858, 3.85878100)","(0.82409270,-0.5308605, -0.19763130)","(-32.06362000, 103.48580000)",3.269442,"(-0.19678820, 0.67531360)"
12.37365,"(-0.19557260,-0.7518615,0.1976233, -0.59782990)","(32.07365000,104.1459, 3.91104000)","(0.82167120,-0.531009, -0.20708880)","(-32.07365000, 104.14590000)",3.313339,"(-0.19484250, 0.67537990)"
12.38663,"(-0.19471020,-0.7547033,0.1987975, -0.59413000)","(32.10230000,104.7014, 3.90392700)","(0.81936790,-0.5314327, -0.21497820)","(-32.10231000, 104.70140000)",3.306182,"(-0.19328280, 0.67552750)"
12.39986,"(-0.19391840,-0.7572781,0.2000318, -0.59068830)","(32.14408000,105.2105, 3.88630100)","(0.81705100,-0.5320503, -0.22214910)","(-32.14408000, 105.21050000)",3.289857,"(-0.19187470, 0.67573940)"
12.41348,"(-0.19315980,-0.7593091,0.2013325, -0.58788110)","(32.19870000,105.6113, 3.83633900)","(0.81498830,-0.5328572, -0.22772200)","(-32.19871000, 105.61130000)",3.245642,"(-0.19084490, 0.67604710)"
12.42715,"(-0.19233270,-0.7610703,0.2025141, -0.58546410)","(32.23972000,105.9506, 3.77093400)","(0.81325850,-0.5334626, -0.23243960)","(-32.23971000, 105.95060000)",3.188869,"(-0.19001940, 0.67628790)"
12.44061,"(-0.19151710,-0.7624844,0.203433, -0.58356980)","(32.25960000,106.2139, 3.70351800)","(0.81200390,-0.5337563, -0.23612240)","(-32.25961000, 106.21390000)",3.131191,"(-0.18941020, 0.67641350)"
12.45372,"(-0.19072230,-0.7637267,0.2042743, -0.58190950)","(32.27514000,106.4416, 3.63341800)","(0.81092020,-0.5339856, -0.23930680)","(-32.27514000, 106.44160000)",3.071477,"(-0.18890670, 0.67651670)"
12.46661,"(-0.19004190,-0.7645715,0.205, -0.58076630)","(32.29064000,106.5904, 3.55974500)","(0.81015750,-0.5342143, -0.24137120)","(-32.29064000, 106.59040000)",3.008628,"(-0.18863060, 0.67661980)"
12.48116,"(-0.18943280,-0.7651983,0.2056549, -0.57990770)","(32.30597000,106.6963, 3.48553300)","(0.80957320,-0.5344405, -0.24282640)","(-32.30598000, 106.69630000)",2.945369,"(-0.18847560, 0.67672110)"
12.49871,"(-0.18884800,-0.7656756,0.2063063, -0.57923660)","(32.32375000,106.7718, 3.40516300)","(0.80909360,-0.5347027, -0.24384540)","(-32.32375000, 106.77180000)",2.876984,"(-0.18841720, 0.67683640)"
12.50677,"(-0.18834440,-0.7659615,0.2068679, -0.57882210)","(32.33995000,106.81, 3.32815600)","(0.80878600,-0.5349416, -0.24434130)","(-32.33995000, 106.81000000)",2.811463,"(-0.18845630, 0.67694090)"
12.52004,"(-0.18779650,-0.7662174,0.207441, -0.57845620)","(32.35436000,106.8391, 3.24343600)","(0.80853300,-0.5351539, -0.24471330)","(-32.35435000, 106.83910000)",2.739526,"(-0.18853500, 0.67703590)"
12.53473,"(-0.18732420,-0.7663727,0.2078749, -0.57824780)","(32.36147000,106.8491, 3.17024600)","(0.80842670,-0.5352589, -0.24483480)","(-32.36148000, 106.84910000)",2.677519,"(-0.18864350, 0.67708710)"
12.54678,"(-0.18684700,-0.7665284,0.2082804, -0.57804980)","(32.36558000,106.8584, 3.09840800)","(0.80835010,-0.5353194, -0.24495530)","(-32.36558000, 106.85840000)",2.616662,"(-0.18875170, 0.67712120)"
12.56056,"(-0.18642230,-0.7667317,0.2084638, -0.57785130)","(32.35208000,106.8775, 3.05008600)","(0.80838910,-0.5351204, -0.24526150)","(-32.35208000, 106.87750000)",2.576255,"(-0.18879220, 0.67705440)"
12.57367,"(-0.18604140,-0.7669291,0.2087801, -0.57759770)","(32.35431000,106.9008, 2.99784300)","(0.80826960,-0.5351534, -0.24558340)","(-32.35431000, 106.90080000)",2.532114,"(-0.18882580, 0.67707530)"
12.58624,"(-0.18559790,-0.7672148,0.2090511, -0.57726280)","(32.34743000,106.9382, 2.94686500)","(0.80817030,-0.5350518, -0.24613030)","(-32.34743000, 106.93820000)",2.489236,"(-0.18881960, 0.67704560)"
12.6001,"(-0.18524050,-0.7675301,0.2093148, -0.57686290)","(32.34578000,106.9877, 2.90820200)","(0.80797220,-0.5350276, -0.24683300)","(-32.34578000, 106.98770000)",2.456706,"(-0.18875620, 0.67704360)"
12.61385,"(-0.18486500,-0.7679819,0.209503, -0.57631360)","(32.33504000,107.0643, 2.88094400)","(0.80773720,-0.5348693, -0.24794250)","(-32.33505000, 107.06440000)",2.433893,"(-0.18859840, 0.67699040)"
12.62681,"(-0.18456810,-0.7684309,0.2098322, -0.57569000)","(32.34332000,107.1483, 2.85350200)","(0.80729930,-0.5349911, -0.24910300)","(-32.34331000, 107.14830000)",2.410459,"(-0.18841720, 0.67704250)"
12.64064,"(-0.18427770,-0.7689337,0.2101807, -0.57498420)","(32.35366000,107.2449, 2.82900100)","(0.80678610,-0.5351436, -0.25043440)","(-32.35365000, 107.24490000)",2.3895,"(-0.18819480, 0.67710620)"
12.65874,"(-0.18401520,-0.7695028,0.2105729, -0.57416280)","(32.36983000,107.3587, 2.80917900)","(0.80614260,-0.5353822, -0.25199210)","(-32.36983000, 107.35870000)",2.372401,"(-0.18791580, 0.67720260)"
12.66664,"(-0.18383660,-0.7700819,0.211277, -0.57318410)","(32.42163000,107.4865, 2.77974100)","(0.80511650,-0.5361456, -0.25364400)","(-32.42163000, 107.48650000)",2.346186,"(-0.18761490, 0.67749940)"
12.68082,"(-0.18369560,-0.7705978,0.2119491, -0.57228710)","(32.47342000,107.6027, 2.75293200)","(0.80413810,-0.5369083, -0.25513010)","(-32.47342000, 107.60280000)",2.32212,"(-0.18733950, 0.67779490)"
12.69366,"(-0.18375440,-0.7711082,0.2127469, -0.57128380)","(32.55124000,107.7338, 2.74115700)","(0.80285690,-0.5380536, -0.25674720)","(-32.55124000, 107.73390000)",2.310205,"(-0.18700600, 0.67823810)"
12.70679,"(-0.18386770,-0.7715967,0.2136004, -0.57026850)","(32.63836000,107.8653, 2.73108600)","(0.80148610,-0.5393347, -0.25833750)","(-32.63836000, 107.86530000)",2.299591,"(-0.18666820, 0.67873300)"
12.7207,"(-0.18395200,-0.7720789,0.2143965, -0.56928910)","(32.71807000,107.9928, 2.72121100)","(0.80019480,-0.5405058, -0.25988820)","(-32.71807000, 107.99280000)",2.289184,"(-0.18630930, 0.67917900)"
12.73456,"(-0.18407490,-0.7724761,0.2152385, -0.56839200)","(32.80535000,108.1055, 2.70774700)","(0.79889850,-0.5417866, -0.26120570)","(-32.80534000, 108.10550000)",2.275635,"(-0.18599310, 0.67968180)"
12.74698,"(-0.18430210,-0.7727677,0.2160287, -0.56762180)","(32.89545000,108.2013, 2.70318500)","(0.79765050,-0.5431078, -0.26227430)","(-32.89545000, 108.20130000)",2.269434,"(-0.18571850, 0.68017790)"
12.76065,"(-0.18450040,-0.7730184,0.216862, -0.56689780)","(32.98793000,108.2873, 2.69008100)","(0.79642260,-0.5444623, -0.26319550)","(-32.98793000, 108.28730000)",2.2562,"(-0.18548850, 0.68069010)"
12.77331,"(-0.18460990,-0.773254,0.2176223, -0.56624900)","(33.06739000,108.3627, 2.67038500)","(0.79535810,-0.545625, -0.26400510)","(-33.06738000, 108.36270000)",2.237647,"(-0.18530390, 0.68113170)"
12.78717,"(-0.18466300,-0.7735127,0.2184175, -0.56557180)","(33.14624000,108.4403, 2.64352700)","(0.79428660,-0.5467778, -0.26484470)","(-33.14624000, 108.44030000)",2.21302,"(-0.18512650, 0.68157470)"
12.80021,"(-0.18469390,-0.7737771,0.2191608, -0.56491210)","(33.21860000,108.5168, 2.61786300)","(0.79327680,-0.5478349, -0.26568580)","(-33.21861000, 108.51680000)",2.189727,"(-0.18495150, 0.68198160)"
12.81907,"(-0.18470310,-0.7739547,0.2198763, -0.56438740)","(33.28725000,108.5722, 2.58576700)","(0.79239700,-0.5488369, -0.26624230)","(-33.28725000, 108.57220000)",2.161298,"(-0.18485020, 0.68236770)"
12.82652,"(-0.18470770,-0.7741752,0.22061, -0.56379710)","(33.35719000,108.6372, 2.55494600)","(0.79145870,-0.5498569, -0.26692820)","(-33.35719000, 108.63730000)",2.133775,"(-0.18471910, 0.68276130)"
12.84025,"(-0.18462030,-0.7743778,0.221249, -0.56329670)","(33.41179000,108.6902, 2.51810200)","(0.79071490,-0.5506526, -0.26749130)","(-33.41179000, 108.69020000)",2.101613,"(-0.18463670, 0.68307010)"
12.85352,"(-0.18456000,-0.7746385,0.2218161, -0.56273470)","(33.46114000,108.7566, 2.49295800)","(0.78995510,-0.5513712, -0.26825460)","(-33.46114000, 108.75660000)",2.079614,"(-0.18449450, 0.68334930)"
12.86635,"(-0.18454480,-0.7748807,0.2222498, -0.56223490)","(33.50085000,108.8191, 2.48032500)","(0.78929990,-0.5519493, -0.26899370)","(-33.50085000, 108.81910000)",2.068006,"(-0.18433980, 0.68357400)"
12.88078,"(-0.18448500,-0.7751418,0.2225911, -0.56175950)","(33.52851000,108.881, 2.46953200)","(0.78875700,-0.5523518, -0.26975910)","(-33.52851000, 108.88100000)",2.058425,"(-0.18419500, 0.68371110)"
12.89353,"(-0.18451350,-0.7754482,0.2228768, -0.56121360)","(33.55670000,108.9579, 2.47582200)","(0.78813660,-0.5527618, -0.27073030)","(-33.55669000, 108.95800000)",2.062984,"(-0.18396830, 0.68386360)"
12.90703,"(-0.18450440,-0.7757356,0.2230447, -0.56075260)","(33.57102000,109.0256, 2.48373900)","(0.78768600,-0.5529702, -0.27161530)","(-33.57102000, 109.02560000)",2.069141,"(-0.18376590, 0.68393920)"
12.92081,"(-0.18456880,-0.7759677,0.2233548, -0.56028670)","(33.60436000,109.0891, 2.48786700)","(0.78708000,-0.553455, -0.27238290)","(-33.60437000, 109.08910000)",2.071882,"(-0.18358020, 0.68412200)"
12.93409,"(-0.18460100,-0.7761645,0.2236648, -0.55987970)","(33.63567000,109.1425, 2.48582100)","(0.78654000,-0.55391, -0.27301760)","(-33.63567000, 109.14250000)",2.069425,"(-0.18343450, 0.68429490)"
12.94695,"(-0.18470450,-0.7763498,0.2240065, -0.55945170)","(33.67500000,109.1991, 2.48960500)","(0.78591040,-0.5544813, -0.27366970)","(-33.67500000, 109.19910000)",2.071599,"(-0.18326820, 0.68451170)"
12.96088,"(-0.18470940,-0.77647,0.2241523, -0.55922490)","(33.68890000,109.2298, 2.48934700)","(0.78563670,-0.5546832, -0.27404650)","(-33.68890000, 109.22980000)",2.071032,"(-0.18318340, 0.68458830)"
12.97928,"(-0.18478390,-0.7765398,0.2243359, -0.55902980)","(33.71146000,109.2549, 2.49163200)","(0.78531050,-0.5550109, -0.27431830)","(-33.71146000, 109.25490000)",2.072449,"(-0.18310830, 0.68471310)"
12.9865,"(-0.18489150,-0.7765673,0.2245447, -0.55887210)","(33.73893000,109.2734, 2.49345000)","(0.78497080,-0.5554096, -0.27448320)","(-33.73893000, 109.27340000)",2.073299,"(-0.18305180, 0.68486540)"
12.99981,"(-0.18503760,-0.7765107,0.2247169, -0.55883320)","(33.76587000,109.2747, 2.49637000)","(0.78471780,-0.5558004, -0.27441560)","(-33.76587000, 109.27470000)",2.075092,"(-0.18303970, 0.68501520)"
13.01335,"(-0.18518350,-0.7764108,0.224898, -0.55885080)","(33.79385000,109.2665, 2.49575100)","(0.78450080,-0.5562065, -0.27421320)","(-33.79385000, 109.26650000)",2.073865,"(-0.18306060, 0.68517170)"
13.02653,"(-0.18525280,-0.7762676,0.2250744, -0.55895580)","(33.81631000,109.243, 2.48330600)","(0.78440720,-0.5565321, -0.27382000)","(-33.81631000, 109.24300000)",2.062984,"(-0.18314650, 0.68529980)"
13.04066,"(-0.18525010,-0.7760606,0.2252884, -0.55915780)","(33.83775000,109.2009, 2.45554000)","(0.78441130,-0.556843, -0.27317520)","(-33.83775000, 109.20090000)",2.039417,"(-0.18331250, 0.68542540)"
13.05313,"(-0.18515370,-0.7758822,0.2255525, -0.55933090)","(33.85746000,109.1599, 2.41542200)","(0.78442600,-0.5571287, -0.27255010)","(-33.85746000, 109.15990000)",2.005645,"(-0.18349980, 0.68554340)"
13.06643,"(-0.18505640,-0.7756436,0.2258469, -0.55957510)","(33.88027000,109.1058, 2.36917400)","(0.78447290,-0.5574592, -0.27173780)","(-33.88026000, 109.10590000)",1.966624,"(-0.18373370, 0.68568040)"
13.07985,"(-0.18502940,-0.7753447,0.2262464, -0.55983690)","(33.91832000,109.0455, 2.32061600)","(0.78440860,-0.5580105, -0.27079050)","(-33.91832000, 109.04550000)",1.925594,"(-0.18398360, 0.68591120)"
13.09417,"(-0.18505000,-0.7749903,0.2266723, -0.56014840)","(33.96239000,108.9766, 2.27222000)","(0.78432770,-0.5586486, -0.26970700)","(-33.96239000, 108.97660000)",1.884398,"(-0.18426280, 0.68616040)"
13.10714,"(-0.18500010,-0.7745522,0.2271197, -0.56058930)","(34.00397000,108.8843, 2.20825000)","(0.78437700,-0.5592504, -0.26831250)","(-34.00398000, 108.88430000)",1.830559,"(-0.18464280, 0.68638370)"
13.12109,"(-0.18477230,-0.7741713,0.2274623, -0.56105170)","(34.02283000,108.7902, 2.13346700)","(0.78464280,-0.5595232, -0.26696400)","(-34.02282000, 108.79020000)",1.76824,"(-0.18504820, 0.68648890)"
13.13987,"(-0.18450550,-0.7738368,0.2277243, -0.56149450)","(34.03094000,108.702, 2.06226100)","(0.78497740,-0.5596405, -0.26573130)","(-34.03094000, 108.70200000)",1.708804,"(-0.18543100, 0.68653540)"
13.14689,"(-0.18422380,-0.7735168,0.2280255, -0.56190540)","(34.04169000,108.6171, 1.98783100)","(0.78527110,-0.5597959, -0.26453320)","(-34.04168000, 108.61710000)",1.647107,"(-0.18581100, 0.68659730)"
13.16049,"(-0.18388800,-0.7731619,0.2282598, -0.56240850)","(34.04224000,108.5191, 1.90875900)","(0.78571710,-0.5598039, -0.26318820)","(-34.04224000, 108.51910000)",1.581401,"(-0.18623730, 0.68660340)"
13.17322,"(-0.18369980,-0.7727841,0.2285652, -0.56286500)","(34.05991000,108.4278, 1.84120800)","(0.78597150,-0.5600595, -0.26188180)","(-34.05992000, 108.42780000)",1.525211,"(-0.18660880, 0.68670020)"
13.18684,"(-0.18361620,-0.7723202,0.2287574, -0.56345070)","(34.07415000,108.322, 1.78726900)","(0.78632160,-0.5602653, -0.26038690)","(-34.07414000, 108.32210000)",1.480416,"(-0.18701200, 0.68678340)"
13.20043,"(-0.18358580,-0.7717589,0.2289803, -0.56413880)","(34.09529000,108.1989, 1.73099900)","(0.78668310,-0.560571, -0.25863100)","(-34.09529000, 108.19890000)",1.433268,"(-0.18746330, 0.68690440)"
13.21352,"(-0.18348770,-0.7711256,0.229122, -0.56497860)","(34.10400000,108.0533, 1.66690100)","(0.78725670,-0.5606968, -0.25660470)","(-34.10400000, 108.05330000)",1.380126,"(-0.18798920, 0.68695690)"
13.22667,"(-0.18331780,-0.7704166,0.2291996, -0.56596850)","(34.10163000,107.8847, 1.59323700)","(0.78803030,-0.5606627, -0.25429430)","(-34.10164000, 107.88470000)",1.319231,"(-0.18861960, 0.68695740)"
13.24054,"(-0.18317580,-0.7696528,0.2292458, -0.56703390)","(34.09821000,107.7054, 1.52123100)","(0.78885400,-0.5606131, -0.25183780)","(-34.09821000, 107.70540000)",1.259587,"(-0.18926350, 0.68694950)"
13.25389,"(-0.18333000,-0.768705,0.2292018, -0.56828640)","(34.10733000,107.5039, 1.47747800)","(0.78965000,-0.5607449, -0.24903430)","(-34.10733000, 107.50390000)",1.223173,"(-0.18991260, 0.68701140)"
13.26677,"(-0.18368010,-0.7675153,0.2291823, -0.56978710)","(34.13321000,107.2629, 1.43884900)","(0.79044820,-0.561119, -0.24563630)","(-34.13322000, 107.26290000)",1.190747,"(-0.19065980, 0.68717050)"
13.28087,"(-0.18419140,-0.7659392,0.229036, -0.57179810)","(34.15931000,106.9455, 1.40118200)","(0.79155230,-0.5614959, -0.24117870)","(-34.15932000, 106.94550000)",1.159441,"(-0.19161300, 0.68734900)"
13.29898,"(-0.18470450,-0.7641292,0.2289274, -0.57409320)","(34.18975000,106.5785, 1.34561200)","(0.79279490,-0.5619354, -0.23601840)","(-34.18975000, 106.57850000)",1.112939,"(-0.19276120, 0.68750300)"
13.3065,"(-0.18519270,-0.7619774,0.2286932, -0.57688260)","(34.20718000,106.1339, 1.27258900)","(0.79443840,-0.562187, -0.22981170)","(-34.20718000, 106.13390000)",1.052391,"(-0.19416390, 0.68759180)"
13.32061,"(-0.18561590,-0.7595758,0.2284146, -0.58001560)","(34.21616000,105.6318, 1.17871400)","(0.79633690,-0.5623167, -0.22281740)","(-34.21616000, 105.63180000)",0.9745807,"(-0.19577980, 0.68764820)"
13.33373,"(-0.18608540,-0.7568979,0.2280388, -0.58350330)","(34.21965000,105.0739, 1.07909300)","(0.79843540,-0.5623671, -0.21504430)","(-34.21966000, 105.07390000)",0.8924097,"(-0.19749760, 0.68767640)"
13.34802,"(-0.18650030,-0.7537515,0.2274588, -0.58765540)","(34.20050000,104.4116, 0.95707950)","(0.80105000,-0.5620907, -0.20584730)","(-34.20050000, 104.41160000)",0.7915472,"(-0.19954420, 0.68760540)"
13.35989,"(-0.18703060,-0.7502475,0.2268216, -0.59219940)","(34.18477000,103.6846, 0.83056220)","(0.80374710,-0.5618635, -0.19570370)","(-34.18478000, 103.68460000)",0.6867107,"(-0.20180460, 0.68748680)"
13.37307,"(-0.18757300,-0.7460827,0.2261859, -0.59750900)","(34.17067000,102.8244, 0.66438420)","(0.80672940,-0.5616598, -0.18364590)","(-34.17067000, 102.82440000)",0.5492961,"(-0.20451250, 0.68740870)"
13.38653,"(-0.18815860,-0.741389,0.2252998, -0.60347220)","(34.13651000,101.8609, 0.48962690)","(0.81003120,-0.5611665, -0.17012260)","(-34.13651000, 101.86090000)",0.4049353,"(-0.20757680, 0.68727800)"
13.40019,"(-0.18872760,-0.7361817,0.2243177, -0.60999990)","(34.09210000,100.799, 0.29113500)","(0.81347170,-0.5605249, -0.15516330)","(-34.09211000, 100.79900000)",0.2406627,"(-0.21094180, 0.68699200)"
13.41358,"(-0.18903860,-0.7306828,0.2234096, -0.61681050)","(34.03402000,99.67459, 0.04506108)","(0.81691960,-0.5596851, -0.13926590)","(-34.03402000, 99.67460000)",0.03426402,"(-0.21452740, 0.68670710)"
13.427,"(-0.18926780,-0.7251006,0.2225718, -0.62359330)","(33.97466000,98.54264, 359.78500000)","(0.82008440,-0.5588262, -0.12318650)","(-33.97466000, 98.54264000)",-0.1780411,"(-0.21818570, 0.68633900)"
13.44078,"(-0.18947200,-0.7191444,0.2218328, -0.63065200)","(33.92045000,97.3485, 359.49710000)","(0.82299750,-0.5580414, -0.10613670)","(-33.92046000, 97.34851000)",-0.4168407,"(-0.22208050, 0.68607650)"
13.459,"(-0.18993800,-0.7128088,0.2211876, -0.63788960)","(33.89329000,96.1096, 359.21260000)","(0.82536270,-0.5576479, -0.08834568)","(-33.89330000, 96.10960000)",-0.65342,"(-0.22608880, 0.68587680)"
13.46641,"(-0.19061940,-0.7061064,0.2204861, -0.64534010)","(33.87632000,94.82569, 358.93840000)","(0.82729970,-0.557402, -0.06984391)","(-33.87632000, 94.82570000)",-0.8813781,"(-0.23018790, 0.68577440)"
13.48092,"(-0.19151480,-0.69872,0.2199311, -0.65325550)","(33.88699000,93.43751, 358.63940000)","(0.82864520,-0.5575566, -0.04977504)","(-33.88699000, 93.43752000)",-1.129519,"(-0.23461750, 0.68582760)"
13.49353,"(-0.19248870,-0.6908862,0.2194181, -0.66142280)","(33.90508000,91.98521, 358.32350000)","(0.82946480,-0.5578188, -0.02875131)","(-33.90508000, 91.98522000)",-1.391142,"(-0.23932050, 0.68588390)"
13.5069,"(-0.19343060,-0.6826523,0.2187689, -0.66985870)","(33.90576000,90.47351, 357.99780000)","(0.82992790,-0.5578285, -0.00685910)","(-33.90576000, 90.47352000)",-1.661775,"(-0.24413900, 0.68585130)"
13.52054,"(-0.19435780,-0.674126,0.2179933, -0.67842320)","(33.89161000,88.92606, 357.67050000)","(0.82994810,-0.5576236, 0.01555827)","(-33.89162000, 88.92606000)",-1.933506,"(-0.24912420, 0.68574050)"
13.53348,"(-0.19523270,-0.6653621,0.2171415, -0.68704220)","(33.86388000,87.35252, 357.33770000)","(0.82947740,-0.5572217, 0.03835503)","(-33.86388000, 87.35253000)",-2.210543,"(-0.25412630, 0.68556590)"
13.547,"(-0.19615550,-0.656414,0.2163516, -0.69558300)","(33.84287000,85.7683, 357.00040000)","(0.82830380,-0.5569173, 0.06128745)","(-33.84287000, 85.76831000)",-2.490965,"(-0.25919490, 0.68535840)"
13.56238,"(-0.19705720,-0.6474394,0.2156138, -0.70391860)","(33.82224000,84.19811, 356.66120000)","(0.82651280,-0.5566181, 0.08398151)","(-33.82224000, 84.19812000)",-2.773188,"(-0.26420090, 0.68517800)"
13.57356,"(-0.19826320,-0.638217,0.2150971, -0.71211240)","(33.84365000,82.61605, 356.32220000)","(0.82367280,-0.5569286, 0.10674160)","(-33.84365000, 82.61607000)",-3.053963,"(-0.26928710, 0.68524290)"
13.58694,"(-0.19955820,-0.6289632,0.2146398, -0.72007750)","(33.87588000,81.05, 355.98830000)","(0.82013830,-0.5573957, 0.12916360)","(-33.87589000, 81.05000000)",-3.329843,"(-0.27431060, 0.68534270)"
13.6001,"(-0.20095020,-0.6198221,0.2143619, -0.72765960)","(33.92997000,79.52286, 355.65520000)","(0.81588690,-0.5581793, 0.15087900)","(-33.92998000, 79.52287000)",-3.603859,"(-0.27919960, 0.68554770)"
13.61845,"(-0.20241000,-0.6108175,0.2140188, -0.73493410)","(33.98452000,78.0377, 355.34400000)","(0.81118210,-0.5589689, 0.17186430)","(-33.98452000, 78.03770000)",-3.859402,"(-0.28395700, 0.68579240)"
13.62634,"(-0.20406700,-0.6023409,0.2137592, -0.74151810)","(34.06621000,76.66352, 355.07100000)","(0.80605100,-0.5601506, 0.19108420)","(-34.06622000, 76.66353000)",-4.081543,"(-0.28827000, 0.68616210)"
13.64081,"(-0.20574430,-0.5943802,0.21364, -0.74748870)","(34.16304000,75.38641, 354.81300000)","(0.80067460,-0.5615498, 0.20876300)","(-34.16304000, 75.38641000)",-4.290076,"(-0.29242490, 0.68661890)"
13.65351,"(-0.20762420,-0.5868822,0.2136099, -0.75288270)","(34.28854000,74.20272, 354.58670000)","(0.79500570,-0.5633609, 0.22492300)","(-34.28855000, 74.20273000)",-4.470411,"(-0.29620890, 0.68722400)"
13.66665,"(-0.20963260,-0.5795901,0.2134782, -0.75799510)","(34.42038000,73.06695, 354.39080000)","(0.78914900,-0.5652605, 0.24025910)","(-34.42039000, 73.06696000)",-4.624698,"(-0.29973360, 0.68794190)"
13.68077,"(-0.21169000,-0.5725303,0.2131735, -0.76285870)","(34.54655000,71.98053, 354.22740000)","(0.78326620,-0.5670757, 0.25479270)","(-34.54655000, 71.98055000)",-4.752131,"(-0.30314600, 0.68853990)"
13.69352,"(-0.21378300,-0.5655792,0.2126889, -0.76758090)","(34.66494000,70.92212, 354.08990000)","(0.77731700,-0.5687763, 0.26883410)","(-34.66494000, 70.92213000)",-4.858171,"(-0.30640790, 0.68916500)"
13.70655,"(-0.21591950,-0.558622,0.2120957, -0.77222770)","(34.78096000,69.8718, 353.96600000)","(0.77117560,-0.5704406, 0.28264050)","(-34.78096000, 69.87181000)",-4.95294,"(-0.30956910, 0.68978090)"
13.72061,"(-0.21795830,-0.5518737,0.2113332, -0.77670320)","(34.87837000,68.86037, 353.86210000)","(0.76516060,-0.5718362, 0.29585910)","(-34.87837000, 68.86037000)",-5.03217,"(-0.31261910, 0.69025960)"
13.73374,"(-0.21987330,-0.545202,0.2106956, -0.78103640)","(34.97377000,67.85944, 353.73850000)","(0.75899260,-0.5732014, 0.30882100)","(-34.97377000, 67.85944000)",-5.127399,"(-0.31571790, 0.69075490)"
13.74692,"(-0.22154330,-0.5388929,0.2101463, -0.78508060)","(35.05422000,66.911, 353.60440000)","(0.75303580,-0.5743514, 0.32102600)","(-35.05422000, 66.91100000)",-5.231881,"(-0.31863570, 0.69115900)"
13.76087,"(-0.22299090,-0.5329829,0.209726, -0.78880880)","(35.12450000,66.02015, 353.45930000)","(0.74730920,-0.5753551, 0.33240860)","(-35.12450000, 66.02015000)",-5.345771,"(-0.32134960, 0.69149370)"
13.77916,"(-0.22436990,-0.5273687,0.2092967, -0.79229750)","(35.18991000,65.17798, 353.32460000)","(0.74174610,-0.5762884, 0.34308080)","(-35.18991000, 65.17799000)",-5.451256,"(-0.32404280, 0.69179250)"
13.78703,"(-0.22598910,-0.5217516,0.2086993, -0.79570650)","(35.26931000,64.35071, 353.22570000)","(0.73599470,-0.5774205, 0.35340840)","(-35.26931000, 64.35071000)",-5.526483,"(-0.32662460, 0.69222470)"
13.8006,"(-0.22777020,-0.5164357,0.2079529, -0.79885570)","(35.35914000,63.58339, 353.16970000)","(0.73038420,-0.5786998, 0.36282980)","(-35.35914000, 63.58339000)",-5.565988,"(-0.32886670, 0.69266950)"
13.81324,"(-0.22963280,-0.5110403,0.2071952, -0.80198300)","(35.45712000,62.80916, 353.11600000)","(0.72453360,-0.5800934, 0.37221320)","(-35.45712000, 62.80916000)",-5.602766,"(-0.33111550, 0.69319000)"
13.82672,"(-0.23140120,-0.505801,0.2064151, -0.80499170)","(35.54639000,62.05943, 353.06520000)","(0.71880170,-0.581362, 0.38123770)","(-35.54640000, 62.05943000)",-5.637776,"(-0.33334370, 0.69366410)"
13.84082,"(-0.23302670,-0.5007647,0.2056675, -0.80785780)","(35.62565000,61.33843, 353.01020000)","(0.71324130,-0.5824869, 0.38986660)","(-35.62565000, 61.33843000)",-5.67682,"(-0.33554010, 0.69408460)"
13.8533,"(-0.23448720,-0.495889,0.2049931, -0.81060950)","(35.69446000,60.63747, 352.94280000)","(0.70780810,-0.5834627, 0.39821970)","(-35.69446000, 60.63747000)",-5.726458,"(-0.33767290, 0.69444810)"
13.86666,"(-0.23577260,-0.4914229,0.2044586, -0.81308760)","(35.75771000,59.99332, 352.86760000)","(0.70272830,-0.5843589, 0.40582950)","(-35.75771000, 59.99332000)",-5.782792,"(-0.33960340, 0.69474890)"
13.88082,"(-0.23709790,-0.4871425,0.2038345, -0.81543130)","(35.82186000,59.38341, 352.81420000)","(0.69780500,-0.5852671, 0.41295340)","(-35.82187000, 59.38342000)",-5.821203,"(-0.34139180, 0.69508470)"
13.89419,"(-0.23858780,-0.4829877,0.2032933, -0.81760050)","(35.91011000,58.7977, 352.76840000)","(0.69277540,-0.5865154, 0.41959750)","(-35.91011000, 58.79771000)",-5.851797,"(-0.34314420, 0.69555490)"
13.90705,"(-0.24016930,-0.4788854,0.2027688, -0.81967820)","(36.01019000,58.22383, 352.72860000)","(0.68766610,-0.5879291, 0.42597500)","(-36.01019000, 58.22384000)",-5.876432,"(-0.34490420, 0.69608230)"
13.9211,"(-0.24182360,-0.4750517,0.202317, -0.82153220)","(36.12534000,57.69307, 352.69790000)","(0.68269040,-0.5895537, 0.43169450)","(-36.12535000, 57.69307000)",-5.892521,"(-0.34652090, 0.69671090)"
13.93871,"(-0.24357200,-0.4712706,0.2019358, -0.82328530)","(36.25579000,57.17226, 352.66690000)","(0.67760850,-0.5913913, 0.43715340)","(-36.25580000, 57.17226000)",-5.907571,"(-0.34812190, 0.69744910)"
13.94699,"(-0.24540120,-0.4675098,0.2016254, -0.82496060)","(36.39982000,56.65574, 352.63270000)","(0.67239620,-0.5934163, 0.44242560)","(-36.39982000, 56.65574000)",-5.924072,"(-0.34964790, 0.69822040)"
13.96062,"(-0.24730830,-0.4638625,0.2014512, -0.82649110)","(36.56166000,56.15581, 352.59200000)","(0.66711540,-0.5956876, 0.44734030)","(-36.56166000, 56.15582000)",-5.944255,"(-0.35113600, 0.69910310)"
13.9734,"(-0.24944490,-0.4602522,0.2014405, -0.82786890)","(36.75841000,55.6643, 352.54730000)","(0.66156040,-0.5984422, 0.45189030)","(-36.75841000, 55.66430000)",-5.964764,"(-0.35271990, 0.70013150)"
13.9881,"(-0.25187600,-0.4566026,0.2015653, -0.82912240)","(36.99480000,55.17188, 352.50140000)","(0.65562000,-0.6017426, 0.45614500)","(-36.99480000, 55.17189000)",-5.982811,"(-0.35431160, 0.70139770)"
14.00021,"(-0.25450170,-0.4531843,0.2017442, -0.83015190)","(37.25798000,54.71952, 352.47120000)","(0.64973510,-0.6054049, 0.45970570)","(-37.25798000, 54.71953000)",-5.985891,"(-0.35574940, 0.70284700)"
14.01348,"(-0.25710200,-0.4500081,0.2020602, -0.83100120)","(37.52890000,54.29933, 352.43330000)","(0.64401440,-0.6091615, 0.46278270)","(-37.52890000, 54.29933000)",-5.994268,"(-0.35709980, 0.70434680)"
14.02639,"(-0.25963620,-0.4469938,0.2022355, -0.83179710)","(37.78682000,53.90613, 352.41430000)","(0.63860090,-0.6127253, 0.46557110)","(-37.78683000, 53.90614000)",-5.988379,"(-0.35831400, 0.70579090)"
14.04092,"(-0.26188850,-0.4444267,0.2021678, -0.83248280)","(38.00519000,53.58091, 352.42860000)","(0.63406430,-0.6157329, 0.46779860)","(-38.00519000, 53.58091000)",-5.959273,"(-0.35935380, 0.70697080)"
14.05369,"(-0.26428510,-0.4419313,0.202017, -0.83309020)","(38.23598000,53.27409, 352.46460000)","(0.62955710,-0.6189018, 0.46970030)","(-38.23599000, 53.27410000)",-5.912247,"(-0.36026910, 0.70824500)"
14.06653,"(-0.26659500,-0.4395274,0.2017754, -0.83368430)","(38.45383000,52.98181, 352.50990000)","(0.62526950,-0.6218837, 0.47148560)","(-38.45382000, 52.98181000)",-5.859061,"(-0.36110450, 0.70945680)"
14.08086,"(-0.26905500,-0.4372841,0.2013821, -0.83416860)","(38.68196000,52.72463, 352.59070000)","(0.62117160,-0.6249969, 0.47278400)","(-38.68196000, 52.72464000)",-5.777536,"(-0.36175580, 0.71075980)"
14.09925,"(-0.27137150,-0.4351236,0.2010718, -0.83462270)","(38.90035000,52.47328, 352.65610000)","(0.61719780,-0.6279679, 0.47404990)","(-38.90036000, 52.47329000)",-5.709078,"(-0.36240890, 0.71201280)"
14.1066,"(-0.27348950,-0.433226,0.2007739, -0.83499020)","(39.10053000,52.25633, 352.72110000)","(0.61365970,-0.6306831, 0.47503750)","(-39.10054000, 52.25634000)",-5.642572,"(-0.36295080, 0.71316500)"
14.12068,"(-0.27522810,-0.4315243,0.2005559, -0.83535240)","(39.26547000,52.05501, 352.76280000)","(0.61055250,-0.6329144, 0.47607250)","(-39.26547000, 52.05502000)",-5.597167,"(-0.36347060, 0.71411650)"
14.13379,"(-0.27677630,-0.4299258,0.2003422, -0.83571630)","(39.41089000,51.86346, 352.79710000)","(0.60769200,-0.6348774, 0.47711750)","(-39.41090000, 51.86346000)",-5.559047,"(-0.36403010, 0.71491910)"
14.14646,"(-0.27820770,-0.4282899,0.2000226, -0.83615740)","(39.53773000,51.66596, 352.83470000)","(0.60493990,-0.6365862, 0.47833650)","(-39.53773000, 51.66597000)",-5.519989,"(-0.36458240, 0.71562310)"
14.16046,"(-0.27952570,-0.4264064,0.1997584, -0.83674340)","(39.65320000,51.42401, 352.84400000)","(0.60191020,-0.6381391, 0.48008580)","(-39.65320000, 51.42401000)",-5.503706,"(-0.36531350, 0.71625280)"
14.17364,"(-0.28092990,-0.424438,0.1994114, -0.83735650)","(39.77336000,51.17457, 352.86360000)","(0.59877060,-0.6397524, 0.48186160)","(-39.77337000, 51.17458000)",-5.479045,"(-0.36603950, 0.71691530)"
14.18802,"(-0.28236680,-0.4222005,0.1990719, -0.83808480)","(39.89563000,50.88381, 352.86850000)","(0.59525700,-0.6413911, 0.48403150)","(-39.89563000, 50.88382000)",-5.465545,"(-0.36691020, 0.71758570)"
14.20044,"(-0.28371020,-0.4197668,0.1987951, -0.83891880)","(40.00953000,50.55695, 352.84790000)","(0.59150020,-0.6429149, 0.48660860)","(-40.00953000, 50.55695000)",-5.472103,"(-0.36792900, 0.71819940)"
14.21351,"(-0.28513170,-0.4169841,0.1984127, -0.83991470)","(40.12387000,50.18178, 352.82470000)","(0.58731450,-0.6444424, 0.48964850)","(-40.12388000, 50.18178000)",-5.480619,"(-0.36908130, 0.71883030)"
14.22651,"(-0.28627440,-0.4139166,0.1981033, -0.84111540)","(40.20889000,49.75021, 352.75830000)","(0.58287940,-0.6455761, 0.49344000)","(-40.20889000, 49.75022000)",-5.524283,"(-0.37046850, 0.71930720)"
14.24069,"(-0.28745340,-0.4105814,0.1978162, -0.84241450)","(40.29695000,49.27724, 352.67520000)","(0.57803360,-0.6467492, 0.49758680)","(-40.29695000, 49.27724000)",-5.580299,"(-0.37200310, 0.71979820)"
14.25856,"(-0.28858460,-0.4069038,0.1974471, -0.84389750)","(40.37259000,48.7525, 352.57910000)","(0.57280980,-0.6477555, 0.50229650)","(-40.37259000, 48.75250000)",-5.646912,"(-0.37383160, 0.72015040)"
14.26671,"(-0.28968800,-0.4030173,0.1969702, -0.84549430)","(40.43793000,48.19879, 352.48250000)","(0.56737780,-0.6486239, 0.50731590)","(-40.43793000, 48.19879000)",-5.714775,"(-0.37561630, 0.72043550)"
14.27974,"(-0.29106860,-0.3987027,0.196515, -0.84717010)","(40.53190000,47.58664, 352.37390000)","(0.56113920,-0.6498712, 0.51263060)","(-40.53189000, 47.58664000)",-5.78889,"(-0.37760330, 0.72089090)"
14.29369,"(-0.29253940,-0.3939362,0.1960843, -0.84899110)","(40.63336000,46.90633, 352.24040000)","(0.55417190,-0.6512161, 0.51846990)","(-40.63336000, 46.90633000)",-5.881067,"(-0.37982850, 0.72139760)"
14.30705,"(-0.29428060,-0.3889388,0.1957124, -0.85077740)","(40.76627000,46.19623, 352.09970000)","(0.54661200,-0.6529748, 0.52425100)","(-40.76627000, 46.19623000)",-5.975337,"(-0.38219380, 0.72207560)"
14.32083,"(-0.29609110,-0.3835757,0.1953654, -0.85266180)","(40.90494000,45.43041, 351.93660000)","(0.53842880,-0.654806, 0.53039940)","(-40.90495000, 45.43041000)",-6.085568,"(-0.38485310, 0.72273150)"
14.33383,"(-0.29800950,-0.3781179,0.1952574, -0.85445410)","(41.06627000,44.64303, 351.74040000)","(0.52979160,-0.6569315, 0.53643450)","(-41.06627000, 44.64304000)",-6.21795,"(-0.38764730, 0.72352720)"
14.34702,"(-0.30008200,-0.3725246,0.1950685, -0.85622690)","(41.23982000,43.84184, 351.55210000)","(0.52085810,-0.6592122, 0.54235240)","(-41.23981000, 43.84184000)",-6.342359,"(-0.39044420, 0.72442900)"
14.3607,"(-0.30226900,-0.3668183,0.1950374, -0.85792670)","(41.43239000,43.01875, 351.33910000)","(0.51149890,-0.6617359, 0.54815550)","(-41.43240000, 43.01876000)",-6.482468,"(-0.39334120, 0.72532060)"
14.3733,"(-0.30470370,-0.3609827,0.1949203, -0.85956570)","(41.64791000,42.18473, 351.13860000)","(0.50179080,-0.6645514, 0.55369440)","(-41.64792000, 42.18474000)",-6.609841,"(-0.39630460, 0.72638140)"
14.38678,"(-0.30737020,-0.3550906,0.1948428, -0.86108680)","(41.89122000,41.34464, 350.93660000)","(0.49174990,-0.6677186, 0.55886850)","(-41.89122000, 41.34464000)",-6.734263,"(-0.39927820, 0.72763650)"
14.40194,"(-0.31035210,-0.3492223,0.1948115, -0.86242320)","(42.17327000,40.51189, 350.74010000)","(0.48143460,-0.6713748, 0.56345060)","(-42.17326000, 40.51189000)",-6.849139,"(-0.40231730, 0.72904710)"
14.41921,"(-0.31387190,-0.3433858,0.194846, -0.86348460)","(42.52111000,39.69125, 350.55590000)","(0.47070330,-0.6758619, 0.56714110)","(-42.52112000, 39.69125000)",-6.946023,"(-0.40533950, 0.73081770)"
14.42727,"(-0.31759120,-0.3377298,0.1949202, -0.86433820)","(42.89626000,38.89779, 350.37930000)","(0.46001580,-0.6806731, 0.57014880)","(-42.89626000, 38.89779000)",-7.032548,"(-0.40830210, 0.73284440)"
14.44083,"(-0.32139090,-0.3322816,0.1950044, -0.86502610)","(43.28405000,38.13396, 350.20980000)","(0.44951910,-0.6856158, 0.57259370)","(-43.28406000, 38.13396000)",-7.110472,"(-0.41127420, 0.73481090)"
14.45361,"(-0.32530790,-0.3271527,0.1950759, -0.86550060)","(43.68932000,37.41908, 350.05940000)","(0.43938220,-0.6907476, 0.57429170)","(-43.68932000, 37.41908000)",-7.170694,"(-0.41401050, 0.73691610)"
14.46691,"(-0.32934220,-0.3222662,0.1952308, -0.86577320)","(44.11524000,36.7362, 349.91000000)","(0.42942330,-0.6961038, 0.57535650)","(-44.11524000, 36.73620000)",-7.225776,"(-0.41672870, 0.73922450)"
14.48068,"(-0.33357510,-0.3176317,0.1954655, -0.86581240)","(44.57151000,36.08857, 349.76610000)","(0.41961410,-0.7017989, 0.57567550)","(-44.57151000, 36.08858000)",-7.27114,"(-0.41944430, 0.74155390)"
14.49336,"(-0.33795720,-0.3133006,0.1958143, -0.86561220)","(45.05435000,35.48112, 349.62400000)","(0.41003990,-0.7077772, 0.57525540)","(-45.05435000, 35.48113000)",-7.309785,"(-0.42205050, 0.74409680)"
14.50646,"(-0.34291990,-0.3090962,0.1964052, -0.86503780)","(45.61810000,34.88772, 349.47140000)","(0.40005740,-0.7146937, 0.57373080)","(-45.61810000, 34.88772000)",-7.34278,"(-0.42481040, 0.74709250)"
14.52088,"(-0.34810880,-0.3053089,0.1970894, -0.86415420)","(46.21867000,34.35442, 349.33320000)","(0.39045090,-0.7219857, 0.57121340)","(-46.21867000, 34.35442000)",-7.358075,"(-0.42748240, 0.75022420)"
14.53348,"(-0.35356840,-0.3017408,0.1980589, -0.86296850)","(46.86641000,33.83939, 349.16990000)","(0.38073080,-0.7297617, 0.56788380)","(-46.86641000, 33.83940000)",-7.380919,"(-0.43033810, 0.75367050)"
14.54679,"(-0.35940680,-0.2983666,0.199058, -0.86149870)","(47.56484000,33.35521, 349.02100000)","(0.37099930,-0.7380415, 0.56360830)","(-47.56484000, 33.35521000)",-7.383258,"(-0.43329130, 0.75734390)"
14.56079,"(-0.36563830,-0.2952272,0.2001755, -0.85969720)","(48.32005000,32.90351, 348.87660000)","(0.36122830,-0.7468709, 0.55829910)","(-48.32005000, 32.90351000)",-7.37065,"(-0.43603710, 0.76127160)"
14.57912,"(-0.37236670,-0.2922305,0.2015649, -0.85750570)","(49.14959000,32.46119, 348.71010000)","(0.35106660,-0.75642, 0.55188870)","(-49.14960000, 32.46119000)",-7.357034,"(-0.43933370, 0.76566120)"
14.58682,"(-0.37961560,-0.2893937,0.203244, -0.85488900)","(50.05788000,32.02889, 348.51930000)","(0.34048970,-0.7666935, 0.54428650)","(-50.05789000, 32.02889000)",-7.34163,"(-0.44319860, 0.77037670)"
14.60203,"(-0.38658960,-0.2872311,0.204966, -0.85207720)","(50.94610000,31.69325, 348.35140000)","(0.33101080,-0.7765536, 0.53609350)","(-50.94611000, 31.69325000)",-7.308524,"(-0.44651080, 0.77503290)"
14.61352,"(-0.39280190,-0.2854156,0.2065339, -0.84946360)","(51.74267000,31.40436, 348.19620000)","(0.32264650,-0.7852377, 0.52848930)","(-51.74267000, 31.40436000)",-7.276751,"(-0.44973400, 0.77905120)"
14.62674,"(-0.39824040,-0.2841142,0.2079047, -0.84702970)","(52.44610000,31.19701, 348.07810000)","(0.31571420,-0.7927803, 0.52136740)","(-52.44610000, 31.19702000)",-7.233375,"(-0.45298810, 0.78272560)"
14.64058,"(-0.40243810,-0.2835152,0.2089916, -0.84497640)","(52.99720000,31.10414, 348.01370000)","(0.31091490,-0.798606, 0.51532540)","(-52.99720000, 31.10413000)",-7.180263,"(-0.45499520, 0.78561510)"
14.65384,"(-0.40592390,-0.2832968,0.2099581, -0.84314080)","(53.46206000,31.07117, 347.97310000)","(0.30726410,-0.8034629, 0.50993750)","(-53.46206000, 31.07117000)",-7.126153,"(-0.45669150, 0.78796950)"
14.66652,"(-0.40913520,-0.2834365,0.2110307, -0.84127180)","(53.90247000,31.0878, 347.93560000)","(0.30421400,-0.8080153, 0.50454430)","(-53.90248000, 31.08779000)",-7.073405,"(-0.45816660, 0.79021280)"
14.68061,"(-0.41153030,-0.28411,0.2120247, -0.83962480)","(54.24655000,31.18854, 347.92780000)","(0.30258250,-0.8115388, 0.49984860)","(-54.24655000, 31.18855000)",-7.019202,"(-0.45943710, 0.79202640)"
14.69396,"(-0.41326510,-0.2853043,0.2129571, -0.83813050)","(54.51379000,31.37448, 347.95310000)","(0.30222900,-0.8142553, 0.49562680)","(-54.51380000, 31.37448000)",-6.958972,"(-0.45995000, 0.79346060)"
14.71318,"(-0.41439890,-0.2869356,0.2140158, -0.83674290)","(54.71692000,31.61676, 347.97490000)","(0.30280680,-0.8163083, 0.49188300)","(-54.71693000, 31.61676000)",-6.911769,"(-0.45976780, 0.79452870)"
14.72548,"(-0.41516800,-0.2890188,0.2151205, -0.83536030)","(54.88284000,31.93087, 348.01810000)","(0.30424740,-0.8179774, 0.48820740)","(-54.88284000, 31.93087000)",-6.85884,"(-0.45920410, 0.79542450)"
14.73358,"(-0.41553790,-0.2916372,0.2162779, -0.83396630)","(55.00864000,32.33098, 348.08810000)","(0.30668790,-0.8192385, 0.48455200)","(-55.00865000, 32.33098000)",-6.797658,"(-0.45833990, 0.79615620)"
14.7466,"(-0.41570630,-0.2945651,0.2177161, -0.83247790)","(55.12443000,32.76177, 348.13320000)","(0.30942590,-0.8203958, 0.48083930)","(-55.12443000, 32.76177000)",-6.752614,"(-0.45739940, 0.79680340)"
14.76062,"(-0.41554980,-0.2981791,0.219167, -0.83088710)","(55.21032000,33.3124, 348.22960000)","(0.31335680,-0.821252, 0.47681510)","(-55.21033000, 33.31240000)",-6.683779,"(-0.45584200, 0.79735840)"
14.77351,"(-0.41531490,-0.3021818,0.2207979, -0.82912480)","(55.29939000,33.92109, 348.33160000)","(0.31769160,-0.822138, 0.47239940)","(-55.29939000, 33.92109000)",-6.611473,"(-0.45414160, 0.79794390)"
14.78649,"(-0.41481070,-0.3064828,0.2224274, -0.82736110)","(55.35971000,34.5802, 348.45210000)","(0.32261340,-0.8227369, 0.46800070)","(-55.35971000, 34.58020000)",-6.5339,"(-0.45214650, 0.79841450)"
14.80003,"(-0.41404270,-0.3113668,0.2241273, -0.82546130)","(55.39875000,35.33744, 348.60650000)","(0.32844590,-0.8231241, 0.46323870)","(-55.39876000, 35.33744000)",-6.440894,"(-0.44970760, 0.79886070)"
14.81482,"(-0.41314610,-0.3165293,0.2258337, -0.82347960)","(55.42668000,36.14508, 348.78220000)","(0.33470620,-0.8234007, 0.45823900)","(-55.42668000, 36.14508000)",-6.337968,"(-0.44674160, 0.79913520)"
14.82709,"(-0.41215310,-0.3219498,0.2276832, -0.82136390)","(55.45291000,36.98934, 348.95550000)","(0.34119510,-0.8236604, 0.45295640)","(-55.45291000, 36.98935000)",-6.236714,"(-0.44364980, 0.79941180)"
14.8407,"(-0.41114500,-0.3278162,0.2294521, -0.81905320)","(55.48070000,37.92772, 349.18760000)","(0.34832170,-0.8239354, 0.44699270)","(-55.48071000, 37.92772000)",-6.102457,"(-0.44022480, 0.79980300)"
14.85372,"(-0.41008530,-0.3342105,0.2314782, -0.81642590)","(55.52097000,38.94836, 349.42840000)","(0.35586450,-0.8243334, 0.44026680)","(-55.52097000, 38.94836000)",-5.961477,"(-0.43651430, 0.80028560)"
14.86698,"(-0.40902450,-0.3411148,0.2337246, -0.81345710)","(55.57852000,40.05476, 349.68670000)","(0.36376630,-0.8249017, 0.43267920)","(-55.57853000, 40.05476000)",-5.808326,"(-0.43258980, 0.80093220)"
14.885,"(-0.40802100,-0.3488119,0.2362389, -0.80996320)","(55.66661000,41.3031, 349.98910000)","(0.37226860,-0.8257698, 0.42369830)","(-55.66662000, 41.30310000)",-5.626537,"(-0.42838360, 0.80166430)"
14.89364,"(-0.40686900,-0.3572758,0.2388663, -0.80607350)","(55.75255000,42.69445, 350.34770000)","(0.38160650,-0.8266149, 0.41362340)","(-55.75256000, 42.69445000)",-5.414392,"(-0.42302680, 0.80240710)"
14.90652,"(-0.40569230,-0.3662002,0.2414494, -0.80188110)","(55.83988000,44.18952, 350.76650000)","(0.39138990,-0.8274716, 0.40262230)","(-55.83988000, 44.18953000)",-5.169187,"(-0.41718320, 0.80327900)"
14.91985,"(-0.40445140,-0.3755686,0.244022, -0.79738350)","(55.92447000,45.7824, 351.23680000)","(0.40155430,-0.8282998, 0.39073460)","(-55.92448000, 45.78240000)",-4.89669,"(-0.41091630, 0.80426690)"
14.93352,"(-0.40327440,-0.3850688,0.2464273, -0.79269500)","(56.00949000,47.43171, 351.76180000)","(0.41172860,-0.8291302, 0.37818360)","(-56.00948000, 47.43171000)",-4.59474,"(-0.40418540, 0.80506190)"
14.94677,"(-0.40206400,-0.3946859,0.2487968, -0.78782470)","(56.08899000,49.12006, 352.31170000)","(0.42182200,-0.8299052, 0.36513520)","(-56.08899000, 49.12007000)",-4.280433,"(-0.39693640, 0.80592760)"
14.96044,"(-0.40080750,-0.4046858,0.2512162, -0.78260670)","(56.16829000,50.89557, 352.90110000)","(0.43204090,-0.8306765, 0.35116550)","(-56.16829000, 50.89558000)",-3.945311,"(-0.38946840, 0.80693100)"
14.97368,"(-0.39956530,-0.4148544,0.2536481, -0.77711390)","(56.24999000,52.72363, 353.51950000)","(0.44208020,-0.8314695, 0.33648690)","(-56.25000000, 52.72363000)",-3.595047,"(-0.38130880, 0.80767870)"
14.98699,"(-0.39819790,-0.4254313,0.256116, -0.77126600)","(56.32049000,54.64375, 354.17770000)","(0.45227180,-0.8321525, 0.32089330)","(-56.32049000, 54.64375000)",-3.224826,"(-0.37279280, 0.80854170)"
15.00022,"(-0.39680600,-0.436197,0.2586061, -0.76511440)","(56.38852000,56.62091, 354.86390000)","(0.46224830,-0.8328104, 0.30455440)","(-56.38853000, 56.62092000)",-2.840487,"(-0.36347690, 0.80939980)"
15.01444,"(-0.39543350,-0.4469165,0.2608893, -0.75883780)","(56.44247000,58.62484, 355.59110000)","(0.47194540,-0.8333313, 0.28779590)","(-56.44248000, 58.62485000)",-2.435421,"(-0.35425200, 0.81001950)"
15.02695,"(-0.39404460,-0.4574943,0.2628441, -0.75255610)","(56.46835000,60.63789, 356.36070000)","(0.48143570,-0.8335807, 0.27085570)","(-56.46835000, 60.63789000)",-2.00935,"(-0.34440260, 0.81050320)"
15.04624,"(-0.39263590,-0.4674165,0.2642762, -0.74667060)","(56.44891000,62.55626, 357.13700000)","(0.49048370,-0.8333934, 0.25471780)","(-56.44892000, 62.55626000)",-1.581895,"(-0.33426450, 0.81073000)"
15.05339,"(-0.39135650,-0.477219,0.2654288, -0.74070890)","(56.41829000,64.4911, 357.96040000)","(0.49920600,-0.8330979, 0.23820430)","(-56.41830000, 64.49110000)",-1.127785,"(-0.32457380, 0.81070420)"
15.06703,"(-0.39005280,-0.4872513,0.266905, -0.73430710)","(56.40159000,66.47346, 358.77060000)","(0.50737010,-0.8329366, 0.22089000)","(-56.40158000, 66.47349000)",-0.6798376,"(-0.31423280, 0.81078780)"
15.08055,"(-0.38868120,-0.4975763,0.2688315, -0.72737500)","(56.40425000,68.51184, 359.55620000)","(0.51486960,-0.8329623, 0.20268960)","(-56.40425000, 68.51185000)",-0.2446942,"(-0.30349950, 0.81092950)"
15.09352,"(-0.38738530,-0.5078363,0.2708984, -0.72017290)","(56.41984000,70.56149, 0.33866620)","(0.52157570,-0.8331128, 0.18406990)","(-56.41985000, 70.56149000)",0.1866263,"(-0.29354470, 0.81103050)"
15.10638,"(-0.38619320,-0.5181664,0.2729614, -0.71263630)","(56.44021000,72.66461, 1.15885200)","(0.52769660,-0.8333095, 0.16471680)","(-56.44022000, 72.66461000)",0.6407191,"(-0.28323340, 0.81099330)"
15.1206,"(-0.38552450,-0.5281303,0.275015, -0.70485180)","(56.50798000,74.77663, 2.02767100)","(0.53245720,-0.8339627, 0.14489860)","(-56.50798000, 74.77664000)",1.118551,"(-0.27193710, 0.81128560)"
15.13321,"(-0.38490100,-0.5378259,0.2769415, -0.69706380)","(56.56315000,76.86794, 2.90520700)","(0.53660790,-0.8344937, 0.12518910)","(-56.56315000, 76.86794000)",1.600344,"(-0.26105710, 0.81132710)"
15.14676,"(-0.38405630,-0.5474604,0.2786896, -0.68928950)","(56.57368000,78.95063, 3.77995800)","(0.54065240,-0.834595, 0.10557570)","(-56.57368000, 78.95064000)",2.081119,"(-0.24982640, 0.81104410)"
15.16012,"(-0.38281770,-0.5571048,0.2802793, -0.68156320)","(56.52421000,81.01231, 4.62569300)","(0.54481250,-0.8341188, 0.08616978)","(-56.52419000, 81.01231000)",2.549524,"(-0.23948720, 0.81041200)"
15.17318,"(-0.38121510,-0.5666121,0.2818612, -0.67392880)","(56.43256000,83.01381, 5.40617000)","(0.54881300,-0.8332356, 0.06725150)","(-56.43256000, 83.01381000)",2.986096,"(-0.22954500, 0.80945060)"
15.1872,"(-0.37928350,-0.5759811,0.2833748, -0.66639960)","(56.29915000,84.95641, 6.12879600)","(0.55270840,-0.8319459, 0.04877946)","(-56.29915000, 84.95641000)",3.396094,"(-0.22085520, 0.80825970)"
15.20597,"(-0.37698810,-0.5852134,0.2850243, -0.65891300)","(56.14034000,86.82998, 6.76422200)","(0.55630800,-0.8304048, 0.03081045)","(-56.14034000, 86.82999000)",3.762703,"(-0.21269890, 0.80698560)"
15.21451,"(-0.37436880,-0.5944179,0.2867264, -0.65138570)","(55.95391000,88.66631, 7.33979900)","(0.55970780,-0.8285875, 0.01303080)","(-55.95392000, 88.66631000)",4.101455,"(-0.20534210, 0.80551450)"
15.22692,"(-0.37148550,-0.6036235,0.2886379, -0.64368100)","(55.76057000,90.48122, 7.85474800)","(0.56263240,-0.8266937, -0.00472570)","(-55.76058000, 90.48123000)",4.409977,"(-0.19833230, 0.80409750)"
15.24068,"(-0.36839720,-0.6125992,0.2906539, -0.63602360)","(55.56085000,92.22829, 8.29961600)","(0.56510300,-0.8247273, -0.02198854)","(-55.56086000, 92.22829000)",4.682492,"(-0.19210410, 0.80263530)"
15.25375,"(-0.36514910,-0.6213768,0.2930017, -0.62825720)","(55.38060000,93.92474, 8.66885700)","(0.56679020,-0.822944, -0.03888580)","(-55.38060000, 93.92474000)",4.912229,"(-0.18612980, 0.80133750)"
15.26688,"(-0.36185250,-0.6300609,0.2955547, -0.62026890)","(55.21780000,95.61623, 9.00935900)","(0.56772000,-0.8213266, -0.05582777)","(-55.21781000, 95.61623000)",5.125105,"(-0.18060730, 0.80022280)"
15.28103,"(-0.35836300,-0.6386096,0.298407, -0.61213310)","(55.07108000,97.27382, 9.28486000)","(0.56795210,-0.819863, -0.07249269)","(-55.07108000, 97.27383000)",5.300419,"(-0.17531870, 0.79914790)"
15.2937,"(-0.35483600,-0.6470504,0.3014425, -0.60377950)","(54.94312000,98.93044, 9.53867600)","(0.56742620,-0.8185823, -0.08916557)","(-54.94313000, 98.93046000)",5.461886,"(-0.16996260, 0.79826840)"
15.3065,"(-0.35145730,-0.6552235,0.3044256, -0.59538640)","(54.82928000,100.5718, 9.80214900)","(0.56623720,-0.8174394, -0.10568020)","(-54.82928000, 100.57180000)",5.627686,"(-0.16491930, 0.79743780)"
15.32082,"(-0.34820510,-0.6632602,0.3075748, -0.58671700)","(54.74587000,102.235, 10.07582000)","(0.56409390,-0.8166, -0.12232180)","(-54.74587000, 102.23500000)",5.795725,"(-0.15933040, 0.79670200)"
15.33324,"(-0.34523420,-0.6707549,0.3107986, -0.57819150)","(54.70245000,103.8375, 10.34201000)","(0.56105300,-0.8161623, -0.13819760)","(-54.70245000, 103.83750000)",5.954172,"(-0.15368180, 0.79627520)"
15.34666,"(-0.34254480,-0.6779473,0.3142284, -0.56948320)","(54.70694000,105.4485, 10.62821000)","(0.55688450,-0.8162076, -0.15389900)","(-54.70694000, 105.44850000)",6.116961,"(-0.14805460, 0.79591790)"
15.3648,"(-0.33991010,-0.6850038,0.3176484, -0.56065180)","(54.71839000,107.069, 10.92813000)","(0.55215350,-0.816323, -0.16953800)","(-54.71840000, 107.06900000)",6.286406,"(-0.14227200, 0.79565880)"
15.37365,"(-0.33725740,-0.6917521,0.3209648, -0.55201270)","(54.72571000,108.6347, 11.20761000)","(0.54721640,-0.8163968, -0.18452720)","(-54.72572000, 108.63470000)",6.444698,"(-0.13687740, 0.79553500)"
15.38732,"(-0.33440200,-0.6984658,0.324108, -0.54339190)","(54.70414000,110.1837, 11.47035000)","(0.54231670,-0.8161794, -0.19935840)","(-54.70415000, 110.18370000)",6.597933,"(-0.13159230, 0.79505830)"
15.40049,"(-0.33153210,-0.7049524,0.3272184, -0.53484270)","(54.68456000,111.7, 11.71833000)","(0.53711050,-0.8159819, -0.21374270)","(-54.68456000, 111.70010000)",6.7425,"(-0.12639430, 0.79466430)"
15.4138,"(-0.32858390,-0.7113352,0.3302636, -0.52627060)","(54.65707000,113.2051, 11.95748000)","(0.53167100,-0.8157044, -0.22793040)","(-54.65707000, 113.20510000)",6.883474,"(-0.12114330, 0.79435110)"
15.42716,"(-0.32554310,-0.7174973,0.3332649, -0.51783560)","(54.62585000,114.6622, 12.16568000)","(0.52610710,-0.815389, -0.24156160)","(-54.62585000, 114.66220000)",7.007539,"(-0.11663530, 0.79391390)"
15.44077,"(-0.32252190,-0.7234205,0.3362152, -0.50951140)","(54.59795000,116.0839, 12.36238000)","(0.52030850,-0.8151071, -0.25471520)","(-54.59794000, 116.08390000)",7.124556,"(-0.11222170, 0.79357210)"
15.45338,"(-0.31926800,-0.7292151,0.3390527, -0.50135460)","(54.54958000,117.451, 12.51258000)","(0.51469340,-0.8146178, -0.26737360)","(-54.54958000, 117.45100000)",7.218794,"(-0.10789390, 0.79311740)"
15.46689,"(-0.31577610,-0.7349416,0.3416968, -0.49334530)","(54.47161000,118.7727, 12.62431000)","(0.50936060,-0.8138277, -0.27970740)","(-54.47161000, 118.77270000)",7.296541,"(-0.10384310, 0.79262640)"
15.48085,"(-0.31210140,-0.7406893,0.3439969, -0.48542580)","(54.35013000,120.0727, 12.72392000)","(0.50437560,-0.8125938, -0.29205580)","(-54.35014000, 120.07270000)",7.375413,"(-0.10049240, 0.79182330)"
15.49353,"(-0.30812280,-0.7464173,0.3461219, -0.47762050)","(54.19711000,121.3273, 12.77397000)","(0.49971240,-0.8110343, -0.30415680)","(-54.19709000, 121.32740000)",7.431812,"(-0.09750295, 0.79094580)"
15.50714,"(-0.30424190,-0.7519904,0.3481174, -0.46985300)","(54.04318000,122.5713, 12.83583000)","(0.49482610,-0.8094597, -0.31610540)","(-54.04316000, 122.57130000)",7.495383,"(-0.09445143, 0.79005800)"
15.52574,"(-0.30029950,-0.7573587,0.3501105, -0.46222350)","(53.89414000,123.7685, 12.86546000)","(0.48986190,-0.8079295, -0.32754410)","(-53.89413000, 123.76850000)",7.539524,"(-0.09151649, 0.78929980)"
15.53377,"(-0.29640470,-0.7625791,0.3519825, -0.45467090)","(53.74202000,124.9456, 12.89570000)","(0.48478660,-0.8063622, -0.33876540)","(-53.74202000, 124.94560000)",7.584679,"(-0.08857214, 0.78855730)"
15.54679,"(-0.29244030,-0.7678252,0.3536708, -0.44703480)","(53.56939000,126.1311, 12.92998000)","(0.47963390,-0.8045766, -0.35015360)","(-53.56940000, 126.13110000)",7.63602,"(-0.08602810, 0.78760160)"
15.56073,"(-0.28872030,-0.7729784,0.3552105, -0.43928400)","(53.39837000,127.3472, 13.01440000)","(0.47400100,-0.8028005, -0.36171020)","(-53.39838000, 127.34730000)",7.716555,"(-0.08288002, 0.78654320)"
15.57328,"(-0.28533950,-0.7778359,0.3568481, -0.43152300)","(53.26397000,128.5674, 13.13458000)","(0.46766240,-0.8013997, -0.37289470)","(-53.26397000, 128.56740000)",7.811731,"(-0.07944465, 0.78570000)"
15.58689,"(-0.28251870,-0.7823899,0.3586259, -0.42359970)","(53.17981000,129.8348, 13.33749000)","(0.46020330,-0.8005203, -0.38390140)","(-53.17982000, 129.83490000)",7.946705,"(-0.07534480, 0.78506320)"
15.60037,"(-0.28015120,-0.7865862,0.3605901, -0.41565870)","(53.14588000,131.1158, 13.59292000)","(0.45186320,-0.8001651, -0.39440520)","(-53.14587000, 131.11580000)",8.103459,"(-0.07120681, 0.78459450)"
15.61365,"(-0.27780860,-0.7906475,0.3624889, -0.40779980)","(53.10934000,132.3774, 13.84544000)","(0.44344680,-0.7997826, -0.40460230)","(-53.10934000, 132.37740000)",8.259184,"(-0.06702805, 0.78411130)"
15.62711,"(-0.27533420,-0.7947148,0.3642136, -0.39995980)","(53.04778000,133.626, 14.08367000)","(0.43514700,-0.7991371, -0.41476120)","(-53.04779000, 133.62600000)",8.411554,"(-0.06289840, 0.78347980)"
15.64225,"(-0.27240400,-0.7989388,0.3656963, -0.39212120)","(52.93657000,134.8445, 14.26152000)","(0.42732740,-0.7979688, -0.42501430)","(-52.93657000, 134.84450000)",8.53847,"(-0.05911064, 0.78272290)"
15.65388,"(-0.26917960,-0.8032998,0.366919, -0.38421630)","(52.78185000,136.055, 14.40890000)","(0.41974750,-0.7963382, -0.43549660)","(-52.78185000, 136.05500000)",8.656553,"(-0.05595541, 0.78173940)"
15.66707,"(-0.26565640,-0.80778,0.3678471, -0.37630650)","(52.58123000,137.2448, 14.51923000)","(0.41250390,-0.7942156, -0.44616380)","(-52.58123000, 137.24490000)",8.762396,"(-0.05307388, 0.78062360)"
15.68649,"(-0.26215040,-0.8121715,0.3687871, -0.36830790)","(52.38602000,138.4397, 14.63107000)","(0.40490290,-0.7921408, -0.45669080)","(-52.38603000, 138.43970000)",8.868535,"(-0.05000651, 0.77943140)"
15.69354,"(-0.25870380,-0.8164499,0.3697246, -0.36025770)","(52.19703000,139.6365, 14.74878000)","(0.39696640,-0.7901233, -0.46703630)","(-52.19703000, 139.63650000)",8.97739,"(-0.04671884, 0.77830590)"
15.70662,"(-0.25520250,-0.8206107,0.3707491, -0.35215740)","(52.01987000,140.8249, 14.85023000)","(0.38873620,-0.7882242, -0.47706060)","(-52.01987000, 140.82490000)",9.074544,"(-0.04381156, 0.77723380)"
15.72017,"(-0.25167890,-0.824654,0.37183, -0.34401440)","(51.85263000,142.0075, 14.94212000)","(0.38022230,-0.7864245, -0.48679310)","(-51.85262000, 142.00750000)",9.164289,"(-0.04084349, 0.77625720)"
15.73381,"(-0.24807380,-0.8286316,0.3729644, -0.33574790)","(51.69115000,143.1951, 15.02273000)","(0.37137730,-0.7846806, -0.49634180)","(-51.69115000, 143.19510000)",9.246328,"(-0.03781033, 0.77535720)"
15.74695,"(-0.24429280,-0.8326033,0.3741352, -0.32728510)","(51.52864000,144.3945, 15.08419000)","(0.36220030,-0.7829192, -0.50581460)","(-51.52864000, 144.39460000)",9.317197,"(-0.03473341, 0.77442850)"
15.76063,"(-0.24036960,-0.8365929,0.375255, -0.31861980)","(51.35629000,145.6109, 15.13582000)","(0.35271030,-0.7810444, -0.51533020)","(-51.35630000, 145.61090000)",9.384289,"(-0.03159976, 0.77345400)"
15.77364,"(-0.23659020,-0.840356,0.376496, -0.30996390)","(51.21026000,146.8239, 15.19881000)","(0.34280960,-0.7794502, -0.52434620)","(-51.21027000, 146.82390000)",9.453031,"(-0.02861702, 0.77260220)"
15.7867,"(-0.23299140,-0.8439267,0.3777191, -0.30138210)","(51.07537000,148.0289, 15.28005000)","(0.33267820,-0.7779732, -0.53299430)","(-51.07537000, 148.02890000)",9.530896,"(-0.02545071, 0.77183010)"
15.80076,"(-0.22957850,-0.8473063,0.3786509, -0.29323920)","(50.92391000,149.1683, 15.36061000)","(0.32306670,-0.7763094, -0.54126830)","(-50.92391000, 149.16830000)",9.612043,"(-0.02247465, 0.77094880)"
15.81336,"(-0.22600710,-0.8506919,0.3793381, -0.28521350)","(50.74343000,150.272, 15.40919000)","(0.31379140,-0.7743202, -0.54951190)","(-50.74343000, 150.27210000)",9.67967,"(-0.01973069, 0.76992390)"
15.8273,"(-0.22226810,-0.8542053,0.3793512, -0.27752990)","(50.48514000,151.3058, 15.41822000)","(0.30549960,-0.7714596, -0.55813970)","(-50.48515000, 151.30580000)",9.739142,"(-0.01755905, 0.76855460)"
15.84687,"(-0.21841810,-0.8577266,0.378903, -0.27024290)","(50.17840000,152.261, 15.38445000)","(0.29807050,-0.7680422, -0.56680270)","(-50.17840000, 152.26100000)",9.781668,"(-0.01591659, 0.76698280)"
15.85401,"(-0.21434490,-0.8613115,0.3781408, -0.26307480)","(49.83334000,153.1749, 15.30693000)","(0.29107350,-0.7641715, -0.57560240)","(-49.83334000, 153.17500000)",9.803915,"(-0.01454353, 0.76526280)"
15.8672,"(-0.21034870,-0.8648796,0.3769198, -0.25625800)","(49.44548000,154.0314, 15.21893000)","(0.28469540,-0.7597876, -0.58452660)","(-49.44548000, 154.03150000)",9.827073,"(-0.01339662, 0.76332600)"
15.88085,"(-0.20619810,-0.8684048,0.3755604, -0.24961940)","(49.04451000,154.841, 15.08904000)","(0.27866170,-0.7552191, -0.59328910)","(-49.04451000, 154.84100000)",9.824592,"(-0.01238632, 0.76136760)"
15.89382,"(-0.20187650,-0.8719367,0.3741271, -0.24290160)","(48.63393000,155.645, 14.93268000)","(0.27253470,-0.7505025, -0.60205540)","(-48.63393000, 155.64500000)",9.804957,"(-0.01155341, 0.75939940)"
15.90702,"(-0.19719750,-0.8755999,0.3724441, -0.23605820)","(48.18695000,156.4393, 14.72792000)","(0.26649490,-0.7453242, -0.61112390)","(-48.18695000, 156.43930000)",9.758443,"(-0.01090074, 0.75723350)"
15.92029,"(-0.19221500,-0.8794767,0.3703549, -0.22893560)","(47.68431000,157.2526, 14.49673000)","(0.26031150,-0.7394468, -0.62085180)","(-47.68429000, 157.25260000)",9.701905,"(-0.01028454, 0.75478970)"
15.93327,"(-0.18708100,-0.8834086,0.3681503, -0.22148420)","(47.16589000,158.1011, 14.25911000)","(0.25357430,-0.7333252, -0.63082010)","(-47.16590000, 158.10110000)",9.640105,"(-0.00960136, 0.75226100)"
15.94649,"(-0.18205110,-0.8873802,0.3656379, -0.21382840)","(46.61671000,158.9812, 14.04809000)","(0.24636470,-0.7267751, -0.64117260)","(-46.61672000, 158.98120000)",9.597695,"(-0.00872684, 0.74950340)"
15.96053,"(-0.17759610,-0.8912036,0.3629365, -0.20613810)","(46.06432000,159.8946, 13.92009000)","(0.23850980,-0.7201192, -0.65156840)","(-46.06432000, 159.89460000)",9.608709,"(-0.00741506, 0.74664710)"
15.97344,"(-0.17349460,-0.8948372,0.3602076, -0.19853610)","(45.52401000,160.807, 13.82960000)","(0.23032670,-0.7135441, -0.66166800)","(-45.52401000, 160.80700000)",9.640799,"(-0.00613844, 0.74380530)"
15.98736,"(-0.16959710,-0.8984583,0.3572323, -0.19077360)","(44.96106000,161.7464, 13.77229000)","(0.22163300,-0.706626, -0.67198100)","(-44.96106000, 161.74640000)",9.697771,"(-0.00448132, 0.74081990)"
16.00612,"(-0.16605720,-0.9019241,0.3541872, -0.18305540)","(44.40257000,162.6902, 13.75476000)","(0.21257350,-0.6996953, -0.68208430)","(-44.40257000, 162.69020000)",9.780281,"(-0.00269079, 0.73782460)"
16.01358,"(-0.16261760,-0.9053115,0.3509743, -0.17545290)","(43.83195000,163.6119, 13.73526000)","(0.20353000,-0.6925455, -0.69206670)","(-43.83195000, 163.61190000)",9.862267,"(-0.00102329, 0.73476850)"
16.02672,"(-0.15933140,-0.9085386,0.3478013, -0.16794430)","(43.27491000,164.519, 13.72101000)","(0.19433650,-0.6854995, -0.70165780)","(-43.27491000, 164.51900000)",9.944532,"(0.00073653, 0.73179180)"
16.04062,"(-0.15602760,-0.9116089,0.3447054, -0.16063230)","(42.73427000,165.3876, 13.68162000)","(0.18530050,-0.6785991, -0.71075090)","(-42.73427000, 165.38760000)",10.00481,"(0.00232726, 0.72886440)"
16.05462,"(-0.15262960,-0.9146815,0.3413659, -0.15339890)","(42.16814000,166.2301, 13.61610000)","(0.17641720,-0.6713086, -0.71987610)","(-42.16815000, 166.23010000)",10.04866,"(0.00385451, 0.72583880)"
16.06705,"(-0.14909570,-0.9176973,0.3379063, -0.14636090)","(41.59301000,167.0289, 13.51167000)","(0.16786910,-0.6638349, -0.72879560)","(-41.59301000, 167.02890000)",10.06335,"(0.00518560, 0.72280190)"
16.08078,"(-0.14559040,-0.9206239,0.3343586, -0.13949660)","(41.01495000,167.7972, 13.39388000)","(0.15948900,-0.6562559, -0.73748990)","(-41.01495000, 167.79720000)",10.06609,"(0.00637549, 0.71976160)"
16.09326,"(-0.14204980,-0.92346,0.3307834, -0.13276300)","(40.43977000,168.5391, 13.25629000)","(0.15122730,-0.6486484, -0.74591310)","(-40.43975000, 168.53910000)",10.05088,"(0.00758487, 0.71675550)"
16.10656,"(-0.13856690,-0.9262441,0.3271072, -0.12598420)","(39.85722000,169.2844, 13.12187000)","(0.14273170,-0.6408767, -0.75425770)","(-39.85722000, 169.28440000)",10.03635,"(0.00876433, 0.71370700)"
16.11997,"(-0.13515160,-0.9288902,0.3235151, -0.11931100)","(39.29180000,170.0139, 12.98386000)","(0.13420650,-0.6332701, -0.76220580)","(-39.29180000, 170.01390000)",10.01373,"(0.00998402, 0.71070180)"
16.13372,"(-0.13197570,-0.9313834,0.3200179, -0.11267570)","(38.74532000,170.7462, 12.87007000)","(0.12541930,-0.6258597, -0.76978540)","(-38.74532000, 170.74620000)",10.00439,"(0.01127589, 0.70779450)"
16.14674,"(-0.12852790,-0.9338338,0.3165767, -0.10589690)","(38.20533000,171.4813, 12.71819000)","(0.11640230,-0.6184815, -0.77713010)","(-38.20533000, 171.48130000)",9.962176,"(0.01248747, 0.70495780)"
16.16501,"(-0.12458560,-0.9364404,0.3127102, -0.09884411)","(37.61105000,172.2223, 12.50426000)","(0.10720490,-0.610298, -0.78488450)","(-37.61105000, 172.22230000)",9.875896,"(0.01372045, 0.70187060)"
16.1736,"(-0.12004900,-0.9392473,0.3083102, -0.09136481)","(36.94841000,172.9849, 12.22113000)","(0.09760361,-0.6010957, -0.79319460)","(-36.94841000, 172.98500000)",9.739788,"(0.01470774, 0.69845990)"
16.18695,"(-0.11517130,-0.9422781,0.3030635, -0.08366609)","(36.18626000,173.7501, 11.89323000)","(0.08786504,-0.5904121, -0.80230510)","(-36.18625000, 173.75010000)",9.574768,"(0.01562274, 0.69450880)"
16.2007,"(-0.11068330,-0.9452724,0.297347, -0.07611875)","(35.38010000,174.5044, 11.60285000)","(0.07808322,-0.578998, -0.81158140)","(-35.38010000, 174.50440000)",9.438234,"(0.01663017, 0.69026170)"
16.21373,"(-0.10633610,-0.9481639,0.2914945, -0.06862091)","(34.56655000,175.2538, 11.32040000)","(0.06813493,-0.567363, -0.82064420)","(-34.56654000, 175.25380000)",9.302251,"(0.01769114, 0.68596460)"
16.22643,"(-0.10221320,-0.9509307,0.2855469, -0.06120665)","(33.75087000,175.9977, 11.05549000)","(0.05803324,-0.5555828, -0.82943350)","(-33.75087000, 175.99770000)",9.174425,"(0.01873052, 0.68164710)"
16.24054,"(-0.09806764,-0.9534886,0.2798688, -0.05399721)","(32.97644000,176.7144, 10.77186000)","(0.04807930,-0.5442941, -0.83751550)","(-32.97644000, 176.71440000)",9.020534,"(0.01983905, 0.67756200)"
16.2534,"(-0.09404824,-0.9559039,0.2742047, -0.04705871)","(32.21367000,177.3993, 10.48701000)","(0.03839027,-0.5330782, -0.84519460)","(-32.21367000, 177.39930000)",8.858494,"(0.02083170, 0.67354490)"
16.26811,"(-0.09032071,-0.9581557,0.2685915, -0.04047718)","(31.46764000,178.0483, 10.22028000)","(0.02904812,-0.5220169, -0.85244030)","(-31.46764000, 178.04830000)",8.704525,"(0.02178538, 0.66956470)"
16.28074,"(-0.08659945,-0.9603029,0.2629392, -0.03437855)","(30.72758000,178.6343, 9.93065900)","(0.02048686,-0.5109569, -0.85936220)","(-30.72759000, 178.63440000)",8.52521,"(0.02260888, 0.66562790)"
16.29343,"(-0.08293723,-0.9623606,0.2572196, -0.02866444)","(29.98879000,179.1727, 9.62970000)","(0.01250490,-0.4998307, -0.86603290)","(-29.98880000, 179.17270000)",8.330626,"(0.02329808, 0.66170290)"
16.30657,"(-0.07943123,-0.9643002,0.2515436, -0.02327142)","(29.26332000,179.6768, 9.33349100)","(0.00492044,-0.488824, -0.87236850)","(-29.26332000, 179.67680000)",8.133711,"(0.02386665, 0.65785050)"
16.32533,"(-0.07585517,-0.9660804,0.2461707, -0.01829430)","(28.58205000,180.1304, 9.01235900)","(-0.00199910,-0.4784167, -0.87813060)","(-28.58205000, -179.86960000)",7.906513,"(0.02440369, 0.65424040)"
16.33376,"(-0.07238085,-0.9677342,0.2409712, -0.01358156)","(27.92778000,180.5575, 8.69347400)","(-0.00859672,-0.4683582, -0.88349680)","(-27.92778000, -179.44250000)",7.6745,"(0.02482522, 0.65077900)"
16.34703,"(-0.06869137,-0.9692723,0.2360338, -0.00898347)","(27.30946000,180.9681, 8.34262000)","(-0.01501212,-0.4587963, -0.88841470)","(-27.30946000, -179.03190000)",7.407217,"(0.02519065, 0.64752260)"
16.36057,"(-0.06510735,-0.9707439,0.2310778, -0.00451289)","(26.69381000,181.3679, 7.99866900)","(-0.02132802,-0.4492225, -0.89316530)","(-26.69381000, -178.63210000)",7.141442,"(0.02556598, 0.64426990)"
16.3736,"(-0.06155441,-0.9720817,0.2264249, -0.00012018)","(26.11803000,181.7641, 7.65574400)","(-0.02764125,-0.4402218, -0.89746340)","(-26.11803000, -178.23590000)",6.870012,"(0.02596074, 0.64120590)"
16.3866,"(-0.05816447,-0.9732895,0.2220532, 0.00408416)","(25.57988000,182.1463, 7.32723500)","(-0.03378135,-0.431769, -0.90135130)","(-25.57988000, -177.85370000)",6.605657,"(0.02637279, 0.63834350)"
16.40048,"(-0.05485845,-0.9743665,0.2180146, 0.00837171)","(25.08319000,182.5461, 7.01138000)","(-0.04023411,-0.4239338, -0.90479900)","(-25.08319000, -177.45390000)",6.347273,"(0.02686995, 0.63570120)"
16.41332,"(-0.05144624,-0.9753601,0.2141633, 0.01265228)","(24.61198000,182.9455, 6.68130900)","(-0.04671686,-0.4164709, -0.90794810)","(-24.61198000, -177.05460000)",6.071862,"(0.02732825, 0.63320540)"
16.42685,"(-0.04800826,-0.9762756,0.2104526, 0.01705811)","(24.15972000,183.3624, 6.35028800)","(-0.05351377,-0.4092816, -0.91083750)","(-24.15971000, -176.63760000)",5.792071,"(0.02787864, 0.63080720)"
16.44082,"(-0.04475972,-0.9771157,0.2068569, 0.02125259)","(23.72478000,183.7609, 6.03579100)","(-0.06005019,-0.4023438, -0.91351700)","(-23.72478000, -176.23910000)",5.524035,"(0.02844089, 0.62849370)"
16.45329,"(-0.04157876,-0.9778966,0.2033248, 0.02546779)","(23.29987000,184.1657, 5.72858500)","(-0.06671772,-0.3955434, -0.91602130)","(-23.29986000, -175.83430000)",5.260006,"(0.02901590, 0.62623420)"
16.46717,"(-0.03857161,-0.9785696,0.2001066, 0.02951390)","(22.91466000,184.5582, 5.43874200)","(-0.07319967,-0.3893597, -0.91817250)","(-22.91466000, -175.44180000)",5.008403,"(0.02959359, 0.62418820)"
16.48622,"(-0.03562187,-0.9791809,0.1970031, 0.03355039)","(22.54525000,184.9529, 5.15473900)","(-0.07973904,-0.383413, -0.92012850)","(-22.54525000, -175.04710000)",4.759875,"(0.03020132, 0.62221340)"
16.49355,"(-0.03269484,-0.9797301,0.1940331, 0.03756594)","(22.19399000,185.3478, 4.87229500)","(-0.08629671,-0.3777437, -0.92187990)","(-22.19399000, -174.65220000)",4.51054,"(0.03082544, 0.62032330)"
16.50777,"(-0.03024139,-0.9802108,0.1912418, 0.04121732)","(21.86504000,185.7121, 4.63847100)","(-0.09237016,-0.3724215, -0.92345540)","(-21.86504000, -174.28790000)",4.304115,"(0.03142875, 0.61854820)"
16.51989,"(-0.02801573,-0.9806178,0.1886948, 0.04470118)","(21.56585000,186.0639, 4.42884700)","(-0.09824239,-0.3675704, -0.92479220)","(-21.56585000, -173.93610000)",4.118276,"(0.03203917, 0.61693390)"
16.53355,"(-0.02607303,-0.9809631,0.1863768, 0.04791036)","(21.29434000,186.3911, 4.24773200)","(-0.10371540,-0.3631593, -0.92593660)","(-21.29434000, -173.60890000)",3.957156,"(0.03263152, 0.61546800)"
16.54653,"(-0.02401024,-0.9812444,0.1843655, 0.05091421)","(21.06153000,186.6935, 4.04905900)","(-0.10877190,-0.3593703, -0.92683430)","(-21.06153000, -173.30650000)",3.778179,"(0.03315353, 0.61421850)"
16.56026,"(-0.02144975,-0.9815457,0.1821972, 0.05396319)","(20.81519000,186.9899, 3.78915200)","(-0.11375080,-0.3553548, -0.92778430)","(-20.81519000, -173.01010000)",3.541492,"(0.03358287, 0.61290210)"
16.57346,"(-0.01855613,-0.9817887,0.1802767, 0.05698351)","(20.60189000,187.278, 3.49004200)","(-0.11858200,-0.3518725, -0.92850670)","(-20.60188000, -172.72200000)",3.266566,"(0.03393298, 0.61177350)"
16.58683,"(-0.01597322,-0.981988,0.1785524, 0.05969531)","(20.41183000,187.5378, 3.22278000)","(-0.12294430,-0.3487656, -0.92911090)","(-20.41183000, -172.46220000)",3.020252,"(0.03423661, 0.61076800)"
16.60061,"(-0.01393921,-0.9821166,0.1771638, 0.06217477)","(20.25858000,187.7843, 3.01906000)","(-0.12706480,-0.3462576, -0.92949460)","(-20.25858000, -172.21570000)",2.832136,"(0.03460574, 0.60995530)"
16.61362,"(-0.01211104,-0.9821788,0.1760906, 0.06457745)","(20.14155000,188.0281, 2.84100100)","(-0.13111850,-0.3443407, -0.92964380)","(-20.14155000, -171.97190000)",2.667118,"(0.03500694, 0.60932310)"
16.62683,"(-0.00990365,-0.9822325,0.1750088, 0.06703097)","(20.02749000,188.2704, 2.61816500)","(-0.13514640,-0.342471, -0.92975750)","(-20.02749000, -171.72960000)",2.459732,"(0.03534091, 0.60871450)"
16.64601,"(-0.00715933,-0.9822688,0.1739239, 0.06962233)","(19.91850000,188.5184, 2.33365000)","(-0.13926600,-0.3406832, -0.92980640)","(-19.91850000, -171.48160000)",2.193923,"(0.03560293, 0.60813990)"
16.65373,"(-0.00447768,-0.9823387,0.1725671, 0.07218838)","(19.77895000,188.7638, 2.05308300)","(-0.14337230,-0.3383923, -0.93001880)","(-19.77895000, -171.23620000)",1.931784,"(0.03586471, 0.60739140)"
16.66706,"(-0.00213602,-0.9823726,0.1714144, 0.07454208)","(19.66178000,188.9923, 1.81050400)","(-0.14718850,-0.3364672, -0.93012110)","(-19.66178000, -171.00770000)",1.704906,"(0.03613883, 0.60676060)"
16.68077,"(-0.00037529,-0.9824374,0.1701661, 0.07655208)","(19.52983000,189.1914, 1.62890500)","(-0.15054300,-0.3342975, -0.93036670)","(-19.52983000, -170.80860000)",1.534931,"(0.03642291, 0.60604050)"
16.6949,"(0.00112772,-0.9825196,0.1687963, 0.07849749)","(19.38222000,189.3877, 1.47513500)","(-0.15386990,-0.3318684, -0.93069200)","(-19.38222000, -170.61230000)",1.391423,"(0.03674233, 0.60522990)"
16.70679,"(0.00253893,-0.9826487,0.1672777, 0.08008430)","(19.21762000,189.5424, 1.32305100)","(-0.15654010,-0.3291571, -0.93120970)","(-19.21762000, -170.45760000)",1.249292,"(0.03695536, 0.60432350)"
16.72,"(0.00421159,-0.9827669,0.1657525, 0.08171714)","(19.05530000,189.6978, 1.14038600)","(-0.15922160,-0.3264805, -0.93169700)","(-19.05529000, -170.30220000)",1.077927,"(0.03710973, 0.60343410)"
16.73371,"(0.00579155,-0.9829075,0.1641618, 0.08312735)","(18.88530000,189.8286, 0.96333630)","(-0.16151150,-0.3236747, -0.93228160)","(-18.88530000, -170.17140000)",0.9115012,"(0.03720540, 0.60250040)"
16.74641,"(0.00699810,-0.9830481,0.1627207, 0.08419846)","(18.72965000,189.927, 0.82540820)","(-0.16326480,-0.3211031, -0.93286520)","(-18.72965000, -170.07300000)",0.7813459,"(0.03727078, 0.60164320)"
16.76066,"(0.00778519,-0.9831861,0.1614833, 0.08489805)","(18.59388000,189.9903, 0.73212390)","(-0.16442680,-0.3188582, -0.93343090)","(-18.59389000, -170.00970000)",0.6937978,"(0.03730512, 0.60089370)"
16.7737,"(0.00829953,-0.9832548,0.1607274, 0.08548494)","(18.51126000,190.0476, 0.67423060)","(-0.16543900,-0.3174911, -0.93371790)","(-18.51126000, -169.95240000)",0.6388841,"(0.03737694, 0.60043760)"
16.7874,"(0.00871284,-0.9833251,0.1601885, 0.08564708)","(18.45303000,190.0568, 0.62240250)","(-0.16564640,-0.3165272, -0.93400840)","(-18.45303000, -169.94320000)",0.5901666,"(0.03732502, 0.60011610)"
16.8062,"(0.00935016,-0.9833685,0.1598291, 0.08575366)","(18.41790000,190.056, 0.54487250)","(-0.16566600,-0.3159454, -0.93420200)","(-18.41790000, -169.94400000)",0.5166202,"(0.03720844, 0.59992300)"
16.8133,"(0.01024483,-0.9833881,0.1596242, 0.08580773)","(18.40327000,190.0446, 0.43746680)","(-0.16549400,-0.3157032, -0.93431440)","(-18.40327000, -169.95540000)",0.414487,"(0.03701979, 0.59984400)"
16.82705,"(0.01140492,-0.9833621,0.1596982, 0.08582235)","(18.42360000,190.0244, 0.30080960)","(-0.16514620,-0.3160398, -0.93426210)","(-18.42360000, -169.97560000)",0.2846186,"(0.03676581, 0.59995880)"
16.84056,"(0.01259825,-0.98334,0.1598216, 0.08567879)","(18.44999000,189.9849, 0.15764090)","(-0.16447580,-0.3164768, -0.93423250)","(-18.44999000, -170.01520000)",0.1480375,"(0.03644848, 0.60010710)"
16.85379,"(0.01377080,-0.9833044,0.160039, 0.08550049)","(18.48697000,189.9418, 0.01722082)","(-0.16373830,-0.317089, -0.93415430)","(-18.48697000, -170.05820000)",0,"(0.03612584, 0.60031380)"
16.86664,"(0.01497350,-0.9832553,0.1603894, 0.08520545)","(18.53954000,189.8845, 359.87230000)","(-0.16275430,-0.3179591, -0.93403050)","(-18.53955000, -170.11550000)",-0.1219466,"(0.03575802, 0.60060680)"
16.88069,"(0.01611682,-0.9832127,0.1606434, 0.08501003)","(18.58030000,189.8399, 359.73530000)","(-0.16198780,-0.3186335, -0.93393400)","(-18.58030000, -170.16010000)",-0.25101,"(0.03543639, 0.60083390)"
16.89364,"(0.01730980,-0.9831771,0.1608593, 0.08477861)","(18.61706000,189.7897, 359.59110000)","(-0.16113590,-0.3192414, -0.93387380)","(-18.61706000, -170.21030000)",-0.3876539,"(0.03507960, 0.60104040)"
16.90832,"(0.01800663,-0.9831365,0.1612232, 0.08441306)","(18.66587000,189.7335, 359.50490000)","(-0.16017290,-0.3200487, -0.93376310)","(-18.66587000, -170.26650000)",-0.468137,"(0.03480172, 0.60131230)"
16.9201,"(0.01827916,-0.9830921,0.1616827, 0.08399071)","(18.72151000,189.6789, 359.46880000)","(-0.15923040,-0.3209685, -0.93360850)","(-18.72151000, -170.32110000)",-0.5031891,"(0.03459984, 0.60162270)"
16.93379,"(0.01829078,-0.9830447,0.1621502, 0.08364176)","(18.77554000,189.6381, 359.46520000)","(-0.15851550,-0.3218615, -0.93342280)","(-18.77554000, -170.36190000)",-0.5059038,"(0.03449845, 0.60192120)"
16.94683,"(0.01817031,-0.9830336,0.1623338, 0.08344210)","(18.79550000,189.6171, 359.47750000)","(-0.15815350,-0.3221914, -0.93337040)","(-18.79550000, -170.38290000)",-0.4941643,"(0.03445703, 0.60203330)"
16.96513,"(0.01817984,-0.9829983,0.1626332, 0.08327241)","(18.83017000,189.5974, 359.47600000)","(-0.15780000,-0.3227641, -0.93323240)","(-18.83016000, -170.40270000)",-0.4957456,"(0.03439915, 0.60222710)"
16.97355,"(0.01810704,-0.9829846,0.1628113, 0.08310165)","(18.84998000,189.5788, 359.48310000)","(-0.15747920,-0.3230914, -0.93317310)","(-18.84999000, -170.42120000)",-0.4893896,"(0.03435904, 0.60233780)"
16.98675,"(0.01774043,-0.9829667,0.1630929, 0.08283943)","(18.87891000,189.5553, 359.52430000)","(-0.15707010,-0.3235691, -0.93307660)","(-18.87891000, -170.44470000)",-0.4493696,"(0.03435570, 0.60249930)"
17.00025,"(0.01702171,-0.9829718,0.1633292, 0.08246306)","(18.89915000,189.525, 359.60470000)","(-0.15655740,-0.3239034, -0.93304680)","(-18.89915000, -170.47500000)",-0.373777,"(0.03438973, 0.60261280)"
17.01312,"(0.01676388,-0.9829597,0.1634741, 0.08237328)","(18.91340000,189.5197, 359.63510000)","(-0.15645830,-0.3241387, -0.93298180)","(-18.91340000, -170.48030000)",-0.3443497,"(0.03442025, 0.60269200)"
17.02681,"(0.01676361,-0.9829516,0.1635129, 0.08239378)","(18.91789000,189.5223, 359.63600000)","(-0.15649610,-0.3242129, -0.93294960)","(-18.91789000, -170.47770000)",-0.343781,"(0.03442889, 0.60271680)"
17.04072,"(0.01680043,-0.9829338,0.1636219, 0.08238173)","(18.93087000,189.5205, 359.63240000)","(-0.15645370,-0.3244271, -0.93288220)","(-18.93087000, -170.47950000)",-0.3471792,"(0.03441954, 0.60278880)"
17.05365,"(0.01690065,-0.9829037,0.1637824, 0.08240203)","(18.95042000,189.5214, 359.62250000)","(-0.15645050,-0.3247499, -0.93277050)","(-18.95042000, -170.47860000)",-0.3566318,"(0.03440017, 0.60289930)"
17.06688,"(0.01698309,-0.9828534,0.1640541, 0.08244485)","(18.98269000,189.5257, 359.61630000)","(-0.15649010,-0.3252825, -0.93257830)","(-18.98269000, -170.47430000)",-0.3631561,"(0.03440279, 0.60307860)"
17.08072,"(0.01708887,-0.982793,0.1643813, 0.08249205)","(19.02163000,189.5302, 359.60790000)","(-0.15652700,-0.325925, -0.93234810)","(-19.02162000, -170.46980000)",-0.3700944,"(0.03440291, 0.60329510)"
17.09398,"(0.01730302,-0.9827456,0.1646028, 0.08256911)","(19.04937000,189.5359, 359.58620000)","(-0.15659260,-0.3263827, -0.93217660)","(-19.04937000, -170.46410000)",-0.3906707,"(0.03438658, 0.60344920)"
17.10832,"(0.01777380,-0.9826916,0.1647344, 0.08284919)","(19.06929000,189.5605, 359.53710000)","(-0.15697450,-0.3267113, -0.93199750)","(-19.06928000, -170.43950000)",-0.4374548,"(0.03438580, 0.60356940)"
17.12468,"(0.01861392,-0.9826451,0.1647086, 0.08326609)","(19.07466000,189.5938, 359.44510000)","(-0.15751030,-0.3268, -0.93187570)","(-19.07466000, -170.40630000)",-0.5245137,"(0.03434348, 0.60359630)"
17.13335,"(0.01933905,-0.9826217,0.1645889, 0.08361282)","(19.06807000,189.6206, 359.36450000)","(-0.15795360,-0.3266912, -0.93183890)","(-19.06807000, -170.37940000)",-0.6006827,"(0.03430009, 0.60355680)"
17.14705,"(0.02020574,-0.9826016,0.1644921, 0.08383396)","(19.06546000,189.6297, 359.26470000)","(-0.15810340,-0.3266483, -0.93182860)","(-19.06546000, -170.37030000)",-0.6946434,"(0.03417802, 0.60353700)"
17.1605,"(0.02076872,-0.982594,0.1643643, 0.08403617)","(19.05632000,189.6424, 359.20040000)","(-0.15831960,-0.3264975, -0.93184470)","(-19.05632000, -170.35760000)",-0.7553698,"(0.03411913, 0.60348310)"
17.1738,"(0.02122336,-0.9825935,0.1643057, 0.08404308)","(19.05399000,189.6341, 359.14580000)","(-0.15818610,-0.3264589, -0.93188070)","(-19.05398000, -170.36590000)",-0.8072135,"(0.03401530, 0.60346820)"
17.18734,"(0.02158701,-0.982585,0.1642778, 0.08410461)","(19.05435000,189.6342, 359.10350000)","(-0.15818730,-0.3264649, -0.93187830)","(-19.05435000, -170.36580000)",-0.847191,"(0.03395343, 0.60346960)"
17.20017,"(0.02193957,-0.9825763,0.164266, 0.08413851)","(19.05646000,189.6312, 359.06200000)","(-0.15813720,-0.3264997, -0.93187480)","(-19.05646000, -170.36880000)",-0.8862489,"(0.03388429, 0.60348090)"
17.21329,"(0.02249194,-0.982564,0.1642775, 0.08411363)","(19.06315000,189.6173, 358.99580000)","(-0.15790420,-0.3266101, -0.93187580)","(-19.06314000, -170.38270000)",-0.9489449,"(0.03374541, 0.60350690)"
17.22716,"(0.02353450,-0.9824505,0.1647187, 0.08429064)","(19.12459000,189.6188, 358.87960000)","(-0.15786960,-0.3276234, -0.93152560)","(-19.12459000, -170.38120000)",-1.058509,"(0.03357673, 0.60383980)"
17.24056,"(0.02337516,-0.9824209,0.1650152, 0.08409976)","(19.15716000,189.5997, 358.89760000)","(-0.15752820,-0.3281605, -0.93139460)","(-19.15716000, -170.40030000)",-1.041175,"(0.03354925, 0.60402120)"
17.25393,"(0.02343835,-0.9823436,0.16553, 0.08397412)","(19.21726000,189.5845, 358.89260000)","(-0.15722340,-0.3291511, -0.93109640)","(-19.21726000, -170.41550000)",-1.045301,"(0.03349817, 0.60435370)"
17.26683,"(0.02373235,-0.9822829,0.1659195, 0.08383214)","(19.26506000,189.5624, 358.85860000)","(-0.15681840,-0.3299389, -0.93088570)","(-19.26507000, -170.43770000)",-1.077563,"(0.03338498, 0.60461580)"
17.28653,"(0.02359909,-0.9822661,0.1661061, 0.08369706)","(19.28523000,189.5492, 358.87350000)","(-0.15658570,-0.3302712, -0.93080710)","(-19.28524000, -170.45080000)",-1.063121,"(0.03336996, 0.60472840)"
17.29378,"(0.02336967,-0.9822535,0.1663614, 0.08340147)","(19.31225000,189.5189, 358.89740000)","(-0.15606710,-0.3307162, -0.93073610)","(-19.31225000, -170.48110000)",-1.040423,"(0.03331971, 0.60487900)"
17.30718,"(0.02286992,-0.9822382,0.1666791, 0.08308575)","(19.34390000,189.4917, 358.95370000)","(-0.15559610,-0.3312374, -0.93062970)","(-19.34390000, -170.50830000)",-0.9873473,"(0.03332645, 0.60505760)"
17.3207,"(0.02224098,-0.9821851,0.1672252, 0.08278520)","(19.40082000,189.4696, 359.02790000)","(-0.15518230,-0.3321747, -0.93036460)","(-19.40083000, -170.53040000)",-0.916639,"(0.03337365, 0.60537760)"
17.33327,"(0.02169007,-0.9821412,0.1676779, 0.08253697)","(19.44776000,189.452, 359.09300000)","(-0.15485200,-0.3329472, -0.93014360)","(-19.44776000, -170.54800000)",-0.8550079,"(0.03342032, 0.60564140)"
17.34676,"(0.02117065,-0.9820547,0.1683071, 0.08242029)","(19.51559000,189.4501, 359.15880000)","(-0.15475610,-0.3340634, -0.92975930)","(-19.51559000, -170.54990000)",-0.7927822,"(0.03351170, 0.60602140)"
17.36046,"(0.02087832,-0.9819632,0.1689076, 0.08235640)","(19.58232000,189.4499, 359.19830000)","(-0.15468890,-0.335161, -0.92937540)","(-19.58233000, -170.55010000)",-0.7553698,"(0.03356904, 0.60639390)"
17.37359,"(0.02068995,-0.9818659,0.1694332, 0.08248433)","(19.64154000,189.4705, 359.22870000)","(-0.15496600,-0.3361345, -0.92897740)","(-19.64154000, -170.52950000)",-0.7263159,"(0.03367102, 0.60672470)"
17.38712,"(0.02058761,-0.9817838,0.1698995, 0.08252800)","(19.69464000,189.4791, 359.24640000)","(-0.15505370,-0.3370072, -0.92864660)","(-19.69464000, -170.52090000)",-0.7096917,"(0.03372079, 0.60702060)"
17.40079,"(0.02050812,-0.9816875,0.1704161, 0.08262774)","(19.75384000,189.4941, 359.26320000)","(-0.15523940,-0.3379799, -0.92826200)","(-19.75384000, -170.50590000)",-0.6935157,"(0.03378677, 0.60735040)"
17.41327,"(0.02042444,-0.9815792,0.1709459, 0.08284052)","(19.81460000,189.5229, 359.28290000)","(-0.15564610,-0.3389777, -0.92782990)","(-19.81460000, -170.47710000)",-0.6743467,"(0.03389555, 0.60768970)"
17.42697,"(0.02043830,-0.9814497,0.1715717, 0.08307832)","(19.88747000,189.5529, 359.29250000)","(-0.15606110,-0.3401738, -0.92732230)","(-19.88747000, -170.44710000)",-0.6647022,"(0.03399259, 0.60809560)"
17.44618,"(0.02057049,-0.9813401,0.1720368, 0.08337775)","(19.94290000,189.5875, 359.28780000)","(-0.15656610,-0.3410834, -0.92690290)","(-19.94290000, -170.41250000)",-0.6696879,"(0.03408098, 0.60840430)"
17.45329,"(0.02074731,-0.9812464,0.1724021, 0.08368161)","(19.98720000,189.6214, 359.27670000)","(-0.15707080,-0.3418103, -0.92654980)","(-19.98720000, -170.37860000)",-0.6792617,"(0.03415823, 0.60865080)"
17.46714,"(0.02109353,-0.9811278,0.172823, 0.08411631)","(20.03973000,189.6677, 359.24880000)","(-0.15776680,-0.3426716, -0.92611340)","(-20.03973000, -170.33230000)",-0.7052664,"(0.03424674, 0.60895110)"
17.48078,"(0.02134228,-0.9810522,0.173022, 0.08452569)","(20.06556000,189.7124, 359.22980000)","(-0.15846290,-0.3430951, -0.92583760)","(-20.06556000, -170.28760000)",-0.7230757,"(0.03434145, 0.60909240)"
17.4939,"(0.02148998,-0.980991,0.1731702, 0.08489322)","(20.08449000,189.754, 359.22150000)","(-0.15911610,-0.3434055, -0.92561030)","(-20.08449000, -170.24600000)",-0.7311491,"(0.03444332, 0.60919570)"
17.50667,"(0.02154284,-0.9809226,0.1734145, 0.08517089)","(20.11357000,189.7871, 359.22360000)","(-0.15962040,-0.343882, -0.92534660)","(-20.11357000, -170.21290000)",-0.729005,"(0.03453684, 0.60935620)"
17.52025,"(0.02160581,-0.9808807,0.1735496, 0.08536222)","(20.13001000,189.8092, 359.22150000)","(-0.15996100,-0.3441515, -0.92518770)","(-20.13001000, -170.19080000)",-0.7308815,"(0.03459471, 0.60944840)"
17.53506,"(0.02172938,-0.9808188,0.173783, 0.08556751)","(20.15847000,189.832, 359.21350000)","(-0.16030000,-0.3446179, -0.92495540)","(-20.15847000, -170.16800000)",-0.7383398,"(0.03464538, 0.60960690)"
17.54688,"(0.02177029,-0.9807718,0.1739705, 0.08571491)","(20.18075000,189.8495, 359.21370000)","(-0.16055870,-0.3449828, -0.92477450)","(-20.18075000, -170.15050000)",-0.7378095,"(0.03469342, 0.60973140)"
17.56061,"(0.02158520,-0.9807469,0.1740954, 0.08579239)","(20.19344000,189.8631, 359.23890000)","(-0.16076550,-0.3451908, -0.92466090)","(-20.19344000, -170.13690000)",-0.7138155,"(0.03476799, 0.60980420)"
17.57378,"(0.02133162,-0.9807126,0.1742979, 0.08583727)","(20.21442000,189.8745, 359.27230000)","(-0.16092730,-0.3455343, -0.92450450)","(-20.21442000, -170.12550000)",-0.6829963,"(0.03484833, 0.60992340)"
17.58676,"(0.02105762,-0.9806767,0.1745175, 0.08586917)","(20.23716000,189.8848, 359.30810000)","(-0.16106990,-0.3459068, -0.92434020)","(-20.23716000, -170.11520000)",-0.649214,"(0.03492618, 0.61004070)"
17.60575,"(0.02071307,-0.9806045,0.1749409, 0.08591516)","(20.28284000,189.8989, 359.35480000)","(-0.16125050,-0.3466548, -0.92402850)","(-20.28284000, -170.10110000)",-0.605226,"(0.03503233, 0.61029490)"
17.61378,"(0.02072870,-0.9805006,0.1754836, 0.08599079)","(20.34600000,189.9093, 359.36020000)","(-0.16135290,-0.3476885, -0.92362210)","(-20.34600000, -170.09070000)",-0.5993783,"(0.03506732, 0.61064600)"
17.62667,"(0.02097740,-0.9803496,0.1761967, 0.08619355)","(20.43136000,189.9307, 359.34230000)","(-0.16160730,-0.349085, -0.92305080)","(-20.43136000, -170.06930000)",-0.6161205,"(0.03509724, 0.61111990)"
17.64075,"(0.02156457,-0.9802009,0.1767912, 0.08652209)","(20.50649000,189.9595, 359.28530000)","(-0.16199320,-0.3503135, -0.92251770)","(-20.50649000, -170.04050000)",-0.6691033,"(0.03507984, 0.61153810)"
17.65367,"(0.02218087,-0.9800681,0.1773286, 0.08677004)","(20.57526000,189.9778, 359.22250000)","(-0.16221450,-0.3514374, -0.92205110)","(-20.57526000, -170.02220000)",-0.7279305,"(0.03504127, 0.61191790)"
17.66692,"(0.02284647,-0.9799759,0.1776508, 0.08697986)","(20.61958000,189.9897, 359.15060000)","(-0.16235890,-0.3521614, -0.92174940)","(-20.61958000, -170.01030000)",-0.7947544,"(0.03497750, 0.61216030)"
17.68073,"(0.02351272,-0.9799209,0.1777738, 0.08717100)","(20.64078000,189.9987, 359.07620000)","(-0.16248150,-0.3525079, -0.92159570)","(-20.64078000, -170.00130000)",-0.8643403,"(0.03489095, 0.61228140)"
17.69338,"(0.02409234,-0.9799132,0.177694, 0.08726133)","(20.63749000,189.9969, 359.00780000)","(-0.16245490,-0.3524541, -0.92162050)","(-20.63750000, -170.00310000)",-0.9285166,"(0.03478122, 0.61225840)"
17.70715,"(0.02446164,-0.9798708,0.1777945, 0.08742946)","(20.65308000,190.0095, 358.96820000)","(-0.16264090,-0.3527086, -0.92149030)","(-20.65308000, -169.99050000)",-0.9653005,"(0.03475630, 0.61234270)"
17.72044,"(0.02479558,-0.9798332,0.1778333, 0.08767813)","(20.66124000,190.0324, 358.93410000)","(-0.16300090,-0.3528419, -0.92137580)","(-20.66124000, -169.96760000)",-0.9974037,"(0.03476894, 0.61238620)"
17.73497,"(0.02506997,-0.9798147,0.1777266, 0.08802213)","(20.65203000,190.0678, 358.90760000)","(-0.16357960,-0.3526917, -0.92133070)","(-20.65204000, -169.93220000)",-1.022016,"(0.03482902, 0.61233470)"
17.74681,"(0.02519892,-0.9797864,0.1776363, 0.08848259)","(20.64340000,190.1204, 358.90130000)","(-0.16443560,-0.3525506, -0.92123280)","(-20.64339000, -169.87960000)",-1.028125,"(0.03496903, 0.61228860)"
17.76568,"(0.02513067,-0.9797946,0.1772987, 0.08908580)","(20.60419000,190.194, 358.91920000)","(-0.16566030,-0.3519102, -0.92125780)","(-20.60420000, -169.80600000)",-1.011431,"(0.03519017, 0.61206250)"
17.77365,"(0.02483476,-0.9797736,0.1770791, 0.08983296)","(20.57645000,190.2901, 358.96870000)","(-0.16723650,-0.3514568, -0.92114610)","(-20.57644000, -169.70990000)",-0.9653005,"(0.03552616, 0.61190690)"
17.78717,"(0.02434425,-0.9798216,0.1765971, 0.09039203)","(20.51597000,190.3669, 359.03460000)","(-0.16853790,-0.3504684, -0.92128590)","(-20.51596000, -169.63310000)",-0.9039564,"(0.03583497, 0.61157100)"
17.80038,"(0.02371345,-0.979897,0.1760488, 0.09080989)","(20.44611000,190.4294, 359.11330000)","(-0.16961920,-0.3493262, -0.92152080)","(-20.44611000, -169.57060000)",-0.8306301,"(0.03612435, 0.61118390)"
17.81364,"(0.02316324,-0.9799512,0.1756349, 0.09116753)","(20.39258000,190.4831, 359.18250000)","(-0.17054290,-0.3484507, -0.92168180)","(-20.39258000, -169.51690000)",-0.7656615,"(0.03637534, 0.61088780)"
17.82715,"(0.02252186,-0.9800231,0.1752448, 0.09130611)","(20.34064000,190.5124, 359.25800000)","(-0.17107050,-0.3476008, -0.92190490)","(-20.34064000, -169.48770000)",-0.6954879,"(0.03656870, 0.61060090)"
17.84054,"(0.02153908,-0.9801064,0.1749507, 0.09121338)","(20.29598000,190.5211, 359.37050000)","(-0.17126110,-0.3468699, -0.92214480)","(-20.29598000, -169.47890000)",-0.590498,"(0.03675991, 0.61035590)"
17.85383,"(0.02077946,-0.9801743,0.1747984, 0.09095187)","(20.27007000,190.5052, 359.45400000)","(-0.17103290,-0.3464457, -0.92234680)","(-20.27007000, -169.49480000)",-0.5124369,"(0.03684014, 0.61021410)"
17.86696,"(0.02011817,-0.9802529,0.1746382, 0.09055994)","(20.24426000,190.4713, 359.52300000)","(-0.17051650,-0.346023, -0.92260080)","(-20.24426000, -169.52870000)",-0.4476244,"(0.03684974, 0.61007210)"
17.88063,"(0.01952350,-0.9802976,0.1746798, 0.09012411)","(20.24258000,190.4315, 359.58520000)","(-0.16987620,-0.3459956, -0.92272930)","(-20.24258000, -169.56850000)",-0.3891652,"(0.03683174, 0.61006410)"
17.89349,"(0.01917238,-0.9803575,0.1746492, 0.08960674)","(20.23511000,190.3763, 359.61580000)","(-0.16899640,-0.3458732, -0.92293670)","(-20.23511000, -169.62370000)",-0.3599087,"(0.03672457, 0.61002360)"
17.90695,"(0.01914980,-0.9803673,0.1747618, 0.08928335)","(20.24780000,190.3382, 359.61270000)","(-0.16836770,-0.346081, -0.92297360)","(-20.24780000, -169.66180000)",-0.3631561,"(0.03661376, 0.61009450)"
17.92498,"(0.01930310,-0.9803763,0.1748147, 0.08904760)","(20.25544000,190.3066, 359.58990000)","(-0.16785140,-0.3462062, -0.92302070)","(-20.25544000, -169.69340000)",-0.3841043,"(0.03649151, 0.61013730)"
17.93506,"(0.01954043,-0.9803787,0.1749735, 0.08865604)","(20.27616000,190.2548, 359.55480000)","(-0.16699490,-0.3465454, -0.92304860)","(-20.27616000, -169.74520000)",-0.4168407,"(0.03629494, 0.61025300)"
17.94705,"(0.01980166,-0.9803771,0.1750896, 0.08838786)","(20.29220000,190.2173, 359.51900000)","(-0.16637280,-0.346808, -0.92306290)","(-20.29220000, -169.78270000)",-0.4511079,"(0.03613698, 0.61034270)"
17.96069,"(0.02015228,-0.9803568,0.1752649, 0.08818591)","(20.31606000,190.186, 359.47450000)","(-0.16584330,-0.3471985, -0.92301100)","(-20.31606000, -169.81400000)",-0.4921804,"(0.03598422, 0.61047540)"
17.97382,"(0.02062177,-0.9803139,0.175527, 0.08803242)","(20.35121000,190.1583, 359.41780000)","(-0.16535950,-0.3477738, -0.92288120)","(-20.35121000, -169.84170000)",-0.5453635,"(0.03582370, 0.61067060)"
17.9872,"(0.02092277,-0.9802738,0.1757051, 0.08805303)","(20.37499000,190.1549, 359.38400000)","(-0.16527970,-0.3481629, -0.92274910)","(-20.37498000, -169.84510000)",-0.57743,"(0.03576517, 0.61080220)"
18.00058,"(0.02117469,-0.9802167,0.1759614, 0.08811683)","(20.40735000,190.1581, 359.35800000)","(-0.16529530,-0.3486924, -0.92254640)","(-20.40734000, -169.84190000)",-0.6013339,"(0.03573680, 0.61098130)"
18.01364,"(0.02131472,-0.9801894,0.1760769, 0.08815584)","(20.42222000,190.1601, 359.34330000)","(-0.16531280,-0.3489355, -0.92245130)","(-20.42221000, -169.83990000)",-0.615485,"(0.03572142, 0.61106350)"
18.02674,"(0.02140437,-0.9801582,0.1762131, 0.08820886)","(20.43898000,190.1651, 359.33520000)","(-0.16537380,-0.3492095, -0.92233630)","(-20.43897000, -169.83490000)",-0.6224399,"(0.03572404, 0.61115610)"
18.04063,"(0.02152179,-0.9801328,0.1762736, 0.08834130)","(20.44729000,190.1787, 359.32460000)","(-0.16558500,-0.3493455, -0.92224680)","(-20.44729000, -169.82130000)",-0.6327289,"(0.03574687, 0.61120150)"
18.05399,"(0.02156333,-0.9801242,0.1762566, 0.08846060)","(20.44584000,190.1922, 359.32210000)","(-0.16580340,-0.3493218, -0.92221680)","(-20.44584000, -169.80780000)",-0.6351982,"(0.03578055, 0.61119310)"
18.06748,"(0.02148898,-0.9801441,0.1760991, 0.08857100)","(20.42687000,190.2066, 359.33170000)","(-0.16605630,-0.3490117, -0.92228870)","(-20.42687000, -169.79340000)",-0.6262009,"(0.03583419, 0.61108760)"
18.08515,"(0.02136611,-0.9801773,0.1758941, 0.08864118)","(20.40187000,190.2171, 359.34570000)","(-0.16625180,-0.3486026, -0.92240800)","(-20.40187000, -169.78290000)",-0.6132555,"(0.03588319, 0.61094880)"
18.09366,"(0.02100317,-0.9802768,0.1753987, 0.08860897)","(20.34063000,190.2194, 359.38320000)","(-0.16635480,-0.3476006, -0.92276750)","(-20.34063000, -169.78060000)",-0.5781073,"(0.03594214, 0.61060960)"
18.10697,"(0.02063313,-0.9803951,0.1748044, 0.08856282)","(20.26785000,190.2198, 359.42000000)","(-0.16643960,-0.3464094, -0.92320040)","(-20.26785000, -169.78020000)",-0.5435666,"(0.03600812, 0.61020400)"
18.12001,"(0.02018052,-0.9805381,0.1740973, 0.08847545)","(20.18112000,190.2166, 359.46470000)","(-0.16648040,-0.344989, -0.92372460)","(-20.18112000, -169.78340000)",-0.5024107,"(0.03606814, 0.60972240)"
18.13401,"(0.01979240,-0.9806542,0.1735471, 0.08835674)","(20.11326000,190.2087, 359.50270000)","(-0.16642500,-0.343877, -0.92414900)","(-20.11326000, -169.79130000)",-0.4668813,"(0.03610456, 0.60934560)"
18.14778,"(0.01952535,-0.9807569,0.1730849, 0.08818272)","(20.05683000,190.1918, 359.52590000)","(-0.16621250,-0.342952, -0.92453090)","(-20.05683000, -169.80820000)",-0.4449939,"(0.03609443, 0.60903230)"
18.16093,"(0.01928107,-0.9808455,0.1727584, 0.08789188)","(20.01632000,190.1608, 359.54540000)","(-0.16575480,-0.3422878, -0.92485920)","(-20.01632000, -169.83920000)",-0.4270431,"(0.03603911, 0.60880770)"
18.17396,"(0.01918331,-0.9808966,0.1725731, 0.08770630)","(19.99376000,190.1398, 359.55110000)","(-0.16544060,-0.3419178, -0.92505230)","(-19.99376000, -169.86020000)",-0.4210443,"(0.03599072, 0.60868270)"
18.18652,"(0.01910136,-0.9809551,0.1723447, 0.08751888)","(19.96635000,190.1182, 359.55450000)","(-0.16512010,-0.3414682, -0.92527540)","(-19.96636000, -169.88180000)",-0.4177785,"(0.03593701, 0.60853080)"
18.20003,"(0.01904248,-0.9810443,0.1719914, 0.08722607)","(19.92467000,190.083, 359.55150000)","(-0.16459500,-0.3407844, -0.92562100)","(-19.92467000, -169.91700000)",-0.4210443,"(0.03583705, 0.60829950)"
18.21338,"(0.01911596,-0.9811121,0.1717079, 0.08700563)","(19.89246000,190.054, 359.53500000)","(-0.16415980,-0.3402557, -0.92589280)","(-19.89246000, -169.94600000)",-0.4370072,"(0.03573394, 0.60812080)"
18.22734,"(0.01922819,-0.9812049,0.1712365, 0.08686300)","(19.83890000,190.033, 359.51360000)","(-0.16387570,-0.3393766, -0.92626570)","(-19.83890000, -169.96700000)",-0.4571402,"(0.03564614, 0.60782310)"
18.24651,"(0.01933552,-0.9812809,0.1708538, 0.08673511)","(19.79558000,190.0142, 359.49400000)","(-0.16361590,-0.3386653, -0.92657200)","(-19.79558000, -169.98580000)",-0.4760123,"(0.03556669, 0.60758240)"
18.25368,"(0.01939044,-0.9813596,0.1705033, 0.08652125)","(19.75540000,189.9862, 359.47920000)","(-0.16320460,-0.3380055, -0.92688520)","(-19.75541000, -170.01380000)",-0.4901886,"(0.03546894, 0.60735950)"
18.26739,"(0.01936446,-0.9814059,0.1703264, 0.08635195)","(19.73455000,189.9658, 359.47690000)","(-0.16289610,-0.337663, -0.92706490)","(-19.73455000, -170.03420000)",-0.4921804,"(0.03540975, 0.60724420)"
18.28059,"(0.01928407,-0.9814229,0.1702997, 0.08622781)","(19.73058000,189.9524, 359.48360000)","(-0.16268380,-0.3375976, -0.92712560)","(-19.73058000, -170.04760000)",-0.4853748,"(0.03538275, 0.60722250)"
18.29354,"(0.01907219,-0.9814831,0.1700811, 0.08602071)","(19.70301000,189.9312, 359.50230000)","(-0.16236810,-0.3371446, -0.92734560)","(-19.70301000, -170.06880000)",-0.468137,"(0.03535211, 0.60706980)"
18.30677,"(0.01890674,-0.9815168,0.1699379, 0.08595628)","(19.68471000,189.9264, 359.51930000)","(-0.16230910,-0.336844, -0.92746540)","(-19.68471000, -170.07360000)",-0.4519747,"(0.03536415, 0.60696840)"
18.32004,"(0.01869844,-0.9815723,0.1696133, 0.08600883)","(19.64503000,189.936, 359.54180000)","(-0.16250480,-0.3361919, -0.92766770)","(-19.64503000, -170.06400000)",-0.4306931,"(0.03542483, 0.60674760)"
18.33331,"(0.01849401,-0.9816371,0.1691753, 0.08617555)","(19.59231000,189.9589, 359.56510000)","(-0.16292880,-0.3353251, -0.92790690)","(-19.59231000, -170.04110000)",-0.409739,"(0.03552371, 0.60645380)"
18.34653,"(0.01833348,-0.9816767,0.168885, 0.08632826)","(19.55712000,189.9796, 359.58430000)","(-0.16330040,-0.3347464, -0.92805050)","(-19.55712000, -170.02040000)",-0.3916712,"(0.03561044, 0.60625760)"
18.36235,"(0.01809072,-0.9817057,0.1686219, 0.08656425)","(19.52427000,190.0121, 359.61540000)","(-0.16386020,-0.3342061, -0.92814650)","(-19.52427000, -169.98790000)",-0.3620769,"(0.03574711, 0.60607430)"
18.37325,"(0.01778575,-0.9817463,0.1683518, 0.08669238)","(19.48994000,190.0329, 359.65160000)","(-0.16423130,-0.3336414, -0.92828400)","(-19.48994000, -169.96710000)",-0.3280534,"(0.03585881, 0.60588320)"
18.3864,"(0.01734894,-0.9817945,0.1680131, 0.08689124)","(19.44632000,190.0646, 359.70420000)","(-0.16478900,-0.3329236, -0.92844300)","(-19.44632000, -169.93540000)",-0.2783625,"(0.03602523, 0.60564020)"
18.40643,"(0.01686823,-0.9818656,0.1675711, 0.08703645)","(19.39027000,190.0903, 359.75980000)","(-0.16526290,-0.3320008, -0.92868910)","(-19.39026000, -169.90970000)",-0.2264194,"(0.03618002, 0.60532810)"
18.41387,"(0.01622229,-0.981954,0.1669983, 0.08726282)","(19.31737000,190.1286, 359.83520000)","(-0.16595800,-0.3308005, -0.92899360)","(-19.31737000, -169.87140000)",-0.1545051,"(0.03639978, 0.60492220)"
18.42693,"(0.01575700,-0.9820228,0.1665422, 0.08744480)","(19.25981000,190.1583, 359.88950000)","(-0.16649720,-0.3298522, -0.92923420)","(-19.25981000, -169.84170000)",-0.1027921,"(0.03656387, 0.60460170)"
18.44064,"(0.01518812,-0.9820736,0.1662059, 0.08761496)","(19.21502000,190.1889, 359.95710000)","(-0.16704000,-0.3291143, -0.92939840)","(-19.21502000, -169.81110000)",-0.03426402,"(0.03675675, 0.60435100)"
18.4541,"(0.01461253,-0.9821294,0.1658807, 0.08770382)","(19.17143000,190.2099, 0.02389741)","(-0.16742510,-0.3283958, -0.92958340)","(-19.17143000, -169.79010000)",0,"(0.03691024, 0.60410920)"
18.46645,"(0.01403040,-0.9821632,0.1657288, 0.08770768)","(19.14783000,190.2215, 0.09164977)","(-0.16763600,-0.3280065, -0.92968280)","(-19.14782000, -169.77850000)",0.08392937,"(0.03704083, 0.60397800)"
18.48079,"(0.01349162,-0.9822118,0.1655565, 0.08757246)","(19.12232000,190.2153, 0.15118700)","(-0.16756220,-0.327586, -0.92984430)","(-19.12232000, -169.78470000)",0.1412742,"(0.03711188, 0.60383580)"
18.49394,"(0.01302209,-0.9822636,0.1653748, 0.08740593)","(19.09648000,190.204, 0.20173860)","(-0.16740430,-0.3271598, -0.93002280)","(-19.09648000, -169.79600000)",0.1897456,"(0.03715539, 0.60369160)"
18.50726,"(0.01251886,-0.9823459,0.1650523, 0.08716450)","(19.05400000,190.1838, 0.25324000)","(-0.16711880,-0.3264592, -0.93032030)","(-19.05400000, -169.81620000)",0.2398483,"(0.03716654, 0.60345660)"
18.52017,"(0.01214250,-0.9824263,0.1647967, 0.08679306)","(19.02066000,190.1457, 0.28776500)","(-0.16653350,-0.325909, -0.93061790)","(-19.02066000, -169.85440000)",0.2719625,"(0.03710985, 0.60327120)"
18.53353,"(0.01175070,-0.9824797,0.1647327, 0.08636373)","(19.00937000,190.1016, 0.32507570)","(-0.16582980,-0.3257227, -0.93080880)","(-19.00937000, -169.89840000)",0.3071049,"(0.03704166, 0.60320790)"
18.5471,"(0.01135220,-0.9825321,0.1647276, 0.08582883)","(19.00490000,190.0453, 0.36171440)","(-0.16491910,-0.325649, -0.93099650)","(-19.00490000, -169.95470000)",0.3414966,"(0.03693861, 0.60318230)"
18.56711,"(0.01096375,-0.982604,0.1646995, 0.08510731)","(18.99799000,189.9663, 0.39316610)","(-0.16364210,-0.325535, -0.93126170)","(-18.99799000, -170.03370000)",0.3716771,"(0.03676510, 0.60314350)"
18.57322,"(0.01067581,-0.9826689,0.1646802, 0.08442856)","(18.99314000,189.8905, 0.41361400)","(-0.16241450,-0.3254549, -0.93150440)","(-18.99314000, -170.10950000)",0.3906707,"(0.03658438, 0.60311620)"
18.58673,"(0.01044708,-0.9827466,0.1646118, 0.08368461)","(18.98326000,189.8055, 0.42518910)","(-0.16104210,-0.3252919, -0.93180000)","(-18.98326000, -170.19450000)",0.4020255,"(0.03637230, 0.60306010)"
18.60028,"(0.01036690,-0.9828385,0.1644045, 0.08301988)","(18.95876000,189.7266, 0.41921470)","(-0.15978150,-0.3248875, -0.93215780)","(-18.95876000, -170.27340000)",0.3956476,"(0.03614306, 0.60292510)"
18.61362,"(0.01033557,-0.9829215,0.1642521, 0.08233994)","(18.94109000,189.6451, 0.40773310)","(-0.15847210,-0.3245958, -0.93248310)","(-18.94108000, -170.35490000)",0.3851218,"(0.03589833, 0.60282860)"
18.6266,"(0.01022689,-0.9829969,0.164092, 0.08177070)","(18.92174000,189.5783, 0.40762050)","(-0.15740440,-0.3242764, -0.93277510)","(-18.92173000, -170.42170000)",0.3851218,"(0.03571153, 0.60272250)"
18.64044,"(0.01023076,-0.9830776,0.1639653, 0.08105075)","(18.90741000,189.4915, 0.39147130)","(-0.15600340,-0.3240397, -0.93309260)","(-18.90740000, -170.50850000)",0.3706227,"(0.03544462, 0.60264560)"
18.65366,"(0.01015767,-0.983144,0.1639251, 0.08033199)","(18.90233000,189.4066, 0.38541450)","(-0.15462560,-0.3239559, -0.93335080)","(-18.90233000, -170.59340000)",0.3636945,"(0.03519785, 0.60262010)"
18.66708,"(0.01019705,-0.9831975,0.163937, 0.07964569)","(18.90435000,189.3236, 0.36715160)","(-0.15327150,-0.3239892, -0.93356250)","(-18.90435000, -170.67640000)",0.3471792,"(0.03493887, 0.60263490)"
18.68079,"(0.01021461,-0.9832905,0.1637714, 0.07883155)","(18.88563000,189.2251, 0.34715860)","(-0.15168290,-0.3236801, -0.93392900)","(-18.88563000, -170.77490000)",0.3280534,"(0.03463483, 0.60253510)"
18.69389,"(0.01031832,-0.9833595,0.1637003, 0.07810145)","(18.87861000,189.1353, 0.31955360)","(-0.15022540,-0.3235642, -0.93420480)","(-18.87861000, -170.86470000)",0.301316,"(0.03434485, 0.60250080)"
18.7072,"(0.01049362,-0.9834662,0.1634694, 0.07721308)","(18.85376000,189.0246, 0.27872930)","(-0.14844210,-0.3231538, -0.93463180)","(-18.85376000, -170.97540000)",0.2631872,"(0.03396857, 0.60237090)"
18.7251,"(0.01075362,-0.9835407,0.1633944, 0.07638473)","(18.84765000,188.92, 0.23056980)","(-0.14674080,-0.3230529, -0.93493570)","(-18.84764000, -171.08000000)",0.2167048,"(0.03360289, 0.60233240)"
18.73391,"(0.01107687,-0.9836374,0.1632097, 0.07548118)","(18.82934000,188.8048, 0.17236140)","(-0.14487650,-0.3227504, -0.93533050)","(-18.82934000, -171.19520000)",0.1619255,"(0.03319061, 0.60222700)"
18.74687,"(0.01141895,-0.983718,0.1631568, 0.07448698)","(18.82639000,188.6788, 0.11138690)","(-0.14282220,-0.3227018, -0.93566320)","(-18.82639000, -171.32120000)",0.1046783,"(0.03276312, 0.60220480)"
18.76058,"(0.01175984,-0.9838089,0.163076, 0.07340313)","(18.82009000,188.542, 0.04852952)","(-0.14059380,-0.3225977, -0.93603630)","(-18.82010000, -171.45800000)",0.04423466,"(0.03229308, 0.60216620)"
18.77437,"(0.01204482,-0.9838993,0.1629861, 0.07233691)","(18.81215000,188.4085, 359.99260000)","(-0.13841820,-0.3224665, -0.93640580)","(-18.81215000, -171.59150000)",0,"(0.03184199, 0.60211960)"
18.78706,"(0.01225292,-0.9840218,0.1627311, 0.07119998)","(18.78432000,188.2676, 359.94300000)","(-0.13613680,-0.3220067, -0.93689820)","(-18.78432000, -171.73250000)",-0.05233916,"(0.03138041, 0.60196380)"
18.8005,"(0.01243859,-0.9841376,0.1625358, 0.07000410)","(18.76314000,188.1202, 359.89550000)","(-0.13374390,-0.3216566, -0.93736300)","(-18.76314000, -171.87980000)",-0.09691329,"(0.03090346, 0.60184610)"
18.81389,"(0.01255740,-0.984261,0.1623246, 0.06872696)","(18.73948000,187.9645, 359.85430000)","(-0.13121380,-0.3212657, -0.93785470)","(-18.73948000, -172.03550000)",-0.1356209,"(0.03041208, 0.60171600)"
18.82702,"(0.01257748,-0.9843989,0.1620038, 0.06749374)","(18.70227000,187.8157, 359.82490000)","(-0.12880630,-0.3206505, -0.93839870)","(-18.70227000, -172.18430000)",-0.166689,"(0.02995718, 0.60151190)"
18.84048,"(0.01252108,-0.984503,0.1618924, 0.06624173)","(18.68869000,187.6667, 359.80610000)","(-0.12637620,-0.320426, -0.93880580)","(-18.68869000, -172.33330000)",-0.183454,"(0.02951622, 0.60144040)"
18.85379,"(0.01238098,-0.9846354,0.1616274, 0.06493387)","(18.65664000,187.5124, 359.79490000)","(-0.12387010,-0.3198961, -0.93932040)","(-18.65664000, -172.48760000)",-0.1948336,"(0.02907139, 0.60126750)"
18.86686,"(0.01215773,-0.9847694,0.1613867, 0.06352716)","(18.62676000,187.3479, 359.79200000)","(-0.12119500,-0.319402, -0.93983720)","(-18.62677000, -172.65210000)",-0.1968319,"(0.02861083, 0.60111210)"
18.88711,"(0.01194372,-0.984878,0.1612564, 0.06220169)","(18.60981000,187.1933, 359.79050000)","(-0.11867020,-0.3191216, -0.94025470)","(-18.60981000, -172.80670000)",-0.1968319,"(0.02817541, 0.60101150)"
18.89357,"(0.01170598,-0.9850121,0.1609439, 0.06092082)","(18.57160000,187.0441, 359.79140000)","(-0.11624750,-0.3184896, -0.94077160)","(-18.57160000, -172.95590000)",-0.1978235,"(0.02775836, 0.60079450)"
18.90746,"(0.01166978,-0.9851232,0.160736, 0.05966622)","(18.54698000,186.8944, 359.76970000)","(-0.11380560,-0.3180821, -0.94120790)","(-18.54698000, -173.10560000)",-0.2167048,"(0.02730668, 0.60065330)"
18.91988,"(0.01179197,-0.985234,0.16044, 0.05860033)","(18.51325000,186.7641, 359.73220000)","(-0.11168630,-0.317524, -0.94165000)","(-18.51325000, -173.23590000)",-0.2533378,"(0.02688575, 0.60046280)"
18.93368,"(0.01198385,-0.9853337,0.1602116, 0.05749844)","(18.48775000,186.6283, 359.68630000)","(-0.10947040,-0.3171019, -0.94205240)","(-18.48775000, -173.37170000)",-0.2967354,"(0.02643239, 0.60031930)"
18.94687,"(0.01225185,-0.9854336,0.1599343, 0.05649464)","(18.45704000,186.5027, 359.63300000)","(-0.10742450,-0.3165936, -0.94245920)","(-18.45704000, -173.49730000)",-0.3477423,"(0.02600563, 0.60014690)"
18.96062,"(0.01242494,-0.985514,0.1597842, 0.05546892)","(18.44037000,186.3766, 359.59150000)","(-0.10536020,-0.3163175, -0.94278440)","(-18.44037000, -173.62340000)",-0.386643,"(0.02560496, 0.60005240)"
18.97418,"(0.01261857,-0.9855824,0.1596988, 0.05444898)","(18.43127000,186.2509, 359.54810000)","(-0.10329760,-0.3161668, -0.94306360)","(-18.43126000, -173.74910000)",-0.4284154,"(0.02519649, 0.60000170)"
18.98639,"(0.01272997,-0.9856715,0.1594808, 0.05343731)","(18.40621000,186.1276, 359.51390000)","(-0.10128290,-0.3157518, -0.94342050)","(-18.40621000, -173.87240000)",-0.4609765,"(0.02480823, 0.59986320)"
19.00064,"(0.01288318,-0.9857525,0.1593046, 0.05242206)","(18.38620000,186.0032, 359.47490000)","(-0.09924565,-0.3154206, -0.94374810)","(-18.38620000, -173.99680000)",-0.4981082,"(0.02440959, 0.59975390)"
19.01361,"(0.01298366,-0.9858243,0.159194, 0.05137164)","(18.37341000,185.8758, 359.44190000)","(-0.09715299,-0.3152087, -0.94403640)","(-18.37341000, -174.12420000)",-0.5293413,"(0.02401084, 0.59968550)"
19.0266,"(0.01301242,-0.9859221,0.158925, 0.05031092)","(18.34177000,185.7483, 359.41640000)","(-0.09506930,-0.3146846, -0.94442340)","(-18.34177000, -174.25180000)",-0.5532007,"(0.02362287, 0.59951350)"
19.04562,"(0.01306089,-0.985995,0.1588303, 0.04915441)","(18.33038000,185.6092, 359.38780000)","(-0.09278307,-0.3144958, -0.94471350)","(-18.33038000, -174.39080000)",-0.5808088,"(0.02319795, 0.59945570)"
19.05348,"(0.01300716,-0.9860589,0.1588232, 0.04789400)","(18.32846000,185.4598, 359.36990000)","(-0.09032093,-0.314464, -0.94496270)","(-18.32846000, -174.54020000)",-0.5977437,"(0.02275711, 0.59943820)"
19.06684,"(0.01272423,-0.9861259,0.1588092, 0.04662133)","(18.32448000,185.3134, 359.37910000)","(-0.08790757,-0.3143981, -0.94521250)","(-18.32448000, -174.68660000)",-0.589503,"(0.02236336, 0.59941180)"
19.08081,"(0.01247140,-0.986219,0.158649, 0.04524500)","(18.30370000,185.1539, 359.38180000)","(-0.08528580,-0.3140538, -0.94556680)","(-18.30370000, -174.84610000)",-0.5865081,"(0.02192402, 0.59929240)"
19.09326,"(0.01213226,-0.9863191,0.1584266, 0.04391347)","(18.27535000,185.0013, 359.39550000)","(-0.08278125,-0.3135839, -0.94594520)","(-18.27535000, -174.99870000)",-0.5736903,"(0.02151930, 0.59913280)"
19.10726,"(0.01181066,-0.9864029,0.1582718, 0.04265938)","(18.25503000,184.8577, 359.40890000)","(-0.08042008,-0.3132471, -0.94626050)","(-18.25503000, -175.14230000)",-0.5609285,"(0.02113909, 0.59901880)"
19.12056,"(0.01155986,-0.9864807,0.1581494, 0.04136550)","(18.23886000,184.7081, 359.41340000)","(-0.07795616,-0.3129791, -0.94655540)","(-18.23885000, -175.29190000)",-0.5567266,"(0.02072901, 0.59892850)"
19.13402,"(0.01126529,-0.9865364,0.1581211, 0.04020706)","(18.23351000,184.5756, 359.42620000)","(-0.07576890,-0.3128904, -0.94676210)","(-18.23351000, -175.42440000)",-0.5446455,"(0.02037847, 0.59889920)"
19.14706,"(0.01097418,-0.9865983,0.1580347, 0.03909480)","(18.22151000,184.4485, 359.43910000)","(-0.07367312,-0.3126915, -0.94699330)","(-18.22151000, -175.55150000)",-0.5322903,"(0.02004308, 0.59883400)"
19.16076,"(0.01054828,-0.9866644,0.1579232, 0.03797964)","(18.20608000,184.3236, 359.46800000)","(-0.07161468,-0.3124357, -0.94723560)","(-18.20608000, -175.67640000)",-0.5047422,"(0.01973641, 0.59875050)"
19.17565,"(0.01010124,-0.9867227,0.1578342, 0.03694066)","(18.19327000,184.2082, 359.50100000)","(-0.06971174,-0.3122234, -0.94744750)","(-18.19328000, -175.79180000)",-0.4739525,"(0.01946217, 0.59868200)"
19.18699,"(0.00962651,-0.9867968,0.1576162, 0.03600790)","(18.16554000,184.1058, 359.53880000)","(-0.06803038,-0.3117636, -0.94772120)","(-18.16555000, -175.89420000)",-0.4374548,"(0.01922286, 0.59853140)"
19.20574,"(0.00909430,-0.9868881,0.1573048, 0.03499138)","(18.12679000,183.9945, 359.58150000)","(-0.06620400,-0.3111209, -0.94806160)","(-18.12679000, -176.00550000)",-0.3971285,"(0.01897943, 0.59831900)"
19.21368,"(0.00863845,-0.9869566,0.1570902, 0.03412770)","(18.09973000,183.9001, 359.61850000)","(-0.06465109,-0.310672, -0.94831590)","(-18.09973000, -176.09990000)",-0.3626169,"(0.01876837, 0.59817170)"
19.22686,"(0.00818766,-0.9870138,0.1569431, 0.03325202)","(18.08060000,183.8042, 359.65490000)","(-0.06307041,-0.3103545, -0.94852630)","(-18.08060000, -176.19580000)",-0.3274564,"(0.01856250, 0.59806790)"
19.24044,"(0.00760266,-0.9870942,0.1566743, 0.03225383)","(18.04688000,183.6961, 359.70460000)","(-0.06129286,-0.3097951, -0.94882550)","(-18.04688000, -176.30390000)",-0.2804634,"(0.01833802, 0.59789140)"
19.25394,"(0.00707909,-0.9871741,0.1564148, 0.03117080)","(18.01455000,183.5768, 359.74540000)","(-0.05932747,-0.3092585, -0.94912560)","(-18.01455000, -176.42320000)",-0.2414744,"(0.01806748, 0.59770870)"
19.26688,"(0.00649195,-0.9872812,0.1560309, 0.02980029)","(17.96763000,183.4243, 359.78800000)","(-0.05681665,-0.3084797, -0.94953260)","(-17.96763000, -176.57570000)",-0.2007689,"(0.01770765, 0.59744290)"
19.28091,"(0.00590516,-0.987439,0.1553544, 0.02818630)","(17.88689000,183.2426, 359.82510000)","(-0.05382971,-0.3071388, -0.95014120)","(-17.88689000, -176.75740000)",-0.165511,"(0.01725858, 0.59698960)"
19.29321,"(0.00532669,-0.9876233,0.1545258, 0.02633675)","(17.78868000,183.0326, 359.85670000)","(-0.05037535,-0.3055072, -0.95085620)","(-17.78868000, -176.96740000)",-0.1356209,"(0.01672184, 0.59643980)"
19.30706,"(0.00458110,-0.98785,0.153442, 0.02422734)","(17.66056000,182.7947, 359.90280000)","(-0.04646008,-0.3033773, -0.95173730)","(-17.66056000, -177.20530000)",-0.08846933,"(0.01612610, 0.59572570)"
19.32038,"(0.00402891,-0.9880551,0.1524901, 0.02185882)","(17.54852000,182.5227, 359.92220000)","(-0.04196671,-0.3015133, -0.95253810)","(-17.54852000, -177.47730000)",-0.07401875,"(0.01539540, 0.59510280)"
19.33383,"(0.00354501,-0.9882594,0.1514971, 0.01947838)","(17.43208000,182.2481, 359.93360000)","(-0.03742527,-0.299575, -0.95333840)","(-17.43208000, -177.75190000)",-0.06255726,"(0.01464367, 0.59445890)"
19.34703,"(0.00317640,-0.9885005,0.1502484, 0.01679444)","(17.28638000,181.9355, 359.92600000)","(-0.03224812,-0.2971479, -0.95428690)","(-17.28638000, -178.06450000)",-0.07132626,"(0.01375425, 0.59365730)"
19.36557,"(0.00316931,-0.9888099,0.14852, 0.01366127)","(17.08575000,181.5632, 359.86760000)","(-0.02607540,-0.2938026, -0.95551030)","(-17.08575000, -178.43680000)",-0.1251145,"(0.01265413, 0.59254320)"
19.37526,"(0.00366276,-0.9891509,0.1464921, 0.01035340)","(16.85086000,181.162, 359.74780000)","(-0.01940902,-0.2898815, -0.95686580)","(-16.85086000, -178.83800000)",-0.2406627,"(0.01137280, 0.59122800)"
19.38683,"(0.00498735,-0.9895889,0.1436697, 0.00693173)","(16.52401000,180.7343, 359.52910000)","(-0.01228607,-0.2844171, -0.95862200)","(-16.52401000, -179.26570000)",-0.4515415,"(0.00986731, 0.58941050)"
19.40054,"(0.00742791,-0.9900575,0.1404169, 0.00374053)","(16.14667000,180.3174, 359.18530000)","(-0.00532068,-0.2780972, -0.96053810)","(-16.14668000, -179.68260000)",-0.7825971,"(0.00824225, 0.58731400)"
19.41343,"(0.01022195,-0.9905262,0.1369414, 0.00066091)","(15.74173000,179.9113, 358.80520000)","(0.00149032,-0.2713015, -0.96249330)","(-15.74173000, 179.91130000)",-1.14995,"(0.00659281, 0.58503460)"
19.42653,"(0.01282443,-0.9910059,0.1331799, -0.00244839)","(15.30168000,179.5088, 358.45120000)","(0.00826866,-0.2639014, -0.96451430)","(-15.30168000, 179.50880000)",-1.493838,"(0.00499040, 0.58257190)"
19.44092,"(0.01481462,-0.99146,0.129438, -0.00577487)","(14.86214000,179.0938, 358.16970000)","(0.01528625,-0.2564942, -0.96642490)","(-14.86214000, 179.09380000)",-1.768904,"(0.00347090, 0.58011260)"
19.45374,"(0.01638459,-0.9919114,0.1255363, -0.00915971)","(14.40306000,178.6816, 357.94070000)","(0.02228497,-0.2487416, -0.96831350)","(-14.40306000, 178.68160000)",-1.99449,"(0.00202143, 0.57753260)"
19.46694,"(0.01754506,-0.9923406,0.1216138, -0.01274621)","(13.94069000,178.2544, 357.76070000)","(0.02956460,-0.2409173, -0.97009520)","(-13.94069000, 178.25440000)",-2.173218,"(0.00061458, 0.57495100)"
19.4811,"(0.01834211,-0.9927543,0.1176252, -0.01633592)","(13.47061000,177.8343, 357.62720000)","(0.03675010,-0.2329465, -0.97179500)","(-13.47061000, 177.83430000)",-2.307408,"(-0.00071526, 0.57234170)"
19.49356,"(0.01907372,-0.9931348,0.113651, -0.02007144)","(13.00146000,177.3998, 357.50310000)","(0.04420279,-0.2249759, -0.97336110)","(-13.00146000, 177.39980000)",-2.432848,"(-0.00207114, 0.56970240)"
19.50673,"(0.01960840,-0.9935115,0.1095026, -0.02365698)","(12.51272000,176.9877, 357.40840000)","(0.05130132,-0.2166564, -0.97489910)","(-12.51272000, 176.98780000)",-2.529949,"(-0.00331008, 0.56697870)"
19.52471,"(0.02020904,-0.9938424,0.1054632, -0.02732090)","(12.03583000,176.5668, 357.30810000)","(0.05856796,-0.2085233, -0.97626210)","(-12.03583000, 176.56680000)",-2.632621,"(-0.00459719, 0.56433460)"
19.53405,"(0.02075436,-0.9941503,0.1014624, -0.03065516)","(11.56416000,176.1862, 357.22170000)","(0.06516325,-0.2004652, -0.97753130)","(-11.56417000, 176.18620000)",-2.721892,"(-0.00573599, 0.56169140)"
19.54707,"(0.02138097,-0.9943969,0.09781484, -0.03391171)","(11.13278000,175.8137, 357.12830000)","(0.07162616,-0.1930834, -0.97856460)","(-11.13278000, 175.81370000)",-2.817584,"(-0.00686836, 0.55927980)"
19.56063,"(0.02192018,-0.9946059,0.0943698, -0.03705614)","(10.72509000,175.4555, 357.04810000)","(0.07784972,-0.186097, -0.97944280)","(-10.72509000, 175.45550000)",-2.900228,"(-0.00796270, 0.55700760)"
19.57396,"(0.02253172,-0.9947631,0.09125371, -0.04014420)","(10.35477000,175.1027, 356.96090000)","(0.08398014,-0.1797426, -0.98012250)","(-10.35477000, 175.10270000)",-2.989634,"(-0.00904441, 0.55495020)"
19.58816,"(0.02312157,-0.9948688,0.08846112, -0.04331507)","(10.02113000,174.74, 356.87580000)","(0.09027633,-0.1740114, -0.98059690)","(-10.02113000, 174.74000000)",-3.076444,"(-0.01013887, 0.55307480)"
19.60056,"(0.02371175,-0.9949283,0.08603507, -0.04640449)","(9.72949500,174.386, 356.79130000)","(0.09641837,-0.1689968, -0.98088920)","(-9.72949500, 174.38600000)",-3.162483,"(-0.01121688, 0.55143970)"
19.61364,"(0.02423799,-0.994963,0.08378238, -0.04941348)","(9.45804600,174.0419, 356.71570000)","(0.10239060,-0.1643254, -0.98107770)","(-9.45804600, 174.04190000)",-3.239544,"(-0.01226330, 0.54992410)"
19.62656,"(0.02469528,-0.9949602,0.0818299, -0.05242210)","(9.22116800,173.6976, 356.64760000)","(0.10835740,-0.1602458, -0.98111150)","(-9.22116700, 173.69760000)",-3.308964,"(-0.01329875, 0.54861140)"
19.64059,"(0.02498296,-0.9949338,0.08006881, -0.05542071)","(9.00712000,173.3556, 356.59930000)","(0.11428060,-0.1565572, -0.98103510)","(-9.00712000, 173.35560000)",-3.358763,"(-0.01429105, 0.54740550)"
19.65396,"(0.02531418,-0.9948754,0.07854141, -0.05842313)","(8.81937400,173.0119, 356.54530000)","(0.12022390,-0.15332, -0.98083590)","(-8.81937300, 173.01190000)",-3.413804,"(-0.01529574, 0.54635130)"
19.66694,"(0.02545824,-0.9947702,0.07748974, -0.06147773)","(8.68712700,172.6619, 356.50990000)","(0.12625790,-0.1510387, -0.98043160)","(-8.68712800, 172.66200000)",-3.450031,"(-0.01630759, 0.54561260)"
19.68676,"(0.02555624,-0.9946439,0.07647856, -0.06466338)","(8.55929000,172.2971, 356.47910000)","(0.13254310,-0.1488328, -0.97993930)","(-8.55928900, 172.29710000)",-3.481722,"(-0.01736617, 0.54490350)"
19.69307,"(0.02558504,-0.9944957,0.07551534, -0.06798066)","(8.43693700,171.9175, 356.45540000)","(0.13907710,-0.1467208, -0.97935250)","(-8.43693400, 171.91750000)",-3.506154,"(-0.01845145, 0.54421900)"
19.70724,"(0.02565351,-0.9943141,0.07485278, -0.07126336)","(8.34874600,171.5402, 356.42560000)","(0.14555680,-0.145198, -0.97863710)","(-8.34874800, 171.54020000)",-3.536402,"(-0.01953721, 0.54371510)"
19.71983,"(0.02557169,-0.9941157,0.0742782, -0.07458440)","(8.27171800,171.1592, 356.41240000)","(0.15208990,-0.1438677, -0.97783990)","(-8.27171800, 171.15920000)",-3.550051,"(-0.02060437, 0.54328500)"
19.73363,"(0.02551060,-0.993895,0.07392983, -0.07782258)","(8.22069300,170.7866, 356.39590000)","(0.15846690,-0.1429864, -0.97695610)","(-8.22069300, 170.78660000)",-3.567053,"(-0.02165747, 0.54300450)"
19.74679,"(0.02539106,-0.9936609,0.07357553, -0.08111842)","(8.16931700,170.4077, 356.38590000)","(0.16494470,-0.1420989, -0.97601320)","(-8.16931500, 170.40770000)",-3.577412,"(-0.02272058, 0.54272940)"
19.7614,"(0.02514127,-0.9934214,0.07321025, -0.08439259)","(8.11808800,170.0324, 356.39140000)","(0.17135600,-0.1412138, -0.97503620)","(-8.11808900, 170.03240000)",-3.572264,"(-0.02374482, 0.54243510)"
19.77378,"(0.02483407,-0.9931656,0.07287964, -0.08771528)","(8.07136700,169.6517, 356.40320000)","(0.17785140,-0.1404064, -0.97398910)","(-8.07136700, 169.65170000)",-3.561175,"(-0.02477241, 0.54217580)"
19.78709,"(0.02450241,-0.992892,0.07262886, -0.09105022)","(8.03415000,169.2693, 356.41690000)","(0.18436520,-0.1397633, -0.97286990)","(-8.03415000, 169.26930000)",-3.547844,"(-0.02582335, 0.54197070)"
19.80184,"(0.02425497,-0.9926208,0.07226732, -0.09430256)","(7.98382300,168.8963, 356.42320000)","(0.19071900,-0.1388935, -0.97176890)","(-7.98382300, 168.89630000)",-3.542156,"(-0.02685750, 0.54169750)"
19.8137,"(0.02400625,-0.992337,0.07204197, -0.09747311)","(7.94948000,168.5319, 356.42890000)","(0.19691130,-0.1382999, -0.97061790)","(-7.94948100, 168.53190000)",-3.536679,"(-0.02786672, 0.54151050)"
19.82709,"(0.02374095,-0.9920417,0.0719459, -0.10056640)","(7.93048700,168.1759, 356.43560000)","(0.20294820,-0.1379716, -0.96942080)","(-7.93048400, 168.17590000)",-3.53014,"(-0.02884555, 0.54139640)"
19.84577,"(0.02335326,-0.9917375,0.0719047, -0.10363900)","(7.91943600,167.8228, 356.45600000)","(0.20892370,-0.1377806, -0.96817740)","(-7.91943700, 167.82280000)",-3.510061,"(-0.02979970, 0.54133400)"
19.85323,"(0.02286968,-0.9914175,0.07184829, -0.10679930)","(7.90774200,167.4603, 356.48690000)","(0.21505160,-0.1375784, -0.96686350)","(-7.90774200, 167.46030000)",-3.479528,"(-0.03076696, 0.54127470)"
19.86653,"(0.02225596,-0.9910586,0.07194007, -0.11014650)","(7.91424700,167.0762, 356.52930000)","(0.22152540,-0.1376908, -0.96538510)","(-7.91424500, 167.07620000)",-3.43758,"(-0.03178263, 0.54132290)"
19.8799,"(0.02158797,-0.9906788,0.07183832, -0.11370470)","(7.89904700,166.6688, 356.57870000)","(0.22839140,-0.1374281, -0.96382110)","(-7.89904700, 166.66880000)",-3.388649,"(-0.03284907, 0.54125990)"
19.89362,"(0.02071158,-0.9902629,0.07181299, -0.11744480)","(7.89525600,166.2414, 356.64960000)","(0.23557710,-0.1373625, -0.96209930)","(-7.89525600, 166.24140000)",-3.318476,"(-0.03394520, 0.54123330)"
19.90726,"(0.01978243,-0.9898167,0.0718179, -0.12130050)","(7.89591100,165.8006, 356.72510000)","(0.24297200,-0.1373739, -0.96025680)","(-7.89591200, 165.80060000)",-3.243772,"(-0.03507638, 0.54124240)"
19.9255,"(0.01869172,-0.989328,0.07185336, -0.12537050)","(7.90241600,165.3357, 356.81680000)","(0.25075120,-0.1374863, -0.95823870)","(-7.90241600, 165.33570000)",-3.152874,"(-0.03625417, 0.54129320)"
19.93419,"(0.01750797,-0.9887975,0.07197509, -0.12958610)","(7.92056300,164.8539, 356.91650000)","(0.25878910,-0.1378, -0.95605390)","(-7.92056200, 164.85390000)",-3.053963,"(-0.03746915, 0.54141730)"
19.94734,"(0.01612688,-0.9881851,0.07213946, -0.13426110)","(7.94623800,164.3196, 357.03410000)","(0.26767640,-0.1382439, -0.95353980)","(-7.94623800, 164.31960000)",-2.93725,"(-0.03879809, 0.54157510)"
19.96018,"(0.01458701,-0.9875256,0.07232019, -0.13910480)","(7.97713100,163.7664, 357.16790000)","(0.27684900,-0.1387779, -0.95083940)","(-7.97713100, 163.76640000)",-2.804632,"(-0.04015970, 0.54175720)"
19.97379,"(0.01313881,-0.9868147,0.0725816, -0.14406950)","(8.01679600,163.1976, 357.28850000)","(0.28624700,-0.1394634, -0.94795190)","(-8.01679500, 163.19760000)",-2.684892,"(-0.04159784, 0.54198990)"
19.98701,"(0.01190281,-0.9860247,0.07292122, -0.14931880)","(8.06229200,162.593, 357.38060000)","(0.29619990,-0.1402496, -0.94477270)","(-8.06229100, 162.59300000)",-2.593519,"(-0.04317093, 0.54226370)"
20.0051,"(0.01102166,-0.9852259,0.07325397, -0.15440930)","(8.10222900,162.0037, 357.43300000)","(0.30587090,-0.1409397, -0.94158320)","(-8.10222700, 162.00370000)",-2.541296,"(-0.04473519, 0.54248570)"
20.01521,"(0.01014074,-0.984374,0.07376393, -0.15957420)","(8.16279400,161.4043, 357.48090000)","(0.31565740,-0.1419862, -0.93819000)","(-8.16279400, 161.40430000)",-2.493478,"(-0.04632640, 0.54282620)"
20.02706,"(0.00939749,-0.9834834,0.07428686, -0.16478350)","(8.22279300,160.7979, 357.51180000)","(0.32551990,-0.1430227, -0.93465570)","(-8.22279400, 160.79790000)",-2.462595,"(-0.04798913, 0.54316300)"
20.04024,"(0.00848605,-0.9825345,0.07476601, -0.17018790)","(8.28122400,160.1696, 357.56030000)","(0.33569990,-0.1440319, -0.93089220)","(-8.28122400, 160.16960000)",-2.414192,"(-0.04968405, 0.54349980)"
20.05363,"(0.00746570,-0.9815062,0.07520621, -0.17588070)","(8.33754300,159.5079, 357.61870000)","(0.34637900,-0.1450046, -0.92682040)","(-8.33754100, 159.50790000)",-2.356009,"(-0.05143881, 0.54380740)"
20.06693,"(0.00637400,-0.9804064,0.07560927, -0.18178540)","(8.39161400,158.8212, 357.68340000)","(0.35741100,-0.1459382, -0.92247470)","(-8.39161300, 158.82120000)",-2.291662,"(-0.05325222, 0.54412080)"
20.08063,"(0.00552888,-0.9793103,0.07604094, -0.18745280)","(8.44514900,158.1595, 357.72080000)","(0.36798970,-0.1468625, -0.91815840)","(-8.44515000, 158.15950000)",-2.254378,"(-0.05507231, 0.54443470)"
20.0939,"(0.00482128,-0.9781907,0.07643986, -0.19307180)","(8.49272300,157.5018, 357.74300000)","(0.37845920,-0.1476838, -0.91376040)","(-8.49272300, 157.50180000)",-2.232129,"(-0.05686593, 0.54468130)"
20.10713,"(0.00428143,-0.9770341,0.07694724, -0.19865850)","(8.54922500,156.845, 357.74330000)","(0.38885100,-0.1486591, -0.90922790)","(-8.54922600, 156.84500000)",-2.231603,"(-0.05868268, 0.54499380)"
20.12033,"(0.00379387,-0.9757861,0.07746921, -0.20451300)","(8.60577300,156.1552, 357.73410000)","(0.39970970,-0.149635, -0.90434600)","(-8.60577300, 156.15520000)",-2.240356,"(-0.06061459, 0.54531890)"
20.13355,"(0.00313022,-0.9744408,0.07798415, -0.21065080)","(8.66535900,155.4323, 357.74170000)","(0.41102170,-0.1506631, -0.89908940)","(-8.66535800, 155.43230000)",-2.232568,"(-0.06262422, 0.54564130)"
20.14681,"(0.00234544,-0.9729422,0.07868002, -0.21722670)","(8.74767200,154.6564, 357.75330000)","(0.42306700,-0.1520832, -0.89324420)","(-8.74767200, 154.65640000)",-2.220613,"(-0.06476092, 0.54609260)"
20.16612,"(0.00135539,-0.9713059,0.07946494, -0.22416150)","(8.84499500,153.8376, 357.78100000)","(0.43567420,-0.1537619, -0.88687410)","(-8.84499500, 153.83760000)",-2.192674,"(-0.06699157, 0.54665640)"
20.17379,"(0.00036940,-0.9696236,0.08039428, -0.23101210)","(8.95935200,153.0262, 357.80340000)","(0.44804900,-0.1557337, -0.88034030)","(-8.95935200, 153.02620000)",-2.169703,"(-0.06923842, 0.54727790)"
20.18691,"(-0.00074545,-0.9678077,0.08142436, -0.23815480)","(9.08858300,152.1788, 357.83280000)","(0.46085480,-0.1579613, -0.87330470)","(-9.08858500, 152.17880000)",-2.139912,"(-0.07155108, 0.54799340)"
20.2005,"(-0.00174941,-0.966022,0.08238912, -0.24497060)","(9.20901500,151.368, 357.85270000)","(0.47300570,-0.1600365, -0.86640290)","(-9.20901500, 151.36800000)",-2.119603,"(-0.07377911, 0.54868190)"
20.21352,"(-0.00268689,-0.9642287,0.08327665, -0.25163620)","(9.31996600,150.5734, 357.86690000)","(0.48482220,-0.1619477, -0.85948840)","(-9.31996700, 150.57340000)",-2.104777,"(-0.07598186, 0.54928670)"
20.22764,"(-0.00382629,-0.9624106,0.08404665, -0.25823890)","(9.42468200,149.7872, 357.90610000)","(0.49642050,-0.163751, -0.85249780)","(-9.42468300, 149.78720000)",-2.065449,"(-0.07811046, 0.54986620)"
20.24065,"(-0.00505186,-0.9606489,0.08484972, -0.26444030)","(9.53751700,149.0479, 357.95630000)","(0.50721130,-0.1656934, -0.84574370)","(-9.53751800, 149.04800000)",-2.015477,"(-0.08009017, 0.55051600)"
20.25365,"(-0.00631562,-0.9588682,0.08581173, -0.27049620)","(9.67044800,148.3238, 358.00530000)","(0.51765650,-0.167981, -0.83893620)","(-9.67045000, 148.32380000)",-1.966326,"(-0.08206797, 0.55125590)"
20.26682,"(-0.00746977,-0.9571758,0.08690787, -0.27605390)","(9.81667900,147.6561, 358.04110000)","(0.52716590,-0.1704963, -0.83248260)","(-9.81667700, 147.65620000)",-1.930163,"(-0.08387232, 0.55205770)"
20.28066,"(-0.00836844,-0.9555676,0.08802442, -0.28119780)","(9.95839100,147.0346, 358.05020000)","(0.53593370,-0.1729329, -0.82635890)","(-9.95839100, 147.03470000)",-1.920302,"(-0.08557749, 0.55285020)"
20.29378,"(-0.00911583,-0.9540033,0.08905985, -0.28611690)","(10.08699000,146.4383, 358.04600000)","(0.54428920,-0.1751432, -0.82041080)","(-10.08699000, 146.43830000)",-1.923662,"(-0.08724833, 0.55356870)"
20.3072,"(-0.00953216,-0.9525057,0.09007271, -0.29073860)","(10.20277000,145.874, 358.00770000)","(0.55214310,-0.1771323, -0.81471590)","(-10.20277000, 145.87400000)",-1.960744,"(-0.08889318, 0.55422040)"
20.32511,"(-0.01001130,-0.9510181,0.09112283, -0.29523030)","(10.32492000,145.3246, 357.97500000)","(0.55971430,-0.1792302, -0.80907120)","(-10.32493000, 145.32460000)",-1.992134,"(-0.09045267, 0.55488160)"
20.3333,"(-0.01043514,-0.9496084,0.09198709, -0.29945520)","(10.42528000,144.8075, 357.94460000)","(0.56681060,-0.1809531, -0.80373000)","(-10.42528000, 144.80760000)",-2.021488,"(-0.09191585, 0.55543550)"
20.34677,"(-0.01092660,-0.9482204,0.09285898, -0.30353900)","(10.52910000,144.3073, 357.92190000)","(0.57361440,-0.1827348, -0.79848250)","(-10.52910000, 144.30730000)",-2.04306,"(-0.09333348, 0.55601120)"
20.36068,"(-0.01135494,-0.9469485,0.09361564, -0.30723890)","(10.61891000,143.8533, 357.89980000)","(0.57975290,-0.1842757, -0.79368070)","(-10.61891000, 143.85330000)",-2.064217,"(-0.09463978, 0.55650340)"
20.37406,"(-0.01164985,-0.9457344,0.09447046, -0.31068650)","(10.71517000,143.4273, 357.86140000)","(0.58545270,-0.1859268, -0.78909850)","(-10.71517000, 143.42730000)",-2.101241,"(-0.09588671, 0.55703880)"
20.38715,"(-0.01196705,-0.944588,0.0952134, -0.31391820)","(10.80040000,143.0282, 357.83140000)","(0.59076790,-0.1873882, -0.78477940)","(-10.80040000, 143.02820000)",-2.130103,"(-0.09704483, 0.55752160)"
20.40036,"(-0.01228018,-0.9434708,0.09604742, -0.31699670)","(10.89568000,142.6463, 357.79850000)","(0.59579520,-0.1890214, -0.78057600)","(-10.89568000, 142.64640000)",-2.161751,"(-0.09813404, 0.55804000)"
20.41413,"(-0.01252979,-0.9423755,0.09675249, -0.32001630)","(10.97460000,142.2717, 357.76360000)","(0.60072640,-0.1903738, -0.77645710)","(-10.97460000, 142.27170000)",-2.19544,"(-0.09920454, 0.55847850)"
20.42841,"(-0.01278426,-0.9412761,0.09743557, -0.32302050)","(11.05123000,141.8987, 357.72960000)","(0.60561160,-0.1916867, -0.77232810)","(-11.05124000, 141.89870000)",-2.228268,"(-0.10029710, 0.55888710)"
20.441,"(-0.01309237,-0.9401878,0.09814517, -0.32594930)","(11.13286000,141.5345, 357.70080000)","(0.61033730,-0.1930847, -0.76824900)","(-11.13286000, 141.53450000)",-2.255853,"(-0.10135600, 0.55933060)"
20.45366,"(-0.01334115,-0.9391485,0.09881718, -0.32872050)","(11.20845000,141.1891, 357.66830000)","(0.61479810,-0.194379, -0.76435590)","(-11.20845000, 141.18910000)",-2.287045,"(-0.10236600, 0.55974640)"
20.46744,"(-0.01356677,-0.9381282,0.09948242, -0.33141300)","(11.28252000,140.8526, 357.63400000)","(0.61911640,-0.1956469, -0.76053730)","(-11.28252000, 140.85260000)",-2.320181,"(-0.10335110, 0.56015930)"
20.48661,"(-0.01381332,-0.9371946,0.1001572, -0.33383210)","(11.35902000,140.5495, 357.60440000)","(0.62296440,-0.1969562, -0.75704920)","(-11.35902000, 140.54960000)",-2.348604,"(-0.10423590, 0.56059030)"
20.49327,"(-0.01400829,-0.9362568,0.1007174, -0.33627830)","(11.42097000,140.2434, 357.57300000)","(0.62686400,-0.198016, -0.75354590)","(-11.42097000, 140.24340000)",-2.378992,"(-0.10513000, 0.56094520)"
20.50723,"(-0.01419702,-0.935369,0.1012934, -0.33856000)","(11.48471000,139.957, 357.54200000)","(0.63048090,-0.1991064, -0.75023350)","(-11.48471000, 139.95700000)",-2.408754,"(-0.10595040, 0.56129420)"
20.52009,"(-0.01436338,-0.9345107,0.1017109, -0.34079070)","(11.53051000,139.678, 357.51520000)","(0.63402340,-0.1998897, -0.74703320)","(-11.53051000, 139.67800000)",-2.434537,"(-0.10677000, 0.56152770)"
20.53352,"(-0.01452608,-0.9336296,0.1021638, -0.34305570)","(11.57981000,139.394, 357.48590000)","(0.63760590,-0.2007328, -0.74375060)","(-11.57981000, 139.39400000)",-2.462833,"(-0.10760140, 0.56178800)"
20.54694,"(-0.01466480,-0.9327759,0.1026024, -0.34523440)","(11.62677000,139.1203, 357.45540000)","(0.64104340,-0.2015357, -0.74057200)","(-11.62677000, 139.12040000)",-2.492301,"(-0.10840510, 0.56203750)"
20.5606,"(-0.01480213,-0.9319221,0.1028425, -0.34745570)","(11.65210000,138.8432, 357.43220000)","(0.64455870,-0.2019687, -0.73739600)","(-11.65210000, 138.84320000)",-2.514739,"(-0.10920670, 0.56217440)"
20.57424,"(-0.01494304,-0.9310777,0.1031109, -0.34962710)","(11.68071000,138.5718, 357.40870000)","(0.64797840,-0.2024576, -0.73425800)","(-11.68071000, 138.57180000)",-2.537519,"(-0.10999250, 0.56233320)"
20.58698,"(-0.01514644,-0.9302512,0.1032551, -0.35176920)","(11.69855000,138.3057, 357.39750000)","(0.65133950,-0.2027625, -0.73119350)","(-11.69855000, 138.30570000)",-2.548372,"(-0.11074690, 0.56243650)"
20.60089,"(-0.01535315,-0.9294076,0.1032705, -0.35397880)","(11.70251000,138.0324, 357.39110000)","(0.65481010,-0.2028301, -0.72806840)","(-11.70251000, 138.03240000)",-2.554663,"(-0.11151410, 0.56246690)"
20.61388,"(-0.01558391,-0.9284722,0.1033342, -0.35639660)","(11.71209000,137.7326, 357.38250000)","(0.65858790,-0.2029939, -0.72460710)","(-11.71209000, 137.73260000)",-2.562924,"(-0.11235800, 0.56253300)"
20.62699,"(-0.01591398,-0.9275149,0.1032726, -0.35888380)","(11.71223000,137.4262, 357.38910000)","(0.66245320,-0.2029963, -0.72107430)","(-11.71223000, 137.42620000)",-2.556501,"(-0.11320110, 0.56253550)"
20.64804,"(-0.01623130,-0.9264466,0.1031813, -0.36164460)","(11.70799000,137.0855, 357.39200000)","(0.66673930,-0.2029238, -0.71713350)","(-11.70799000, 137.08550000)",-2.553666,"(-0.11414340, 0.56249680)"
20.65388,"(-0.01659171,-0.9253031,0.1030389, -0.36458450)","(11.69973000,136.723, 357.39950000)","(0.67128310,-0.2027826, -0.71292230)","(-11.69973000, 136.72300000)",-2.546221,"(-0.11513970, 0.56244080)"
20.66704,"(-0.01688634,-0.9240719,0.1027316, -0.36776640)","(11.67051000,136.3311, 357.40420000)","(0.67621580,-0.2022833, -0.70838810)","(-11.67051000, 136.33110000)",-2.542066,"(-0.11622120, 0.56227320)"
20.68104,"(-0.01719403,-0.9228038,0.1024827, -0.37099170)","(11.64812000,135.9326, 357.40710000)","(0.68118100,-0.2019005, -0.70372490)","(-11.64812000, 135.93260000)",-2.53937,"(-0.11732360, 0.56215040)"
20.69363,"(-0.01761692,-0.9214269,0.1021605, -0.37446680)","(11.62240000,135.5041, 357.42260000)","(0.68648800,-0.2014608, -0.69867580)","(-11.62240000, 135.50410000)",-2.52445,"(-0.11849380, 0.56202200)"
20.70679,"(-0.01807741,-0.9200231,0.1018615, -0.37796160)","(11.60099000,135.0726, 357.44100000)","(0.69178400,-0.2010949, -0.69353850)","(-11.60100000, 135.07260000)",-2.506631,"(-0.11966960, 0.56192340)"
20.72045,"(-0.01861775,-0.9184983,0.1015375, -0.38171250)","(11.58008000,134.6091, 357.46580000)","(0.69742370,-0.2007373, -0.68797140)","(-11.58008000, 134.60910000)",-2.482543,"(-0.12091590, 0.56180720)"
20.73386,"(-0.01908318,-0.9169406,0.1010433, -0.38554630)","(11.53791000,134.1357, 357.48950000)","(0.70318960,-0.2000163, -0.68228860)","(-11.53791000, 134.13570000)",-2.459652,"(-0.12219860, 0.56155880)"
20.74684,"(-0.01955755,-0.915289,0.1005229, -0.38956230)","(11.49327000,133.6389, 357.51320000)","(0.70919220,-0.1992528, -0.67627290)","(-11.49327000, 133.63890000)",-2.436787,"(-0.12354780, 0.56130620)"
20.75995,"(-0.01996495,-0.9135833,0.09995407, -0.39367010)","(11.44060000,133.1295, 357.53120000)","(0.71530970,-0.1983519, -0.67006610)","(-11.44060000, 133.12950000)",-2.419618,"(-0.12494060, 0.56101940)"
20.77398,"(-0.02040151,-0.9118099,0.09957488, -0.39783330)","(11.40948000,132.6101, 357.54290000)","(0.72143370,-0.1978195, -0.66362710)","(-11.40948000, 132.61010000)",-2.408428,"(-0.12637160, 0.56086280)"
20.78734,"(-0.02093193,-0.910006,0.09923428, -0.40199940)","(11.38711000,132.0896, 357.56280000)","(0.72748950,-0.1974368, -0.65709810)","(-11.38711000, 132.08960000)",-2.389254,"(-0.12777450, 0.56075880)"
20.80623,"(-0.02130462,-0.9082806,0.09904518, -0.40590960)","(11.37427000,131.5975, 357.56180000)","(0.73313930,-0.1972171, -0.65085490)","(-11.37427000, 131.59750000)",-2.390237,"(-0.12914510, 0.56066500)"
20.81383,"(-0.02162516,-0.9066257,0.09895802, -0.40959680)","(11.37041000,131.1312, 357.55320000)","(0.73842200,-0.197151, -0.64487560)","(-11.37041000, 131.13120000)",-2.398738,"(-0.13045450, 0.56063120)"
20.82683,"(-0.02190788,-0.9049792,0.09903376, -0.41318880)","(11.38210000,130.6739, 357.53360000)","(0.74351530,-0.1973512, -0.63893480)","(-11.38210000, 130.67390000)",-2.417675,"(-0.13175390, 0.56069210)"
20.84082,"(-0.02213162,-0.9035164,0.09925648, -0.41631310)","(11.40758000,130.2732, 357.50620000)","(0.74789790,-0.1977871, -0.63366320)","(-11.40758000, 130.27320000)",-2.444405,"(-0.13290570, 0.56083690)"
20.85476,"(-0.02236809,-0.9021599,0.09947341, -0.41918030)","(11.43373000,129.905, 357.48350000)","(0.75188520,-0.1982344, -0.62878570)","(-11.43373000, 129.90500000)",-2.466486,"(-0.13396050, 0.56099210)"
20.86681,"(-0.02260992,-0.9009458,0.09974724, -0.42170590)","(11.46698000,129.5794, 357.46260000)","(0.75535770,-0.1988032, -0.62442920)","(-11.46698000, 129.57940000)",-2.486718,"(-0.13489010, 0.56119160)"
20.88088,"(-0.02285061,-0.899954,0.1001253, -0.42371630)","(11.51244000,129.3182, 357.44270000)","(0.75807460,-0.1995806, -0.62087870)","(-11.51244000, 129.31820000)",-2.505772,"(-0.13564320, 0.56142660)"
20.89365,"(-0.02304008,-0.8991258,0.1005133, -0.42536940)","(11.55739000,129.1021, 357.42130000)","(0.76028940,-0.2003493, -0.61791590)","(-11.55739000, 129.10210000)",-2.526387,"(-0.13627390, 0.56166320)"
20.90721,"(-0.02326573,-0.8984216,0.1009022, -0.42675050)","(11.60496000,128.921, 357.40700000)","(0.76210870,-0.2011627, -0.61540550)","(-11.60496000, 128.92100000)",-2.539986,"(-0.13679910, 0.56192300)"
20.91999,"(-0.02355960,-0.8978441,0.1012334, -0.42786990)","(11.65069000,128.7748, 357.40610000)","(0.76355090,-0.2019445, -0.61335830)","(-11.65069000, 128.77480000)",-2.540372,"(-0.13720870, 0.56217410)"
20.93339,"(-0.02377291,-0.8973688,0.1015656, -0.42877560)","(11.69314000,128.6554, 357.39940000)","(0.76471080,-0.2026701, -0.61167170)","(-11.69314000, 128.65540000)",-2.546605,"(-0.13755110, 0.56240790)"
20.94709,"(-0.02413342,-0.8969848,0.1019012, -0.42947880)","(11.74389000,128.5632, 357.41050000)","(0.76555340,-0.2035373, -0.61032810)","(-11.74389000, 128.56320000)",-2.535127,"(-0.13779500, 0.56269080)"
20.96646,"(-0.02436257,-0.8967431,0.1020546, -0.42993400)","(11.76992000,128.5043, 357.42050000)","(0.76610810,-0.2039821, -0.60948340)","(-11.76992000, 128.50430000)",-2.525225,"(-0.13794620, 0.56283650)"
20.97347,"(-0.02452798,-0.8966016,0.1022527, -0.43017240)","(11.79803000,128.4722, 357.42430000)","(0.76637050,-0.2044624, -0.60899220)","(-11.79803000, 128.47220000)",-2.521191,"(-0.13803150, 0.56299340)"
20.9868,"(-0.02451385,-0.8966643,0.1021965, -0.43005590)","(11.79183000,128.4879, 357.42730000)","(0.76622100,-0.2043565, -0.60921570)","(-11.79183000, 128.48790000)",-2.518239,"(-0.13798380, 0.56295940)"
21.00063,"(-0.02456083,-0.8967001,0.1022472, -0.42996650)","(11.79970000,128.4991, 357.43080000)","(0.76607950,-0.2044909, -0.60934860)","(-11.79970000, 128.49910000)",-2.514739,"(-0.13794860, 0.56300370)"
21.0137,"(-0.02458707,-0.8967656,0.1023014, -0.42981550)","(11.80705000,128.5181, 357.43280000)","(0.76585700,-0.2046165, -0.60958610)","(-11.80705000, 128.51810000)",-2.512792,"(-0.13789390, 0.56304500)"
21.027,"(-0.02453645,-0.8969572,0.1024061, -0.42939360)","(11.81658000,128.5708, 357.42770000)","(0.76526990,-0.2047794, -0.61026840)","(-11.81658000, 128.57080000)",-2.517773,"(-0.13775550, 0.56309820)"
21.04026,"(-0.02444864,-0.8972797,0.102445, -0.42871480)","(11.81818000,128.6571, 357.42560000)","(0.76434490,-0.2048066, -0.61141740)","(-11.81818000, 128.65710000)",-2.519793,"(-0.13751960, 0.56310800)"
21.05381,"(-0.02447010,-0.8976679,0.1025699, -0.42787030)","(11.83462000,128.7646, 357.43260000)","(0.76315100,-0.2050875, -0.61281290)","(-11.83462000, 128.76460000)",-2.512792,"(-0.13721420, 0.56320260)"
21.06847,"(-0.02450109,-0.8979563,0.1025236, -0.42727410)","(11.83305000,128.8423, 357.44630000)","(0.76232300,-0.2050607, -0.61385150)","(-11.83305000, 128.84230000)",-2.499359,"(-0.13698140, 0.56319730)"
21.08113,"(-0.02463238,-0.8982606,0.102494, -0.42663340)","(11.83831000,128.9264, 357.47010000)","(0.76140670,-0.2051506, -0.61495760)","(-11.83832000, 128.92640000)",-2.47599,"(-0.13671800, 0.56323180)"
21.09327,"(-0.02474645,-0.8985458,0.102447, -0.42603720)","(11.84076000,129.0048, 357.49240000)","(0.76055750,-0.2051924, -0.61599390)","(-11.84076000, 129.00480000)",-2.454235,"(-0.13647220, 0.56325080)"
21.10662,"(-0.02476001,-0.8988336,0.102318, -0.42545990)","(11.82965000,129.081, 357.50810000)","(0.75976850,-0.2050025, -0.61703000)","(-11.82965000, 129.08110000)",-2.438955,"(-0.13624000, 0.56319360)"
21.12582,"(-0.02489075,-0.8989637,0.1022543, -0.42519250)","(11.83023000,129.1174, 357.52870000)","(0.75937490,-0.2050125, -0.61751070)","(-11.83023000, 129.11740000)",-2.418728,"(-0.13611260, 0.56320090)"
21.13333,"(-0.02503274,-0.899156,0.1022152, -0.42478680)","(11.83429000,129.1714, 357.55100000)","(0.75878180,-0.2050819, -0.61821640)","(-11.83430000, 129.17140000)",-2.396942,"(-0.13593440, 0.56322860)"
21.14674,"(-0.02515508,-0.8992224,0.1022165, -0.42463880)","(11.84088000,129.1914, 357.56570000)","(0.75854690,-0.2051944, -0.61846740)","(-11.84088000, 129.19150000)",-2.382445,"(-0.13586520, 0.56327180)"
21.16049,"(-0.02536817,-0.8992926,0.1021799, -0.42448610)","(11.84801000,129.2134, 357.59190000)","(0.75829020,-0.2053161, -0.61874160)","(-11.84801000, 129.21340000)",-2.356674,"(-0.13576820, 0.56331400)"
21.17359,"(-0.02556435,-0.8993576,0.1022274, -0.42432520)","(11.86306000,129.2351, 357.61220000)","(0.75801350,-0.2055732, -0.61899540)","(-11.86306000, 129.23510000)",-2.33674,"(-0.13568020, 0.56339980)"
21.18719,"(-0.02573161,-0.8993822,0.1022468, -0.42425840)","(11.87350000,129.2449, 357.62970000)","(0.75787890,-0.2057516, -0.61910090)","(-11.87350000, 129.24490000)",-2.319506,"(-0.13563120, 0.56346070)"
21.19962,"(-0.02594261,-0.8993802,0.10233, -0.42422960)","(11.89264000,129.2493, 357.64790000)","(0.75777800,-0.2060785, -0.61911550)","(-11.89264000, 129.24930000)",-2.301463,"(-0.13559660, 0.56356980)"
21.21412,"(-0.02615931,-0.8993492,0.1024364, -0.42425650)","(11.91432000,129.2463, 357.66490000)","(0.75775020,-0.2064487, -0.61902640)","(-11.91432000, 129.24630000)",-2.284734,"(-0.13558460, 0.56369270)"
21.22721,"(-0.02632924,-0.8992832,0.1025639, -0.42435500)","(11.93571000,129.2334, 357.67490000)","(0.75782980,-0.2068139, -0.61880710)","(-11.93570000, 129.23340000)",-2.274688,"(-0.13560890, 0.56381260)"
21.2404,"(-0.02653006,-0.8991986,0.102728, -0.42448210)","(11.96234000,129.2166, 357.68590000)","(0.75793670,-0.2072687, -0.61852390)","(-11.96234000, 129.21660000)",-2.263908,"(-0.13563590, 0.56395640)"
21.25377,"(-0.02677453,-0.8990609,0.1029623, -0.42470150)","(11.99821000,129.1873, 357.69660000)","(0.75815150,-0.2078811, -0.61805470)","(-11.99821000, 129.18740000)",-2.252988,"(-0.13570500, 0.56415600)"
21.26722,"(-0.02697132,-0.8989316,0.1032055, -0.42490360)","(12.03269000,129.1598, 357.70210000)","(0.75835140,-0.2084698, -0.61761100)","(-12.03269000, 129.15980000)",-2.247422,"(-0.13577650, 0.56434750)"
21.28648,"(-0.02713558,-0.8987965,0.103412, -0.42512880)","(12.06170000,129.1295, 357.70570000)","(0.75859620,-0.2089649, -0.61714300)","(-12.06170000, 129.12950000)",-2.243586,"(-0.13585810, 0.56450850)"
21.29378,"(-0.02729767,-0.8986828,0.1036543, -0.42529970)","(12.09446000,129.1057, 357.70800000)","(0.75876000,-0.2095241, -0.61675200)","(-12.09446000, 129.10570000)",-2.241055,"(-0.13592290, 0.56469020)"
21.3068,"(-0.02745401,-0.8985311,0.1038997, -0.42555010)","(12.12706000,129.0715, 357.70840000)","(0.75903520,-0.2100803, -0.61622390)","(-12.12706000, 129.07150000)",-2.240444,"(-0.13602660, 0.56487610)"
21.31993,"(-0.02765911,-0.898387,0.1041441, -0.42578150)","(12.16202000,129.0402, 357.71430000)","(0.75927190,-0.2106768, -0.61572830)","(-12.16202000, 129.04020000)",-2.23432,"(-0.13610790, 0.56507050)"
21.3336,"(-0.02789354,-0.8982432,0.1043282, -0.42602430)","(12.19215000,129.0084, 357.72600000)","(0.75952670,-0.2111908, -0.61523800)","(-12.19215000, 129.00850000)",-2.222727,"(-0.13618210, 0.56523860)"
21.34727,"(-0.02820337,-0.8980629,0.1046363, -0.42630840)","(12.23880000,128.9704, 357.73880000)","(0.75980130,-0.2119866, -0.61462470)","(-12.23880000, 128.97040000)",-2.209746,"(-0.13626620, 0.56549320)"
21.35967,"(-0.02859573,-0.8978457,0.1049437, -0.42666410)","(12.28930000,128.9238, 357.75920000)","(0.76015510,-0.212848, -0.61388920)","(-12.28930000, 128.92380000)",-2.18928,"(-0.13637090, 0.56577530)"
21.37383,"(-0.02915454,-0.8975291,0.105314, -0.42720080)","(12.35419000,128.8544, 357.79130000)","(0.76070950,-0.2139544, -0.61281690)","(-12.35419000, 128.85440000)",-2.157401,"(-0.13652420, 0.56613830)"
21.38642,"(-0.02963735,-0.8972044,0.1055801, -0.42778350)","(12.40442000,128.7798, 357.82010000)","(0.76136030,-0.2148106, -0.61170820)","(-12.40442000, 128.77980000)",-2.128908,"(-0.13670230, 0.56642510)"
21.40075,"(-0.03010337,-0.896714,0.1058758, -0.42870500)","(12.45610000,128.6608, 357.84070000)","(0.76247720,-0.2156915, -0.61000450)","(-12.45610000, 128.66080000)",-2.108401,"(-0.13700510, 0.56671210)"
21.41411,"(-0.03055314,-0.8961542,0.1062549, -0.42974870)","(12.51540000,128.5247, 357.85350000)","(0.76374940,-0.216702, -0.60805180)","(-12.51540000, 128.52470000)",-2.095365,"(-0.13736890, 0.56704370)"
21.42748,"(-0.03104550,-0.8955163,0.1067588, -0.43091680)","(12.58950000,128.371, 357.86230000)","(0.76515720,-0.2179645, -0.60582670)","(-12.58950000, 128.37100000)",-2.086285,"(-0.13777910, 0.56745270)"
21.44719,"(-0.03162424,-0.8948082,0.1074005, -0.43218440)","(12.68206000,128.2032, 357.87130000)","(0.76665130,-0.2195408, -0.60336350)","(-12.68206000, 128.20320000)",-2.076694,"(-0.13823160, 0.56796820)"
21.45345,"(-0.03228712,-0.8940366,0.1080459, -0.43356920)","(12.77902000,128.0206, 357.88690000)","(0.76827650,-0.2211914, -0.60068780)","(-12.77902000, 128.02060000)",-2.060706,"(-0.13871480, 0.56851020)"
21.4674,"(-0.03309340,-0.8931803,0.1088283, -0.43507490)","(12.89721000,127.8214, 357.90820000)","(0.76999770,-0.2232027, -0.59773250)","(-12.89721000, 127.82140000)",-2.039033,"(-0.13923530, 0.56917270)"
21.48211,"(-0.03381662,-0.8923215,0.1096953, -0.43656130)","(13.02011000,127.6225, 357.91620000)","(0.77168700,-0.225293, -0.59476230)","(-13.02011000, 127.62250000)",-2.03028,"(-0.13977100, 0.56986190)"
21.49348,"(-0.03451787,-0.8914272,0.1106038, -0.43810140)","(13.14612000,127.4155, 357.91840000)","(0.77343540,-0.2274352, -0.59166800)","(-13.14612000, 127.41550000)",-2.026999,"(-0.14035580, 0.57054430)"
21.50685,"(-0.03537483,-0.8905548,0.1116359, -0.43954310)","(13.29314000,127.2206, 357.93130000)","(0.77497630,-0.2299332, -0.58867870)","(-13.29314000, 127.22060000)",-2.013242,"(-0.14088750, 0.57135200)"
21.52016,"(-0.03624743,-0.8896528,0.1127542, -0.44101080)","(13.44991000,127.0208, 357.94020000)","(0.77651890,-0.2325951, -0.58559190)","(-13.44991000, 127.02080000)",-2.003302,"(-0.14144040, 0.57222270)"
21.53366,"(-0.03710395,-0.8887064,0.1138009, -0.44257600)","(13.59834000,126.8088, 357.94920000)","(0.77819530,-0.2351139, -0.58235170)","(-13.59834000, 126.80880000)",-1.993116,"(-0.14202380, 0.57304770)"
21.54684,"(-0.03795308,-0.8877406,0.1148423, -0.44417050)","(13.74585000,126.5926, 357.95670000)","(0.77989910,-0.2376156, -0.57904760)","(-13.74585000, 126.59260000)",-1.984654,"(-0.14261890, 0.57386960)"
21.56115,"(-0.03876034,-0.8866959,0.1158071, -0.44593350)","(13.88302000,126.3546, 357.96060000)","(0.78183730,-0.2399404, -0.57546410)","(-13.88302000, 126.35460000)",-1.979816,"(-0.14327600, 0.57463570)"
21.5739,"(-0.03959664,-0.8855871,0.1165771, -0.44785870)","(14.00140000,126.0981, 357.97490000)","(0.78400360,-0.2419457, -0.57166480)","(-14.00141000, 126.09810000)",-1.964932,"(-0.14396690, 0.57530110)"
21.58751,"(-0.04044372,-0.8844848,0.1172218, -0.44978890)","(14.10762000,125.8425, 357.99650000)","(0.78618110,-0.243744, -0.56789800)","(-14.10762000, 125.84250000)",-1.942997,"(-0.14464330, 0.57590200)"
21.60627,"(-0.04138176,-0.8833145,0.1178422, -0.45183640)","(14.21605000,125.5722, 358.02640000)","(0.78847430,-0.245579, -0.56391410)","(-14.21605000, 125.57220000)",-1.913053,"(-0.14536000, 0.57650300)"
21.61357,"(-0.04229547,-0.8821182,0.1183007, -0.45396440)","(14.30666000,125.2932, 358.06080000)","(0.79089330,-0.2471116, -0.55984270)","(-14.30666000, 125.29320000)",-1.87899,"(-0.14609860, 0.57700060)"
21.62714,"(-0.04323778,-0.8808171,0.1187337, -0.45628290)","(14.39603000,124.9892, 358.09590000)","(0.79353590,-0.2486227, -0.55541630)","(-14.39603000, 124.98920000)",-1.844193,"(-0.14690420, 0.57749430)"
21.64065,"(-0.04421639,-0.879408,0.1192985, -0.45875310)","(14.50076000,124.6627, 358.12430000)","(0.79631230,-0.2503929, -0.55062700)","(-14.50076000, 124.66270000)",-1.815854,"(-0.14777990, 0.57807650)"
21.65403,"(-0.04509897,-0.8779609,0.1198026, -0.46130050)","(14.59426000,124.3254, 358.14420000)","(0.79920150,-0.2519723, -0.54569830)","(-14.59425000, 124.32540000)",-1.795914,"(-0.14869500, 0.57860080)"
21.66694,"(-0.04608774,-0.8764197,0.1203567, -0.46398150)","(14.69856000,123.9699, 358.16920000)","(0.80219110,-0.2537336, -0.54047100)","(-14.69856000, 123.96990000)",-1.770783,"(-0.14965150, 0.57919100)"
21.68071,"(-0.04726682,-0.8747056,0.1208983, -0.46694720)","(14.81169000,123.5776, 358.20890000)","(0.80545360,-0.2556431, -0.53468790)","(-14.81169000, 123.57760000)",-1.731445,"(-0.15068480, 0.57984650)"
21.69485,"(-0.04863844,-0.8728615,0.1213093, -0.47013950)","(14.92214000,123.1581, 358.27090000)","(0.80893270,-0.2575061, -0.52850580)","(-14.92214000, 123.15810000)",-1.670584,"(-0.15177370, 0.58044620)"
21.70705,"(-0.05003796,-0.8708943,0.1216713, -0.47353510)","(15.02943000,122.7113, 358.33420000)","(0.81262160,-0.2593152, -0.52192130)","(-15.02943000, 122.71140000)",-1.608638,"(-0.15293240, 0.58103470)"
21.72073,"(-0.05153729,-0.8686994,0.1220432, -0.47729510)","(15.14333000,122.2152, 358.39950000)","(0.81667240,-0.2612347, -0.51458970)","(-15.14334000, 122.21530000)",-1.544844,"(-0.15422130, 0.58166800)"
21.73376,"(-0.05317996,-0.8662593,0.1224243, -0.48143420)","(15.26642000,121.6677, 358.47090000)","(0.82107280,-0.2633078, -0.50646670)","(-15.26642000, 121.66780000)",-1.475119,"(-0.15563960, 0.58236390)"
21.74687,"(-0.05491206,-0.8636477,0.1227691, -0.48582410)","(15.39153000,121.086, 358.54750000)","(0.82567870,-0.2654137, -0.49780540)","(-15.39153000, 121.08600000)",-1.400256,"(-0.15714000, 0.58308510)"
21.76657,"(-0.05684447,-0.8607419,0.1231116, -0.49064820)","(15.52839000,120.445, 358.63500000)","(0.83064650,-0.2677159, -0.48821570)","(-15.52839000, 120.44500000)",-1.315071,"(-0.15882430, 0.58383100)"
21.77377,"(-0.05908311,-0.857471,0.123447, -0.49599750)","(15.68299000,119.7329, 358.74220000)","(0.83601960,-0.2703146, -0.47749460)","(-15.68299000, 119.73300000)",-1.210954,"(-0.16067100, 0.58469720)"
21.78692,"(-0.06174326,-0.8538268,0.1236801, -0.50186720)","(15.85338000,118.952, 358.88580000)","(0.84174260,-0.2731767, -0.46566490)","(-15.85339000, 118.95200000)",-1.071919,"(-0.16263390, 0.58566680)"
21.8,"(-0.06498914,-0.8495694,0.1238216, -0.50860240)","(16.05127000,118.055, 359.07430000)","(0.84809210,-0.2764974, -0.45198370)","(-16.05127000, 118.05500000)",-0.8895546,"(-0.16485550, 0.58675130)"
21.81389,"(-0.06838123,-0.844813,0.1235768, -0.51608500)","(16.22318000,117.0574, 359.28310000)","(0.85509000,-0.2793795, -0.43677020)","(-16.22318000, 117.05740000)",-0.688134,"(-0.16733930, 0.58771450)"
21.82672,"(-0.07203610,-0.8395543,0.1229546, -0.52425340)","(16.37868000,115.9667, 359.52450000)","(0.86256400,-0.2819844, -0.42008100)","(-16.37868000, 115.96680000)",-0.4558544,"(-0.17003560, 0.58860530)"
21.84075,"(-0.07609564,-0.8337186,0.1218106, -0.53318380)","(16.51447000,114.774, 359.82010000)","(0.87051190,-0.2842575, -0.40175450)","(-16.51447000, 114.77400000)",-0.1713202,"(-0.17296090, 0.58935550)"
21.8536,"(-0.08025318,-0.8274496,0.1202259, -0.54261620)","(16.62193000,113.5091, 0.13979180)","(0.87867810,-0.2860551, -0.38222690)","(-16.62193000, 113.50910000)",0.1341704,"(-0.17599250, 0.58996370)"
21.86717,"(-0.08439825,-0.8208668,0.1184527, -0.55228940)","(16.71985000,112.2015, 0.46180020)","(0.88671770,-0.2876923, -0.36189080)","(-16.71985000, 112.20160000)",0.4423477,"(-0.17918040, 0.59048090)"
21.88076,"(-0.08829007,-0.8138513,0.1164812, -0.56239040)","(16.79234000,110.8214, 0.75973650)","(0.89483610,-0.2889038, -0.34029810)","(-16.79234000, 110.82140000)",0.7273927,"(-0.18259290, 0.59089300)"
21.89515,"(-0.09201260,-0.8064237,0.1146061, -0.57278290)","(16.87284000,109.3815, 1.02469000)","(0.90272090,-0.2902487, -0.31757080)","(-16.87284000, 109.38150000)",0.9805858,"(-0.18621590, 0.59131670)"
21.90761,"(-0.09538270,-0.7986892,0.112803, -0.58332940)","(16.94587000,107.8996, 1.24352600)","(0.91027890,-0.2914681, -0.29400450)","(-16.94587000, 107.89960000)",1.189432,"(-0.19003950, 0.59171690)"
21.92594,"(-0.09830479,-0.7909284,0.1110955, -0.59365500)","(17.00502000,106.4291, 1.41410000)","(0.91723480,-0.2924555, -0.27046300)","(-17.00502000, 106.42910000)",1.35205,"(-0.19386030, 0.59205700)"
21.93384,"(-0.10085360,-0.7830895,0.1094275, -0.60384180)","(17.04857000,104.96, 1.54642000)","(0.92365210,-0.2931824, -0.24680130)","(-17.04858000, 104.96000000)",1.478432,"(-0.19775680, 0.59226040)"
21.94668,"(-0.10325730,-0.77508,0.1079443, -0.61395190)","(17.10483000,103.4817, 1.64998800)","(0.92943170,-0.294121, -0.22282220)","(-17.10483000, 103.48170000)",1.576939,"(-0.20172410, 0.59257130)"
21.96076,"(-0.10583070,-0.766858,0.1064449, -0.62401770)","(17.17773000,101.9942, 1.76745400)","(0.93453570,-0.2953368, -0.19854270)","(-17.17773000, 101.99420000)",1.688644,"(-0.20567580, 0.59298650)"
21.97356,"(-0.10830930,-0.7586791,0.1050256, -0.63375450)","(17.25618000,100.5376, 1.87360800)","(0.93888210,-0.2966445, -0.17464970)","(-17.25618000, 100.53770000)",1.789254,"(-0.20959620, 0.59339830)"
21.98717,"(-0.11086350,-0.7505425,0.1037977, -0.64313400)","(17.36208000,99.11564, 1.97564000)","(0.94238400,-0.2984092, -0.15120930)","(-17.36208000, 99.11564000)",1.88554,"(-0.21336200, 0.59396800)"
22.00095,"(-0.11334510,-0.7427526,0.10268, -0.65186520)","(17.47581000,97.77608, 2.07327000)","(0.94507260,-0.3003031, -0.12905710)","(-17.47581000, 97.77609000)",1.977541,"(-0.21695380, 0.59461010)"
22.01337,"(-0.11505160,-0.7356493,0.1021234, -0.65966210)","(17.58043000,96.5555, 2.07649300)","(0.94706090,-0.3020443, -0.10883350)","(-17.58043000, 96.55551000)",1.97942,"(-0.22035000, 0.59518050)"
22.02723,"(-0.11629180,-0.7289272,0.1019134, -0.66689960)","(17.67905000,95.40322, 2.02125000)","(0.94853910,-0.3036848, -0.08971731)","(-17.67906000, 95.40323000)",1.925696,"(-0.22359340, 0.59572850)"
22.04071,"(-0.11704900,-0.7231161,0.1022861, -0.67300830)","(17.78700000,94.40862, 1.90186600)","(0.94938140,-0.3054793, -0.07319471)","(-17.78700000, 94.40863000)",1.810889,"(-0.22653630, 0.59635380)"
22.05369,"(-0.11737620,-0.7179284,0.1029509, -0.67838240)","(17.88303000,93.51796, 1.73748500)","(0.94989200,-0.3070747, -0.05839679)","(-17.88303000, 93.51796000)",1.653511,"(-0.22925940, 0.59688950)"
22.06709,"(-0.11716570,-0.7132911,0.1038802, -0.68315230)","(17.95547000,92.71276, 1.51882500)","(0.95023040,-0.3082777, -0.04502408)","(-17.95547000, 92.71278000)",1.444826,"(-0.23179200, 0.59732900)"
22.08568,"(-0.11613780,-0.709784,0.105388, -0.68674020)","(18.00611000,92.08273, 1.21208100)","(0.95039530,-0.3091184, -0.03456259)","(-18.00611000, 92.08273000)",1.15267,"(-0.23396490, 0.59760950)"
22.09492,"(-0.11469620,-0.707093,0.1070607, -0.68949430)","(18.03322000,91.58319, 0.87773700)","(0.95051430,-0.3095684, -0.02627145)","(-18.03322000, 91.58321000)",0.8343908,"(-0.23584230, 0.59778400)"
22.10701,"(-0.11339510,-0.7048059,0.1087074, -0.69178970)","(18.06684000,91.15838, 0.56880030)","(0.95050100,-0.3101263, -0.01921947)","(-18.06684000, 91.15839000)",0.5406791,"(-0.23747340, 0.59798450)"
22.12084,"(-0.11229400,-0.7030306,0.1100932, -0.69355430)","(18.09308000,90.82725, 0.31229000)","(0.95045410,-0.3105617, -0.01372386)","(-18.09308000, 90.82726000)",0.2967354,"(-0.23876860, 0.59812740)"
22.13357,"(-0.11169710,-0.7013882,0.1112071, -0.69513400)","(18.13684000,90.53318, 0.12530860)","(0.95027460,-0.3112876, -0.00884343)","(-18.13684000, 90.53319000)",0.1186941,"(-0.23985860, 0.59837350)"
22.14709,"(-0.11137910,-0.699944,0.1122146, -0.69647750)","(18.19391000,90.28069, 359.97640000)","(0.94999370,-0.312234, -0.00465388)","(-18.19391000, 90.28069000)",-0.01978234,"(-0.24076600, 0.59869740)"
22.161,"(-0.11129010,-0.6987191,0.1132198, -0.69755820)","(18.26910000,90.07167, 359.85310000)","(0.94959400,-0.3134804, -0.00118787)","(-18.26910000, 90.07167000)",-0.1370561,"(-0.24151620, 0.59912390)"
22.17371,"(-0.11129070,-0.6978841,0.1143441, -0.69821020)","(18.36120000,89.93092, 359.73820000)","(0.94908880,-0.3150064, 0.00114422)","(-18.36120000, 89.93092000)",-0.2478722,"(-0.24206610, 0.59962700)"
22.18689,"(-0.11147420,-0.6969964,0.1154718, -0.69888190)","(18.46839000,89.7862, 359.63710000)","(0.94849210,-0.3167814, 0.00353909)","(-18.46839000, 89.78622000)",-0.343781,"(-0.24262200, 0.60021560)"
22.2008,"(-0.11206150,-0.6961235,0.1164255, -0.69949940)","(18.59442000,89.6549, 359.58520000)","(0.94778250,-0.318867, 0.00570846)","(-18.59442000, 89.65491000)",-0.393167,"(-0.24306920, 0.60091190)"
22.21372,"(-0.11284870,-0.6951528,0.1172799, -0.70019510)","(18.72868000,89.51263, 359.55570000)","(0.94701540,-0.3210871, 0.00805547)","(-18.72868000, 89.51264000)",-0.4205793,"(-0.24352050, 0.60165520)"
22.22777,"(-0.11371840,-0.6938349,0.118001, -0.70123960)","(18.85862000,89.31445, 359.53440000)","(0.94625130,-0.3232341, 0.01132251)","(-18.85862000, 89.31445000)",-0.4401304,"(-0.24410340, 0.60237620)"
22.24552,"(-0.11460640,-0.6923975,0.1188091, -0.70237840)","(18.99710000,89.09695, 359.50360000)","(0.94541750,-0.3255204, 0.01490208)","(-18.99711000, 89.09695000)",-0.4689721,"(-0.24475150, 0.60314680)"
22.2535,"(-0.11553690,-0.6904812,0.1195234, -0.70398940)","(19.13110000,88.80073, 359.47030000)","(0.94456420,-0.3277309, 0.01977373)","(-19.13111000, 88.80073000)",-0.5004597,"(-0.24562000, 0.60389720)"
22.26682,"(-0.11656970,-0.6880915,0.1200606, -0.70606450)","(19.25887000,88.42889, 359.44650000)","(0.94368300,-0.3298368, 0.02588312)","(-19.25887000, 88.42890000)",-0.5222706,"(-0.24668190, 0.60462140)"
22.28021,"(-0.11754820,-0.6852708,0.1203559, -0.70859080)","(19.36227000,87.98497, 359.42540000)","(0.94285790,-0.33154, 0.03317272)","(-19.36227000, 87.98499000)",-0.5417637,"(-0.24794630, 0.60517240)"
22.29366,"(-0.11841840,-0.682004,0.1203934, -0.71158490)","(19.43560000,87.46585, 359.40350000)","(0.94209390,-0.3327471, 0.04169530)","(-19.43560000, 87.46585000)",-0.5619739,"(-0.24942300, 0.60557760)"
22.30812,"(-0.11908510,-0.6783468,0.1203137, -0.71497490)","(19.48223000,86.87891, 359.36300000)","(0.94134660,-0.3335145, 0.05132885)","(-19.48223000, 86.87892000)",-0.6003569,"(-0.25111170, 0.60585760)"
22.32069,"(-0.11969820,-0.6741647,0.1200072, -0.71886900)","(19.50590000,86.2074, 359.32240000)","(0.94054290,-0.333904, 0.06234857)","(-19.50590000, 86.20741000)",-0.6385778,"(-0.25302430, 0.60596670)"
22.33368,"(-0.12027150,-0.669358,0.1194094, -0.72335060)","(19.50275000,85.43707, 359.28630000)","(0.93963780,-0.3338522, 0.07498939)","(-19.50275000, 85.43708000)",-0.6723125,"(-0.25521470, 0.60595140)"
22.34694,"(-0.12086640,-0.6641009,0.1188514, -0.72817280)","(19.50455000,84.5991, 359.23690000)","(0.93843020,-0.3338818, 0.08872253)","(-19.50456000, 84.59911000)",-0.7192771,"(-0.25763580, 0.60595810)"
22.36083,"(-0.12141400,-0.6582479,0.1182231, -0.73347910)","(19.49651000,83.66976, 359.17410000)","(0.93691430,-0.3337495, 0.10393670)","(-19.49651000, 83.66977000)",-0.7785863,"(-0.26031110, 0.60590780)"
22.37361,"(-0.12227270,-0.6518031,0.1178296, -0.73913350)","(19.53332000,82.66, 359.10090000)","(0.93472430,-0.3343551, 0.12040430)","(-19.53332000, 82.66000000)",-0.8474219,"(-0.26319030, 0.60611380)"
22.38686,"(-0.12366580,-0.6445622,0.1174615, -0.74528470)","(19.61844000,81.54527, 359.04710000)","(0.93171270,-0.3357548, 0.13849270)","(-19.61844000, 81.54528000)",-0.8972207,"(-0.26639150, 0.60658580)"
22.40609,"(-0.12567600,-0.6365466,0.1172417, -0.75184330)","(19.76949000,80.33277, 359.00770000)","(0.92769760,-0.3382369, 0.15802810)","(-19.76950000, 80.33278000)",-0.9337703,"(-0.26981430, 0.60741280)"
22.4141,"(-0.12783730,-0.6279464,0.1172412, -0.75868000)","(19.95107000,79.04195, 358.94250000)","(0.92284520,-0.3412175, 0.17868180)","(-19.95107000, 79.04195000)",-0.993866,"(-0.27351340, 0.60843460)"
22.42705,"(-0.13007420,-0.6187455,0.1175402, -0.76578000)","(20.16174000,77.6692, 358.83690000)","(0.91706800,-0.3446714, 0.20046940)","(-20.16174000, 77.66922000)",-1.091815,"(-0.27748890, 0.60958250)"
22.44048,"(-0.13232960,-0.6086373,0.1180629, -0.77337620)","(20.38924000,76.16788, 358.68370000)","(0.91016470,-0.348396, 0.22409910)","(-20.38924000, 76.16787000)",-1.233846,"(-0.28189830, 0.61082960)"
22.45377,"(-0.13456040,-0.5979239,0.1188244, -0.78119220)","(20.62995000,74.58516, 358.48550000)","(0.90220890,-0.3523309, 0.24876110)","(-20.62995000, 74.58516000)",-1.417203,"(-0.28656350, 0.61217480)"
22.46683,"(-0.13692370,-0.5859722,0.1195807, -0.78967640)","(20.87882000,72.83298, 358.25860000)","(0.89271010,-0.3563927, 0.27577690)","(-20.87883000, 72.83298000)",-1.626904,"(-0.29182030, 0.61355100)"
22.48023,"(-0.13942000,-0.5730237,0.1200267, -0.79862350)","(21.11520000,70.95432, 358.03850000)","(0.88179210,-0.3602444, 0.30441190)","(-21.11521000, 70.95433000)",-1.829704,"(-0.29736540, 0.61482010)"
22.49327,"(-0.14158940,-0.558187,0.1204085, -0.80862940)","(21.30962000,68.8093, 357.74450000)","(0.86863570,-0.3634077, 0.33675940)","(-21.30962000, 68.80930000)",-2.101241,"(-0.30375470, 0.61587150)"
22.50721,"(-0.14301420,-0.5421724,0.12091, -0.81913170)","(21.43239000,66.49888, 357.35200000)","(0.85363760,-0.3654031, 0.37119200)","(-21.43239000, 66.49889000)",-2.464819,"(-0.31079170, 0.61649660)"
22.52195,"(-0.14375500,-0.5253174,0.1216453, -0.82980630)","(21.49269000,64.07784, 356.86720000)","(0.83684920,-0.3663824, 0.40675230)","(-21.49269000, 64.07783000)",-2.914636,"(-0.31826970, 0.61675620)"
22.53366,"(-0.14434310,-0.5076928,0.1224465, -0.84048790)","(21.52873000,61.57307, 356.34720000)","(0.81807070,-0.3669677, 0.44282610)","(-21.52873000, 61.57308000)",-3.39765,"(-0.32601670, 0.61687530)"
22.54708,"(-0.14485310,-0.4889582,0.1232906, -0.85131480)","(21.54298000,58.94133, 355.79120000)","(0.79679660,-0.3671991, 0.47987500)","(-21.54298000, 58.94132000)",-3.914316,"(-0.33417110, 0.61685560)"
22.56578,"(-0.14558200,-0.4694605,0.1240539, -0.86198800)","(21.55885000,56.24091, 355.24000000)","(0.77321860,-0.3674567, 0.51682540)","(-21.55885000, 56.24092000)",-4.426247,"(-0.34251120, 0.61683000)"
22.57338,"(-0.14668750,-0.4496737,0.1247849, -0.87218410)","(21.59861000,53.53869, 354.70850000)","(0.74778770,-0.3681021, 0.55255270)","(-21.59861000, 53.53870000)",-4.919004,"(-0.35082820, 0.61692400)"
22.58714,"(-0.14842460,-0.4291538,0.1256241, -0.88205200)","(21.69468000,50.77345, 354.18010000)","(0.71978050,-0.3696605, 0.58759430)","(-21.69468000, 50.77345000)",-5.406424,"(-0.35932210, 0.61731260)"
22.6,"(-0.15095700,-0.4080904,0.1264778, -0.89144690)","(21.86180000,47.97187, 353.67230000)","(0.68939640,-0.3723691, 0.62134840)","(-21.86180000, 47.97187000)",-5.870959,"(-0.36789700, 0.61808420)"
22.61416,"(-0.15480000,-0.3862965,0.1270668, -0.90036990)","(22.14336000,45.11616, 353.22830000)","(0.65627970,-0.3769254, 0.65362390)","(-22.14336000, 45.11616000)",-6.270135,"(-0.37654390, 0.61949280)"
22.6267,"(-0.15968400,-0.3630434,0.1273984, -0.90910400)","(22.50978000,42.10433, 352.80580000)","(0.61940150,-0.3828411, 0.68540110)","(-22.50978000, 42.10433000)",-6.643578,"(-0.38560770, 0.62136900)"
22.6409,"(-0.16522840,-0.339872,0.1273118, -0.91704870)","(22.92864000,39.13534, 352.43880000)","(0.58128740,-0.3895844, 0.71437320)","(-22.92864000, 39.13534000)",-6.96072,"(-0.39447080, 0.62355410)"
22.65399,"(-0.17097080,-0.3166634,0.1268416, -0.92434000)","(23.35347000,36.18574, 352.09840000)","(0.54203700,-0.3964024, 0.74098660)","(-23.35347000, 36.18573000)",-7.250604,"(-0.40325470, 0.62580660)"
22.66696,"(-0.17641280,-0.293091,0.1255853, -0.93123820)","(23.71456000,33.2178, 351.80600000)","(0.50156530,-0.4021804, 0.76595250)","(-23.71456000, 33.21780000)",-7.497896,"(-0.41204950, 0.62765250)"
22.68047,"(-0.18062990,-0.2700384,0.1236548, -0.93763610)","(23.92330000,30.33927, 351.54930000)","(0.46172410,-0.4055133, 0.78890420)","(-23.92330000, 30.33927000)",-7.720038,"(-0.42051710, 0.62870720)"
22.69355,"(-0.18386510,-0.2469056,0.1213294, -0.94366860)","(24.01208000,27.47094, 351.29850000)","(0.42137770,-0.4069293, 0.81046250)","(-24.01208000, 27.47094000)",-7.943394,"(-0.42891600, 0.62910250)"
22.70726,"(-0.18572870,-0.2242709,0.1185787, -0.94928740)","(23.94173000,24.68861, 351.07300000)","(0.38174810,-0.4058073, 0.83041480)","(-23.94173000, 24.68860000)",-8.15336,"(-0.43693510, 0.62860830)"
22.7265,"(-0.18666870,-0.2024632,0.1158179, -0.95433210)","(23.77748000,22.02605, 350.85320000)","(0.34319510,-0.4031857, 0.84832690)","(-23.77748000, 22.02605000)",-8.364499,"(-0.44461990, 0.62761340)"
22.73465,"(-0.18718500,-0.1805754,0.1131483, -0.95893260)","(23.56937000,19.36746, 350.61900000)","(0.30396000,-0.3998592, 0.86470860)","(-23.56937000, 19.36746000)",-8.592217,"(-0.45231130, 0.62635740)"
22.74697,"(-0.18722910,-0.1596092,0.110585, -0.96293360)","(23.32082000,16.83638, 350.39610000)","(0.26597680,-0.3958793, 0.87894030)","(-23.32082000, 16.83638000)",-8.812716,"(-0.45961170, 0.62486460)"
22.76066,"(-0.18731490,-0.1386089,0.107699, -0.96648930)","(23.07476000,14.32205, 350.22140000)","(0.22758080,-0.3919318, 0.89140140)","(-23.07475000, 14.32205000)",-8.989463,"(-0.46680690, 0.62341670)"
22.77365,"(-0.18739780,-0.1177859,0.1045258, -0.96957870)","(22.83118000,11.84798, 350.09450000)","(0.18922960,-0.3880172, 0.90201710)","(-22.83118000, 11.84798000)",-9.122509,"(-0.47383310, 0.62201450)"
22.78736,"(-0.18738490,-0.09728152,0.1010649, -0.97221860)","(22.58302000,9.430126, 350.01750000)","(0.15128170,-0.3840216, 0.91084640)","(-22.58302000, 9.43012600)",-9.210148,"(-0.48055770, 0.62061280)"
22.80087,"(-0.18737690,-0.07785699,0.09790823, -0.97429060)","(22.35628000,7.144204, 349.93650000)","(0.11501920,-0.3803647, 0.91765640)","(-22.35628000, 7.14420500)",-9.300054,"(-0.48698040, 0.61932240)"
22.81367,"(-0.18746860,-0.05833516,0.09486865, -0.97593670)","(22.14694000,4.848979, 349.84520000)","(0.07829307,-0.3769833, 0.92290510)","(-22.14694000, 4.84897900)",-9.398458,"(0.50658310, 0.61810850)"
22.82691,"(-0.18780050,-0.03931019,0.09197325, -0.97710110)","(21.97680000,2.612872, 349.75270000)","(0.04227481,-0.3742312, 0.92637130)","(-21.97680000, 2.61287100)",-9.495459,"(0.50024740, 0.61711970)"
22.84041,"(-0.18804230,-0.02052014,0.08902337, -0.97790280)","(21.80370000,0.4105677, 349.67590000)","(0.00665307,-0.3714277, 0.92843810)","(-21.80369000, 0.41056760)",-9.5783,"(0.49408600, 0.61613140)"
22.8536,"(-0.18799450,-0.00207504,0.08580828, -0.97841230)","(21.60640000,358.2617, 349.64400000)","(-0.02820249,-0.3682284, 0.92930750)","(-21.60640000, -1.73827100)",-9.621079,"(0.48810650, 0.61502950)"
22.86713,"(-0.18773980,0.01639131,0.08228144, -0.97862910)","(21.39269000,356.1217, 349.65510000)","(-0.06297703,-0.3647579, 0.92897020)","(-21.39268000, -3.87827900)",-9.625084,"(0.48223760, 0.61386390)"
22.88728,"(-0.18735990,0.03460143,0.07872628, -0.97851990)","(21.17530000,354.0157, 349.68080000)","(-0.09721667,-0.3612227, 0.92739800)","(-21.17531000, -5.98430800)",-9.615561,"(0.47647470, 0.61267200)"
22.89361,"(-0.18688160,0.05311337,0.07485823, -0.97808510)","(20.95412000,351.8817, 349.74300000)","(-0.13187800,-0.3576202, 0.92450850)","(-20.95412000, -8.11828300)",-9.571997,"(0.47069750, 0.61148110)"
22.90697,"(-0.18642120,0.07175761,0.07070352, -0.97729180)","(20.74618000,349.7368, 349.84060000)","(-0.16661750,-0.3542287, 0.92019600)","(-20.74618000, -10.26320000)",-9.49432,"(0.46492370, 0.61038080)"
22.92089,"(-0.18590900,0.09021934,0.06649372, -0.97615410)","(20.54566000,347.6136, 349.95290000)","(-0.20085950,-0.3509537, 0.91459660)","(-20.54566000, -12.38640000)",-9.402055,"(0.45925080, 0.60931350)"
22.934,"(-0.18532760,0.1086067,0.06224854, -0.97467090)","(20.34949000,345.498, 350.07520000)","(-0.23478440,-0.3477457, 0.90771650)","(-20.34949000, -14.50195000)",-9.299736,"(0.45358630, 0.60827370)"
22.94795,"(-0.18472320,0.1263672,0.05840229, -0.97288120)","(20.16148000,343.4462, 350.16640000)","(-0.26745700,-0.3446672, 0.89981740)","(-20.16148000, -16.55378000)",-9.225625,"(0.44807740, 0.60727470)"
22.96065,"(-0.18410030,0.1437939,0.05476099, -0.97078920)","(19.98028000,341.4265, 350.24310000)","(-0.29935020,-0.3416966, 0.89086070)","(-19.98028000, -18.57356000)",-9.164395,"(0.44262080, 0.60630330)"
22.97389,"(-0.18332540,0.1606613,0.05124827, -0.96847990)","(19.79322000,339.4696, 350.32240000)","(-0.32998470,-0.3386267, 0.88115950)","(-19.79322000, -20.53038000)",-9.100836,"(0.43732290, 0.60529720)"
22.98711,"(-0.18255140,0.1768324,0.04803105, -0.96597020)","(19.61459000,337.5863, 350.38370000)","(-0.35916590,-0.3356915, 0.87081060)","(-19.61459000, -22.41371000)",-9.053386,"(0.43222730, 0.60436470)"
23.001,"(-0.18190750,0.1925383,0.045145, -0.96322410)","(19.45407000,335.7454, 350.41420000)","(-0.38733940,-0.3330511, 0.85967730)","(-19.45407000, -24.25460000)",-9.033832,"(0.42719020, 0.60348120)"
23.01375,"(-0.18124400,0.2077031,0.04244205, -0.96031700)","(19.29747000,333.9618, 350.43650000)","(-0.41430630,-0.3304726, 0.84802010)","(-19.29746000, -26.03815000)",-9.021514,"(0.42231860, 0.60261480)"
23.02727,"(-0.18049640,0.2226278,0.03984704, -0.95722000)","(19.13575000,332.2016, 350.45540000)","(-0.44059200,-0.3278075, 0.83571580)","(-19.13575000, -27.79834000)",-9.01258,"(0.41747150, 0.60172460)"
23.04468,"(-0.17995200,0.2367518,0.0372975, -0.95403080)","(19.00793000,330.5287, 350.48000000)","(-0.46516060,-0.325699, 0.82313170)","(-19.00793000, -29.47126000)",-8.996454,"(0.41288760, 0.60104190)"
23.05322,"(-0.17927410,0.2504309,0.03464997, -0.95076000)","(18.87705000,328.9091, 350.53020000)","(-0.48862300,-0.3235384, 0.81029040)","(-18.87705000, -31.09090000)",-8.956203,"(0.40849760, 0.60032280)"
23.06705,"(-0.17867030,0.2637554,0.03226173, -0.94734850)","(18.75413000,327.321, 350.55570000)","(-0.51126490,-0.3215078, 0.79702010)","(-18.75413000, -32.67898000)",-8.938636,"(0.40413710, 0.59967670)"
23.08035,"(-0.17798380,0.2768768,0.03018201, -0.94379560)","(18.61741000,325.7485, 350.55400000)","(-0.53337400,-0.3192473, 0.78332200)","(-18.61741000, -34.25145000)",-8.947556,"(0.39980650, 0.59890650)"
23.09373,"(-0.17721920,0.2899891,0.02859263, -0.94004370)","(18.45770000,324.1647, 350.50110000)","(-0.55533920,-0.3166045, 0.76899940)","(-18.45770000, -35.83524000)",-9.006124,"(0.39536480, 0.59799740)"
23.10693,"(-0.17645810,0.3030044,0.02787471, -0.93609500)","(18.26851000,322.5729, 350.35350000)","(-0.57711930,-0.3134707, 0.75410180)","(-18.26852000, -37.42708000)",-9.155944,"(0.39075840, 0.59690030)"
23.12087,"(-0.17587860,0.3159486,0.02733287, -0.93193140)","(18.09189000,320.9773, 350.18240000)","(-0.59849930,-0.3105419, 0.73848650)","(-18.09189000, -39.02271000)",-9.327759,"(0.38614470, 0.59582090)"
23.13392,"(-0.17547330,0.3287295,0.02675845, -0.92759360)","(17.93533000,319.3924, 350.01230000)","(-0.61924560,-0.3079433, 0.72229210)","(-17.93533000, -40.60761000)",-9.497736,"(0.38152750, 0.59487770)"
23.14701,"(-0.17509100,0.3413206,0.02608165, -0.92312680)","(17.78571000,317.8258, 349.85770000)","(-0.63929780,-0.3054579, 0.70568670)","(-17.78571000, -42.17415000)",-9.652822,"(0.37699860, 0.59398000)"
23.16172,"(-0.17483420,0.3535777,0.02506763, -0.91857900)","(17.66622000,316.2964, 349.74170000)","(-0.65834340,-0.3034714, 0.68883170)","(-17.66622000, -43.70354000)",-9.76966,"(0.37261740, 0.59324960)"
23.17327,"(-0.17460070,0.3652286,0.0238057, -0.91408750)","(17.56645000,314.8398, 349.66360000)","(-0.67601480,-0.3018116, 0.67224530)","(-17.56645000, -45.16019000)",-9.849418,"(0.36847630, 0.59268780)"
23.18716,"(-0.17437290,0.376189,0.02244452, -0.90970990)","(17.47987000,313.4655, 349.60930000)","(-0.69227330,-0.3003708, 0.65615180)","(-17.47987000, -46.53447000)",-9.905897,"(0.36461260, 0.59215630)"
23.20568,"(-0.17412810,0.3860735,0.02132597, -0.90563340)","(17.39308000,312.2199, 349.55030000)","(-0.70670900,-0.2989256, 0.64125340)","(-17.39308000, -47.78004000)",-9.966913,"(0.36108060, 0.59166670)"
23.21364,"(-0.17383270,0.3949625,0.02038682, -0.90187090)","(17.30423000,311.0962, 349.49390000)","(-0.71949820,-0.2974453, 0.62757350)","(-17.30423000, -48.90384000)",-10.02554,"(0.35791190, 0.59113950)"
23.22723,"(-0.17323550,0.4024134,0.01963439, -0.89870320)","(17.19186000,310.1597, 349.46200000)","(-0.73010310,-0.2955723, 0.61610590)","(-17.19186000, -49.84027000)",-10.0621,"(0.35528610, 0.59049250)"
23.23975,"(-0.17245650,0.4085882,0.01908482, -0.89607490)","(17.06595000,309.3881, 349.44400000)","(-0.73883380,-0.2934723, 0.60662890)","(-17.06595000, -50.61186000)",-10.08623,"(0.35313270, 0.58981130)"
23.25311,"(-0.17175130,0.4128499,0.01884637, -0.89426020)","(16.95492000,308.8573, 349.42640000)","(-0.74486420,-0.2916192, 0.60011290)","(-16.95492000, -51.14273000)",-10.10902,"(0.35167920, 0.58920220)"
23.26704,"(-0.17147950,0.4153114,0.01872724, -0.89317440)","(16.90387000,308.5462, 349.40700000)","(-0.74831380,-0.2907669, 0.59622240)","(-16.90387000, -51.45375000)",-10.13034,"(0.35079900, 0.58889480)"
23.2807,"(-0.17163490,0.4160224,0.01880329, -0.89281200)","(16.90767000,308.4485, 349.37660000)","(-0.74931420,-0.2908302, 0.59493360)","(-16.90766000, -51.55145000)",-10.15918,"(0.35048440, 0.58889600)"
23.29389,"(-0.17214720,0.4153322,0.01924609, -0.89302520)","(16.94637000,308.5188, 349.31420000)","(-0.74843060,-0.2914765, 0.59572900)","(-16.94637000, -51.48123000)",-10.21669,"(0.35058580, 0.58907990)"
23.3069,"(-0.17281600,0.4126357,0.02009867, -0.89412670)","(17.00480000,308.8403, 349.23830000)","(-0.74484380,-0.2924519, 0.59973290)","(-17.00481000, -51.15970000)",-10.28599,"(0.35136920, 0.58938560)"
23.32076,"(-0.17318810,0.4083817,0.02073985, -0.89599110)","(17.06224000,309.3741, 349.23140000)","(-0.73899660,-0.2934104, 0.60646050)","(-17.06224000, -50.62585000)",-10.28933,"(0.35279860, 0.58969320)"
23.33368,"(-0.17334360,0.4032695,0.0212828, -0.89826100)","(17.11258000,310.0251, 349.26360000)","(-0.73186090,-0.2942502, 0.61465140)","(-17.11258000, -49.97487000)",-10.2558,"(0.35465310, 0.58996120)"
23.34764,"(-0.17354910,0.3968734,0.02155804, -0.90105910)","(17.19618000,310.8422, 349.34650000)","(-0.72269550,-0.2956444, 0.62474440)","(-17.19618000, -49.15776000)",-10.17202,"(0.35702730, 0.59046300)"
23.36717,"(-0.17398720,0.3898122,0.02160782, -0.90405090)","(17.32194000,311.7394, 349.45460000)","(-0.71233900,-0.2977405, 0.63554980)","(-17.32195000, -48.26062000)",-10.06199,"(0.35964210, 0.59124920)"
23.37385,"(-0.17443690,0.3821902,0.02156663, -0.90721400)","(17.45869000,312.707, 349.58390000)","(-0.70098070,-0.3000181, 0.64700480)","(-17.45869000, -47.29301000)",-9.931295,"(0.36247140, 0.59202860)"
23.38691,"(-0.17511710,0.3737012,0.02161778, -0.91061190)","(17.62407000,313.7755, 349.70950000)","(-0.68816490,-0.3027703, 0.65936270)","(-17.62407000, -46.22446000)",-9.802571,"(0.36558010, 0.59300700)"
23.40057,"(-0.17565220,0.3644783,0.02168497, -0.91423830)","(17.78033000,314.9381, 349.85700000)","(-0.67405810,-0.3053685, 0.67260370)","(-17.78033000, -45.06188000)",-9.653719,"(0.36898140, 0.59395440)"
23.4137,"(-0.17631780,0.3549446,0.02175115, -0.91785250)","(17.95239000,316.1333, 350.00600000)","(-0.65924380,-0.3082266, 0.68585270)","(-17.95239000, -43.86671000)",-9.502744,"(0.37246480, 0.59496160)"
23.42671,"(-0.17690290,0.345063,0.02163558, -0.92150350)","(18.12566000,317.3737, 350.18800000)","(-0.64360830,-0.311102, 0.69927380)","(-18.12566000, -42.62632000)",-9.320677,"(0.37614800, 0.59604200)"
23.44066,"(-0.17758360,0.3351997,0.02108054, -0.92501940)","(18.32485000,318.6126, 350.41590000)","(-0.62761950,-0.3144042, 0.71221040)","(-18.32485000, -41.38739000)",-9.093838,"(0.37984470, 0.59721840)"
23.45411,"(-0.17835090,0.3260501,0.02003904, -0.92815980)","(18.54256000,319.7643, 350.68240000)","(-0.61240120,-0.3180089, 0.72376450)","(-18.54255000, -40.23567000)",-8.829885,"(0.38337460, 0.59855490)"
23.46707,"(-0.17936670,0.3174037,0.0182905, -0.93099300)","(18.80615000,320.8566, 351.01000000)","(-0.59756270,-0.3223673, 0.73416490)","(-18.80615000, -39.14336000)",-8.506392,"(0.38683250, 0.60015880)"
23.4807,"(-0.18061600,0.3094657,0.01626438, -0.93345830)","(19.09457000,321.8587, 351.34820000)","(-0.58362190,-0.3271284, 0.74321760)","(-19.09457000, -38.14127000)",-8.172482,"(0.39001630, 0.60188650)"
23.49335,"(-0.18174260,0.301427,0.01450501, -0.93589580)","(19.35620000,322.8719, 351.66820000)","(-0.56948090,-0.3314399, 0.75222270)","(-19.35620000, -37.12806000)",-7.857778,"(0.39325020, 0.60345640)"
23.50695,"(-0.18263070,0.292686,0.01320802, -0.93851290)","(19.57685000,323.9702, 351.96490000)","(-0.55420350,-0.335071, 0.76196190)","(-19.57685000, -36.02980000)",-7.567738,"(0.39669130, 0.60481780)"
23.52641,"(-0.18315910,0.2832944,0.01223576, -0.94130090)","(19.74795000,325.1508, 352.25670000)","(-0.53781280,-0.337883, 0.77239400)","(-19.74795000, -34.84924000)",-7.285346,"(0.40034830, 0.60585470)"
23.53365,"(-0.18368460,0.2733082,0.01124783, -0.94415890)","(19.91993000,326.4042, 352.56590000)","(-0.52022480,-0.3407066, 0.78312520)","(-19.91993000, -33.59582000)",-6.987047,"(0.40425860, 0.60694040)"
23.54737,"(-0.18484130,0.2629827,0.01024308, -0.94687320)","(20.16075000,327.6858, 352.86370000)","(-0.50180920,-0.3446551, 0.79334760)","(-20.16075000, -32.31422000)",-6.696941,"(0.40820460, 0.60837690)"
23.56021,"(-0.18651470,0.2527167,0.00899158, -0.94935010)","(20.46230000,328.9538, 353.17470000)","(-0.48318730,-0.3495909, 0.80269310)","(-20.46230000, -31.04616000)",-6.392736,"(0.41212620, 0.61013540)"
23.57503,"(-0.18860280,0.2426077,0.00771051, -0.95158340)","(20.80578000,330.1954, 353.47740000)","(-0.46463140,-0.3552013, 0.81114100)","(-20.80578000, -29.80460000)",-6.095579,"(0.41596260, 0.61216880)"
23.58687,"(-0.19017880,0.2325392,0.00655825, -0.95378960)","(21.08368000,331.4395, 353.78830000)","(-0.44608130,-0.3597311, 0.81951510)","(-21.08368000, -28.56049000)",-5.794372,"(0.41985020, 0.61378230)"
23.60079,"(-0.19083590,0.2220726,0.00570043, -0.95615530)","(21.24801000,332.7431, 354.10890000)","(-0.42684740,-0.3624056, 0.82853090)","(-21.24801000, -27.25688000)",-5.489301,"(0.42390290, 0.61480400)"
23.61405,"(-0.19105910,0.2114807,0.0049753, -0.95851320)","(21.35596000,334.0654, 354.43300000)","(-0.40731520,-0.364161, 0.83754470)","(-21.35596000, -25.93461000)",-5.183646,"(0.42809090, 0.61549830)"
23.62693,"(-0.19094150,0.2012068,0.00454427, -0.96074790)","(21.41155000,335.3456, 354.72630000)","(-0.38835340,-0.3650645, 0.84611440)","(-21.41155000, -24.65439000)",-4.908718,"(0.43203500, 0.61586430)"
23.64032,"(-0.19070710,0.1916916,0.00388188, -0.96274090)","(21.45158000,336.5367, 355.03270000)","(-0.37057930,-0.3657148, 0.85377030)","(-21.45158000, -23.46327000)",-4.622325,"(0.43580110, 0.61616830)"
23.65387,"(-0.19058030,0.1832558,0.00292157, -0.96441070)","(21.50144000,337.598, 355.34640000)","(-0.35458140,-0.3665246, 0.86019290)","(-21.50144000, -22.40202000)",-4.32907,"(0.43922770, 0.61651970)"
23.6672,"(-0.19027220,0.1757396,0.00172405, -0.96587220)","(21.52772000,338.5526, 355.67160000)","(-0.34014000,-0.3669513, 0.86582420)","(-21.52772000, -21.44744000)",-4.025842,"(0.44235370, 0.61673780)"
23.68604,"(-0.18940030,0.1689171,0.00056137, -0.96726120)","(21.48204000,339.4272, 355.99010000)","(-0.32698650,-0.3662095, 0.87118910)","(-21.48204000, -20.57280000)",-3.730982,"(0.44528010, 0.61656090)"
23.69383,"(-0.18825320,0.1621859,-0.00065972, -0.96863620)","(21.40215000,340.2935, 356.31830000)","(-0.31394990,-0.3649117, 0.87651290)","(-21.40215000, -19.70653000)",-3.427541,"(0.44820230, 0.61617030)"
23.70713,"(-0.18710070,0.1561959,-0.00218321, -0.96984090)","(21.32132000,341.0736, 356.66360000)","(-0.30215340,-0.3635978, 0.88119230)","(-21.32132000, -18.92641000)",-3.10772,"(0.45086450, 0.61580660)"
23.72099,"(-0.18591950,0.151403,-0.00377473, -0.97082280)","(21.23123000,341.7073, 356.98860000)","(-0.29256730,-0.3621328, 0.88502220)","(-21.23123000, -18.29266000)",-2.806795,"(0.45314100, 0.61533140)"
23.73381,"(-0.18493340,0.1474036,-0.00531173, -0.97161910)","(21.15766000,342.2396, 357.28360000)","(-0.28447560,-0.3609355, 0.88814370)","(-21.15766000, -17.76045000)",-2.533119,"(0.45510140, 0.61497140)"
23.74684,"(-0.18405890,0.1445079,-0.00656096, -0.97221230)","(21.08698000,342.6287, 357.51600000)","(-0.27856960,-0.3597849, 0.89047960)","(-21.08698000, -17.37130000)",-2.317564,"(0.45651100, 0.61461160)"
23.76075,"(-0.18317250,0.1422181,-0.00754172, -0.97271010)","(21.00765000,342.9376, 357.70210000)","(-0.27391110,-0.3584927, 0.89244370)","(-21.00766000, -17.06243000)",-2.145027,"(0.45763270, 0.61421040)"
23.77493,"(-0.18226440,0.1401869,-0.00843088, -0.97316810)","(20.92292000,343.2125, 357.87140000)","(-0.26977760,-0.3571116, 0.89425460)","(-20.92292000, -16.78745000)",-1.9882,"(0.45865670, 0.61374140)"
23.78708,"(-0.18148210,0.1385523,-0.00911429, -0.97354220)","(20.84779000,343.4332, 358.00440000)","(-0.26646490,-0.3558865, 0.89573500)","(-20.84779000, -16.56678000)",-1.864981,"(0.45947600, 0.61332880)"
23.80085,"(-0.18095840,0.1371225,-0.00977717, -0.97383560)","(20.80134000,343.626, 358.12510000)","(-0.26353110,-0.3551289, 0.89690290)","(-20.80134000, -16.37403000)",-1.752453,"(0.46019840, 0.61307790)"
23.81375,"(-0.18082430,0.1362455,-0.01043007, -0.97397690)","(20.79832000,343.7479, 358.22500000)","(-0.26162780,-0.3550795, 0.89747950)","(-20.79832000, -16.25214000)",-1.6593,"(0.46068890, 0.61306830)"
23.82689,"(-0.18073210,0.1360111,-0.01100945, -0.97402040)","(20.79763000,343.7896, 358.30100000)","(-0.26097560,-0.3550684, 0.89767370)","(-20.79764000, -16.21043000)",-1.588315,"(0.46091960, 0.61307080)"
23.84559,"(-0.18056480,0.1361676,-0.01151032, -0.97402380)","(20.78630000,343.7826, 358.36030000)","(-0.26110430,-0.3548835, 0.89770950)","(-20.78630000, -16.21740000)",-1.53289,"(0.46099020, 0.61301280)"
23.8536,"(-0.18043530,0.1363593,-0.0116041, -0.97401980)","(20.77260000,343.7623, 358.36960000)","(-0.26144570,-0.3546598, 0.89769850)","(-20.77260000, -16.23767000)",-1.524184,"(0.46094870, 0.61293770)"
23.86735,"(-0.18019870,0.1365555,-0.01165366, -0.97403550)","(20.74581000,343.7414, 358.37540000)","(-0.26181990,-0.3542227, 0.89776200)","(-20.74581000, -16.25860000)",-1.519297,"(0.46090130, 0.61278980)"
23.88092,"(-0.17986080,0.1366767,-0.01155846, -0.97408210)","(20.70509000,343.7273, 358.36760000)","(-0.26211080,-0.3535579, 0.89793910)","(-20.70509000, -16.27266000)",-1.527006,"(0.46085340, 0.61256360)"
23.89375,"(-0.17959380,0.1369361,-0.01134434, -0.97409750)","(20.67034000,343.6934, 358.34120000)","(-0.26270340,-0.3529905, 0.89798920)","(-20.67034000, -16.30664000)",-1.552047,"(0.46072140, 0.61236910)"
23.90707,"(-0.17954550,0.1374656,-0.01102216, -0.97403550)","(20.65853000,343.6225, 358.29190000)","(-0.26383480,-0.3527977, 0.89773330)","(-20.65853000, -16.37753000)",-1.598264,"(0.46045010, 0.61230050)"
23.92089,"(-0.17987460,0.1383639,-0.01070732, -0.97385110)","(20.68961000,343.5038, 358.22840000)","(-0.26563970,-0.3533052, 0.89700110)","(-20.68961000, -16.49623000)",-1.657294,"(0.46002050, 0.61246920)"
23.93398,"(-0.18042300,0.1393089,-0.01055054, -0.97361660)","(20.74842000,343.3808, 358.17850000)","(-0.26745980,-0.3542653, 0.89608110)","(-20.74842000, -16.61916000)",-1.703298,"(0.45959810, 0.61279370)"
23.94729,"(-0.18109760,0.1402567,-0.01054118, -0.97335540)","(20.82419000,343.2595, 358.14350000)","(-0.26922120,-0.3555016, 0.89506350)","(-20.82419000, -16.74047000)",-1.73517,"(0.45920240, 0.61321410)"
23.96097,"(-0.18168640,0.1412459,-0.01067369, -0.97310110)","(20.89238000,343.1368, 358.12600000)","(-0.27101450,-0.3566138, 0.89407930)","(-20.89238000, -16.86317000)",-1.750777,"(0.45883030, 0.61359470)"
23.9752,"(-0.18219220,0.1422212,-0.0111134, -0.97285950)","(20.95631000,343.023, 358.14680000)","(-0.27267300,-0.357656, 0.89315830)","(-20.95631000, -16.97695000)",-1.73054,"(0.45854160, 0.61395480)"
23.98709,"(-0.18269000,0.1433467,-0.01221296, -0.97258780)","(21.03053000,342.9052, 358.24290000)","(-0.27437210,-0.3588654, 0.89215220)","(-21.03053000, -17.09474000)",-1.639963,"(0.45835540, 0.61437740)"
24.00654,"(-0.18310620,0.144781,-0.01366271, -0.97227770)","(21.10120000,342.7581, 358.37520000)","(-0.27653120,-0.3600163, 0.89102110)","(-21.10120000, -17.24190000)",-1.515687,"(0.45814310, 0.61478320)"
24.01412,"(-0.18336740,0.1462647,-0.01546588, -0.97197930)","(21.16057000,342.6139, 358.55140000)","(-0.27866060,-0.3609829, 0.88996610)","(-21.16057000, -17.38605000)",-1.351036,"(0.45800640, 0.61512790)"
24.02685,"(-0.18353700,0.1476559,-0.01737818, -0.97170460)","(21.21198000,342.4843, 358.74440000)","(-0.28057680,-0.3618195, 0.88902380)","(-21.21198000, -17.51575000)",-1.170527,"(0.45793600, 0.61542680)"
24.03982,"(-0.18340450,0.1488715,-0.0192168, -0.97150950)","(21.22800000,342.3769, 358.93850000)","(-0.28221130,-0.3620801, 0.88840010)","(-21.22800000, -17.62309000)",-0.9893272,"(0.45793050, 0.61552670)"
24.05377,"(-0.18305820,0.1499118,-0.02101403, -0.97137770)","(21.21925000,342.2917, 359.13580000)","(-0.28354840,-0.3619378, 0.88803230)","(-21.21925000, -17.70827000)",-0.8055148,"(0.45799180, 0.61548640)"
24.06704,"(-0.18271550,0.1508092,-0.02258682, -0.97126800)","(21.20734000,342.219, 359.30950000)","(-0.28469840,-0.361744, 0.88774330)","(-21.20734000, -17.78099000)",-0.6434618,"(0.45805200, 0.61542580)"
24.07985,"(-0.18249270,0.1516521,-0.02407657, -0.97114280)","(21.20804000,342.1501, 359.47220000)","(-0.28576410,-0.3617555, 0.88739620)","(-21.20804000, -17.84987000)",-0.4917827,"(0.45810620, 0.61543360)"
24.09336,"(-0.18238270,0.1524788,-0.02543269, -0.97099950)","(21.21957000,342.0794, 359.61720000)","(-0.28683670,-0.361943, 0.88697350)","(-21.21957000, -17.92059000)",-0.3571801,"(0.45812850, 0.61550030)"
24.10655,"(-0.18222170,0.1533784,-0.02677081, -0.97085200)","(21.22509000,341.9997, 359.75920000)","(-0.28805900,-0.3620328, 0.88654060)","(-21.22509000, -18.00027000)",-0.2238118,"(0.45812170, 0.61553320)"
24.12106,"(-0.18172940,0.1543117,-0.02788, -0.97076520)","(21.18851000,341.9133, 359.87980000)","(-0.28946750,-0.3614376, 0.88632460)","(-21.18851000, -18.08668000)",-0.1101434,"(0.45806370, 0.61533270)"
24.13387,"(-0.18098110,0.1550326,-0.02884003, -0.97076210)","(21.11994000,341.8513, 359.99250000)","(-0.29056060,-0.3603215, 0.88642140)","(-21.11994000, -18.14866000)",0,"(0.45806110, 0.61495320)"
24.14748,"(-0.18003370,0.155768,-0.02940426, -0.97080360)","(21.02131000,341.7803, 0.06166201)","(-0.29185270,-0.3587151, 0.88664850)","(-21.02131000, -18.21968000)",0.05595291,"(0.45796420, 0.61441530)"
24.16611,"(-0.17910970,0.1563996,-0.02974148, -0.97086270)","(20.92128000,341.7168, 0.10577480)","(-0.29303120,-0.3570849, 0.88691780)","(-20.92128000, -18.28318000)",0.09691329,"(0.45785570, 0.61385620)"
24.17488,"(-0.17821240,0.1571671,-0.02985794, -0.97090030)","(20.82030000,341.6318, 0.12014180)","(-0.29454500,-0.3554382, 0.88707770)","(-20.82030000, -18.36821000)",0.1119058,"(0.45764370, 0.61329020)"
24.18729,"(-0.17725230,0.1576856,-0.02972037, -0.97099620)","(20.70740000,341.5722, 0.11126370)","(-0.29568820,-0.3535956, 0.88743380)","(-20.70740000, -18.42780000)",0.1027921,"(0.45746620, 0.61265870)"
24.20069,"(-0.17625650,0.1583903,-0.02900861, -0.97108430)","(20.57965000,341.4781, 0.03090512)","(-0.29739480,-0.3515091, 0.88769230)","(-20.57965000, -18.52188000)",0.01978234,"(0.45708690, 0.61194260)"
24.21384,"(-0.17535310,0.1590324,-0.02806732, -0.97117050)","(20.45813000,341.3864, 359.92310000)","(-0.29905180,-0.3495228, 0.88792000)","(-20.45813000, -18.61354000)",-0.07132626,"(0.45667270, 0.61126150)"
24.22691,"(-0.17440510,0.1598672,-0.02680808, -0.97123970)","(20.32530000,341.2653, 359.77460000)","(-0.30118790,-0.3473498, 0.88805070)","(-20.32530000, -18.73468000)",-0.2112177,"(0.45611530, 0.61051670)"
24.2401,"(-0.17365120,0.1608727,-0.02574761, -0.97123760)","(20.21826000,341.1264, 359.64230000)","(-0.30354910,-0.3455973, 0.88793050)","(-20.21826000, -18.87358000)",-0.3351346,"(0.45553210, 0.60991670)"
24.25406,"(-0.17288270,0.162209,-0.02477337, -0.97117770)","(20.11079000,340.9494, 359.51390000)","(-0.30650170,-0.3438366, 0.88759960)","(-20.11080000, -19.05057000)",-0.456712,"(0.45484720, 0.60931590)"
24.26709,"(-0.17234910,0.1637343,-0.0238726, -0.97103910)","(20.03127000,340.7494, 359.38550000)","(-0.30975590,-0.3425329, 0.88697370)","(-20.03127000, -19.25062000)",-0.577091,"(0.45409770, 0.60887310)"
24.28049,"(-0.17211820,0.1653147,-0.02299019, -0.97083360)","(19.98643000,340.5408, 359.25200000)","(-0.31307200,-0.3417976, 0.88609270)","(-19.98643000, -19.45920000)",-0.7027649,"(0.45332570, 0.60863040)"
24.29338,"(-0.17218820,0.1669599,-0.02199695, -0.97056270)","(19.97342000,340.3197, 359.09780000)","(-0.31651480,-0.3415841, 0.88495120)","(-19.97342000, -19.68028000)",-0.8478836,"(0.45248340, 0.60857460)"
24.30725,"(-0.17258030,0.1686915,-0.02091298, -0.97021750)","(19.99491000,340.0835, 358.92410000)","(-0.32011660,-0.3419366, 0.88351840)","(-19.99491000, -19.91648000)",-1.011237,"(0.45159800, 0.60867890)"
24.32629,"(-0.17333640,0.1702994,-0.01970435, -0.96982700)","(20.05511000,339.8565, 358.73010000)","(-0.32349090,-0.3429238, 0.88190530)","(-20.05511000, -20.14350000)",-1.192882,"(0.45066930, 0.60898720)"
24.334,"(-0.17440910,0.1719466,-0.0185445, -0.96936680)","(20.15189000,339.6223, 358.53350000)","(-0.32689010,-0.34451, 0.88003160)","(-20.15189000, -20.37765000)",-1.376435,"(0.44971510, 0.60950090)"
24.34704,"(-0.17584450,0.1736881,-0.01741762, -0.96881770)","(20.29006000,339.3733, 358.33000000)","(-0.33041860,-0.3467729, 0.87782230)","(-20.29006000, -20.62670000)",-1.56648,"(0.44870780, 0.61024680)"
24.36092,"(-0.17749670,0.1757395,-0.01656752, -0.96816120)","(20.45760000,339.089, 358.14640000)","(-0.33440690,-0.349514, 0.87522110)","(-20.45760000, -20.91100000)",-1.736636,"(0.44763360, 0.61116170)"
24.37374,"(-0.17921060,0.1779982,-0.0159134, -0.96744350)","(20.63524000,338.7817, 357.97870000)","(-0.33870280,-0.3524174, 0.87240040)","(-20.63524000, -21.21832000)",-1.891447,"(0.44652130, 0.61213930)"
24.38893,"(-0.18091950,0.1806136,-0.01551138, -0.96664690)","(20.81635000,338.4348, 357.83170000)","(-0.34356650,-0.3553737, 0.86929370)","(-20.81635000, -21.56516000)",-2.026613,"(0.44533900, 0.61314810)"
24.40094,"(-0.18240680,0.1835778,-0.0153302, -0.96581160)","(20.97556000,338.0511, 357.70690000)","(-0.34901040,-0.3579698, 0.86605390)","(-20.97556000, -21.94890000)",-2.140918,"(0.44407210, 0.61401870)"
24.4143,"(-0.18380550,0.1868989,-0.01528943, -0.96490960)","(21.12639000,337.6264, 357.59150000)","(-0.35506060,-0.3604265, 0.86256870)","(-21.12639000, -22.37362000)",-2.246638,"(0.44270560, 0.61482390)"
24.42703,"(-0.18497010,0.190801,-0.01555009, -0.96391870)","(21.25541000,337.1382, 357.50280000)","(-0.36208070,-0.3625261, 0.85876210)","(-21.25541000, -22.86179000)",-2.327256,"(0.44121020, 0.61552160)"
24.44052,"(-0.18603790,0.195304,-0.01601006, -0.96280320)","(21.37616000,336.5803, 357.42480000)","(-0.37012160,-0.3644894, 0.85449250)","(-21.37617000, -23.41975000)",-2.397922,"(0.43954380, 0.61618950)"
24.45415,"(-0.18705040,0.2005618,-0.01680814, -0.96151160)","(21.49650000,335.9357, 357.36910000)","(-0.37939710,-0.3664444, 0.84957420)","(-21.49650000, -24.06426000)",-2.447686,"(0.43767790, 0.61687920)"
24.46721,"(-0.18793650,0.2064612,-0.01774197, -0.96007230)","(21.60412000,335.2148, 357.31610000)","(-0.38976670,-0.3681914, 0.84410720)","(-21.60412000, -24.78514000)",-2.495126,"(0.43556000, 0.61744640)"
24.48654,"(-0.18868210,0.2131924,-0.01882592, -0.95843290)","(21.69744000,334.3942, 357.26320000)","(-0.40155710,-0.3697053, 0.83789610)","(-21.69744000, -25.60581000)",-2.542682,"(0.43319500, 0.61794140)"
24.49334,"(-0.18929270,0.2206676,-0.02004592, -0.95659400)","(21.77727000,333.4837, 357.21070000)","(-0.41458960,-0.3709995, 0.83094810)","(-21.77728000, -26.51624000)",-2.590045,"(0.43058520, 0.61839740)"
24.5071,"(-0.18974190,0.2288677,-0.02116919, -0.95455190)","(21.83451000,332.4808, 357.13250000)","(-0.42889890,-0.3719269, 0.82323520)","(-21.83450000, -27.51915000)",-2.661608,"(0.42767260, 0.61869280)"
24.52073,"(-0.18981650,0.2379899,-0.02232498, -0.95227730)","(21.84779000,331.3663, 357.04620000)","(-0.44478940,-0.3721421, 0.81466100)","(-21.84779000, -28.63370000)",-2.741454,"(0.42444240, 0.61874780)"
24.53379,"(-0.18942740,0.248127,-0.02354568, -0.94973460)","(21.80792000,330.1302, 356.95740000)","(-0.46238930,-0.3714962, 0.80510040)","(-21.80792000, -29.86983000)",-2.824661,"(0.42089950, 0.61854310)"
24.54703,"(-0.18861790,0.2591147,-0.02489803, -0.94692290)","(21.72277000,328.7934, 356.87800000)","(-0.48133080,-0.370116, 0.79456580)","(-21.72277000, -31.20658000)",-2.900093,"(0.41705930, 0.61803570)"
24.56092,"(-0.18750050,0.2713812,-0.02633761, -0.94366420)","(21.60280000,327.2988, 356.79010000)","(-0.50230880,-0.3681701, 0.78239170)","(-21.60280000, -32.70115000)",-2.984128,"(0.41278890, 0.61736450)"
24.57419,"(-0.18614040,0.2850131,-0.02808755, -0.93985660)","(21.46305000,325.6375, 356.71620000)","(-0.52528640,-0.3659012, 0.76823860)","(-21.46305000, -34.36253000)",-3.055822,"(0.40806120, 0.61658640)"
24.58813,"(-0.18455040,0.2998225,-0.02993975, -0.93549520)","(21.29963000,323.8266, 356.63740000)","(-0.54991430,-0.3632452, 0.75209520)","(-21.29963000, -36.17339000)",-3.132629,"(0.40294340, 0.61564540)"
24.60118,"(-0.18293840,0.3165064,-0.03186698, -0.93023750)","(21.13242000,321.7709, 356.52630000)","(-0.57719280,-0.3605246, 0.73271450)","(-21.13242000, -38.22913000)",-3.239786,"(0.39706840, 0.61468700)"
24.61381,"(-0.18137290,0.3340407,-0.0337843, -0.92432640)","(20.96921000,319.5941, 356.39480000)","(-0.60527010,-0.3578662, 0.71104140)","(-20.96921000, -40.40591000)",-3.366157,"(0.39085220, 0.61378800)"
24.62704,"(-0.17963460,0.3519555,-0.03551728, -0.91793100)","(20.78028000,317.3552, 356.24430000)","(-0.63338150,-0.3547853, 0.68771740)","(-20.78029000, -42.64479000)",-3.511065,"(0.38439530, 0.61272190)"
24.64555,"(-0.17783450,0.3702743,-0.03711496, -0.91098540)","(20.57876000,315.0482, 356.07560000)","(-0.66142830,-0.3514946, 0.66254370)","(-20.57876000, -44.95173000)",-3.673651,"(0.37776240, 0.61154990)"
24.65399,"(-0.17601640,0.3884518,-0.03868711, -0.90367400)","(20.37598000,312.7433, 355.91210000)","(-0.68844840,-0.3481791, 0.63624690)","(-20.37598000, -47.25665000)",-3.831752,"(0.37115290, 0.61038950)"
24.66733,"(-0.17431050,0.4069603,-0.04054744, -0.89574280)","(20.19871000,310.3789, 355.76930000)","(-0.71492780,-0.3452771, 0.60799840)","(-20.19871000, -49.62105000)",-3.970001,"(0.36440880, 0.60938780)"
24.68036,"(-0.17256270,0.4253074,-0.04252954, -0.88742720)","(20.02620000,308.0182, 355.64770000)","(-0.74018070,-0.3424499, 0.57867150)","(-20.02620000, -51.98179000)",-4.088686,"(0.35768940, 0.60841200)"
24.69361,"(-0.17113330,0.4436709,-0.04470709, -0.87856180)","(19.89959000,305.6281, 355.52910000)","(-0.76428280,-0.3403728, 0.54773910)","(-19.89959000, -54.37194000)",-4.203422,"(0.35086760, 0.60767950)"
24.70722,"(-0.16970910,0.461867,-0.04691537, -0.86929660)","(19.77896000,303.2361, 355.41640000)","(-0.78707500,-0.3383923, 0.51575540)","(-19.77896000, -56.76394000)",-4.312661,"(0.34404640, 0.60698930)"
24.72086,"(-0.16870360,0.4796297,-0.04912856, -0.85969810)","(19.70609000,300.8662, 355.28660000)","(-0.80809710,-0.3371953, 0.48298890)","(-19.70609000, -59.13380000)",-4.436766,"(0.33730870, 0.60653610)"
24.7339,"(-0.16765800,0.496875,-0.0511664, -0.84993410)","(19.62381000,298.5393, 355.15010000)","(-0.82746520,-0.3358431, 0.45001200)","(-19.62382000, -61.46070000)",-4.56746,"(0.33067060, 0.60603870)"
24.74729,"(-0.16691040,0.5130895,-0.05315948, -0.84027030)","(19.57563000,296.3203, 355.01070000)","(-0.84452190,-0.3350509, 0.41776020)","(-19.57563000, -63.67975000)",-4.700238,"(0.32429280, 0.60574920)"
24.76096,"(-0.16597840,0.5288438,-0.0550824, -0.83050670)","(19.50884000,294.1441, 354.88350000)","(-0.86013160,-0.3339523, 0.38555090)","(-19.50884000, -65.85587000)",-4.821986,"(0.31804140, 0.60536180)"
24.77424,"(-0.16491970,0.543727,-0.05673869, -0.82094040)","(19.41932000,292.0674, 354.75680000)","(-0.87402030,-0.3324792, 0.35432490)","(-19.41932000, -67.93253000)",-4.944111,"(0.31213130, 0.60482650)"
24.78903,"(-0.16392000,0.5577276,-0.05840617, -0.81157800)","(19.34267000,290.0922, 354.64590000)","(-0.88613100,-0.3312172, 0.32414040)","(-19.34267000, -69.90784000)",-5.051018,"(0.30650180, 0.60437760)"
24.80681,"(-0.16306990,0.5706533,-0.05981747, -0.80261130)","(19.27081000,288.2442, 354.52330000)","(-0.89651670,-0.3300336, 0.29552600)","(-19.27081000, -71.75581000)",-5.168921,"(0.30119160, 0.60397360)"
24.81392,"(-0.16224440,0.5825793,-0.06105447, -0.79407210)","(19.19630000,286.5211, 354.40490000)","(-0.90540830,-0.3288056, 0.26855630)","(-19.19630000, -73.47894000)",-5.28309,"(0.29624740, 0.60350970)"
24.82762,"(-0.16146120,0.5936464,-0.06215178, -0.78590800)","(19.12193000,284.9052, 354.28960000)","(-0.91303280,-0.3275796, 0.24302840)","(-19.12193000, -75.09477000)",-5.394304,"(0.29157790, 0.60306020)"
24.84064,"(-0.16057770,0.6041718,-0.06300576, -0.77795980)","(19.02487000,283.356, 354.17170000)","(-0.91980810,-0.3259786, 0.21838240)","(-19.02488000, -76.64403000)",-5.508973,"(0.28714200, 0.60248300)"
24.85319,"(-0.15951980,0.613808,-0.06351655, -0.77055750)","(18.89363000,281.9305, 354.05810000)","(-0.92568450,-0.3238122, 0.19558630)","(-18.89363000, -78.06954000)",-5.620717,"(0.28303800, 0.60173390)"
24.86679,"(-0.15861200,0.622991,-0.0639922, -0.76330170)","(18.77610000,280.5561, 353.94090000)","(-0.93076030,-0.3218708, 0.17344900)","(-18.77610000, -79.44391000)",-5.735555,"(0.27906350, 0.60105350)"
24.88046,"(-0.15782920,0.6313521,-0.06417568, -0.75654870)","(18.65360000,279.2911, 353.80840000)","(-0.93503970,-0.3198458, 0.15296890)","(-18.65360000, -80.70894000)",-5.865147,"(0.27535750, 0.60032530)"
24.89361,"(-0.15721300,0.6388704,-0.06423316, -0.75033510)","(18.54191000,278.1409, 353.67280000)","(-0.93853720,-0.3179982, 0.13425730)","(-18.54191000, -81.85909000)",-5.997473,"(0.27200160, 0.59966960)"
24.90716,"(-0.15636370,0.6459438,-0.06474634, -0.74438900)","(18.44752000,277.0613, 353.60780000)","(-0.94141890,-0.3164359, 0.11661410)","(-18.44752000, -82.93871000)",-6.062395,"(0.26891800, 0.59913070)"
24.92094,"(-0.15496510,0.652679,-0.06596833, -0.73867730)","(18.36387000,276.0477, 353.65870000)","(-0.94379270,-0.3150506, 0.09999181)","(-18.36387000, -83.95226000)",-6.017117,"(0.26619390, 0.59867450)"
24.93399,"(-0.15301050,0.6592951,-0.06785695, -0.73301650)","(18.28802000,275.0655, 353.81620000)","(-0.94578270,-0.313794, 0.08383556)","(-18.28802000, -84.93446000)",-5.870325,"(0.26369680, 0.59831230)"
24.94748,"(-0.15091640,0.6654698,-0.06985918, -0.72766330)","(18.21665000,274.1505, 354.00590000)","(-0.94739010,-0.312611, 0.06874844)","(-18.21665000, -85.84954000)",-5.692645,"(0.26142140, 0.59796150)"
24.96579,"(-0.14909760,0.671233,-0.07170172, -0.72254760)","(18.16276000,273.2841, 354.16840000)","(-0.94861440,-0.3117174, 0.05443231)","(-18.16276000, -86.71592000)",-5.540083,"(0.25925790, 0.59771480)"
24.974,"(-0.14752420,0.6765481,-0.07315788, -0.71775150)","(18.10510000,272.4746, 354.28830000)","(-0.94960170,-0.3107611, 0.04103868)","(-18.10510000, -87.52541000)",-5.428056,"(0.25720200, 0.59742360)"
24.98758,"(-0.14639550,0.6815124,-0.07454282, -0.71312880)","(18.08342000,271.701, 354.37210000)","(-0.95018670,-0.3104014, 0.02821851)","(-18.08343000, -88.29893000)",-5.349069,"(0.25517680, 0.59732540)"
25.00233,"(-0.14521420,0.6862634,-0.07588236, -0.70865890)","(18.05713000,270.9589, 354.46150000)","(-0.95061490,-0.3099652, 0.01591083)","(-18.05713000, -89.04111000)",-5.264884,"(0.25323100, 0.59720990)"
25.01401,"(-0.14407210,0.6908036,-0.07705627, -0.70434080)","(18.02387000,270.2451, 354.53870000)","(-0.95091900,-0.3094133, 0.00406708)","(-18.02387000, -89.75495000)",-5.192559,"(0.25135020, 0.59703390)"
25.02694,"(-0.14303200,0.695121,-0.07831301, -0.70015400)","(18.00879000,269.56, 354.61880000)","(-0.95098110,-0.3091629, -0.00730285)","(-18.00879000, -90.43999000)",-5.116803,"(0.24957360, 0.59698100)"
25.04036,"(-0.14221480,0.6992059,-0.07953629, -0.69610350)","(18.01204000,268.9017, 354.68180000)","(-0.95081690,-0.3092169, -0.01822801)","(-18.01204000, -91.09827000)",-5.056794,"(0.24784850, 0.59701140)"
25.0541,"(-0.14156020,0.7031435,-0.08086403, -0.69210610)","(18.03918000,268.2583, 354.74170000)","(-0.95040570,-0.3096673, -0.02890024)","(-18.03918000, -91.74174000)",-4.999162,"(0.24614520, 0.59717130)"
25.06675,"(-0.14110220,0.7069044,-0.08227655, -0.68819110)","(18.09141000,267.6337, 354.79420000)","(-0.94975180,-0.3105339, -0.03924718)","(-18.09141000, -92.36633000)",-4.947716,"(0.24446790, 0.59748480)"
25.08075,"(-0.14095870,0.7103601,-0.08368431, -0.68448250)","(18.17132000,267.0461, 354.82490000)","(-0.94886600,-0.3118595, -0.04896168)","(-18.17132000, -92.95386000)",-4.916415,"(0.24286830, 0.59793040)"
25.09392,"(-0.14101470,0.713632,-0.08491638, -0.68090630)","(18.25421000,266.4797, 354.82710000)","(-0.94788420,-0.3132337, -0.05831175)","(-18.25422000, -93.52028000)",-4.91199,"(0.24129380, 0.59838350)"
25.10745,"(-0.14135590,0.716691,-0.0862506, -0.67744620)","(18.37000000,265.9362, 354.81560000)","(-0.94665510,-0.3151521, -0.06725501)","(-18.37000000, -94.06375000)",-4.919522,"(0.23976560, 0.59903130)"
25.12606,"(-0.14188220,0.719615,-0.08768184, -0.67404420)","(18.50963000,265.4059, 354.79670000)","(-0.94522370,-0.3174641, -0.07595274)","(-18.50963000, -94.59409000)",-4.933401,"(0.23823060, 0.59980830)"
25.13409,"(-0.14266200,0.7223358,-0.08928066, -0.67075150)","(18.68486000,264.8979, 354.77120000)","(-0.94354180,-0.3203627, -0.08424298)","(-18.68486000, -95.10206000)",-4.952465,"(0.23675930, 0.60075920)"
25.14755,"(-0.14359470,0.7248365,-0.09102521, -0.66761300)","(18.88612000,264.4192, 354.74690000)","(-0.94167910,-0.3236882, -0.09201489)","(-18.88612000, -95.58086000)",-4.969486,"(0.23537660, 0.60186820)"
25.17035,"(-0.14469800,0.727107,-0.09277628, -0.66465810)","(19.10292000,263.9712, 354.71160000)","(-0.93970610,-0.327266, -0.09924439)","(-19.10292000, -96.02879000)",-4.99634,"(0.23407290, 0.60307240)"
25.17728,"(-0.14586130,0.7292555,-0.09437193, -0.66181930)","(19.31188000,263.54, 354.66020000)","(-0.93774030,-0.3307102, -0.10617820)","(-19.31189000, -96.45995000)",-5.038551,"(0.23275430, 0.60423290)"
25.18901,"(-0.14728730,0.7311006,-0.09589808, -0.65924340)","(19.53719000,263.15, 354.58570000)","(-0.93569740,-0.3344187, -0.11240330)","(-19.53720000, -96.84999000)",-5.101617,"(0.23153390, 0.60544470)"
25.20335,"(-0.14830450,0.7329042,-0.09724916, -0.65681030)","(19.71638000,262.7816, 354.53600000)","(-0.93391320,-0.3373645, -0.11828550)","(-19.71639000, -97.21841000)",-5.142738,"(0.23042050, 0.60641970)"
25.21523,"(-0.14917190,0.7345684,-0.09872852, -0.65453020)","(19.89641000,262.4416, 354.51300000)","(-0.93213920,-0.3403207, -0.12368580)","(-19.89641000, -97.55844000)",-5.158562,"(0.22943010, 0.60741360)"
25.22773,"(-0.14986110,0.7361991,-0.1002363, -0.65230760)","(20.06579000,262.1127, 354.50870000)","(-0.93041350,-0.3430989, -0.12889500)","(-20.06579000, -97.88728000)",-5.157005,"(0.22850400, 0.60835920)"
25.24094,"(-0.15062400,0.7377226,-0.101846, -0.65015770)","(20.25060000,261.798, 354.50710000)","(-0.92859130,-0.3461269, -0.13384460)","(-20.25060000, -98.20197000)",-5.152444,"(0.22757920, 0.60938820)"
25.25453,"(-0.15106180,0.7392566,-0.103602, -0.64803290)","(20.42390000,261.4924, 354.54600000)","(-0.92682460,-0.348963, -0.13864000)","(-20.42390000, -98.50756000)",-5.110174,"(0.22675460, 0.61037280)"
25.26734,"(-0.15143800,0.7408111,-0.1051989, -0.64590910)","(20.57881000,261.1848, 354.57710000)","(-0.92513110,-0.3514954, -0.14346920)","(-20.57881000, -98.81520000)",-5.075898,"(0.22592840, 0.61122860)"
25.28601,"(-0.15181300,0.7423143,-0.1066587, -0.64385270)","(20.72231000,260.8858, 354.59870000)","(-0.92349770,-0.353839, -0.14815540)","(-20.72231000, -99.11421000)",-5.050901,"(0.22511770, 0.61202270)"
25.2939,"(-0.15213150,0.7438604,-0.1082094, -0.64173080)","(20.86947000,260.5793, 354.63000000)","(-0.92179210,-0.3562402, -0.15294460)","(-20.86947000, -99.42075000)",-5.016728,"(0.22430410, 0.61284400)"
25.30736,"(-0.15234050,0.7454513,-0.109768, -0.63956680)","(21.00916000,260.2675, 354.67000000)","(-0.92008760,-0.3585172, -0.15781060)","(-21.00916000, -99.73250000)",-4.974766,"(0.22349360, 0.61363030)"
25.32042,"(-0.15248910,0.7470558,-0.1112621, -0.63739740)","(21.13892000,259.9546, 354.70960000)","(-0.91841040,-0.3606304, -0.16269070)","(-21.13891000, -100.04540000)",-4.933441,"(0.22264980, 0.61435830)"
25.33358,"(-0.15283900,0.7484922,-0.1127598, -0.63536210)","(21.28552000,259.6628, 354.73450000)","(-0.91665900,-0.3630158, -0.16720060)","(-21.28552000, -100.33720000)",-4.905445,"(0.22184590, 0.61518020)"
25.34748,"(-0.15320890,0.7497779,-0.1144676, -0.63344880)","(21.45378000,259.3954, 354.77690000)","(-0.91481690,-0.3657505, -0.17127960)","(-21.45378000, -100.60460000)",-4.860268,"(0.22113730, 0.61612900)"
25.36101,"(-0.15355920,0.7509167,-0.1161226, -0.63171140)","(21.61740000,259.1554, 354.82160000)","(-0.91306190,-0.368407, -0.17491250)","(-21.61740000, -100.84460000)",-4.813243,"(0.22051330, 0.61705490)"
25.37383,"(-0.15444240,0.7518111,-0.1177562, -0.63012770)","(21.82036000,258.9367, 354.81980000)","(-0.91110100,-0.3716978, -0.17814490)","(-21.82036000, -101.06330000)",-4.808153,"(0.21987620, 0.61819090)"
25.38714,"(-0.15554520,0.7526578,-0.1190255, -0.62860550)","(22.00726000,258.7184, 354.77050000)","(-0.90922210,-0.3747241, -0.18137610)","(-22.00726000, -101.28160000)",-4.847514,"(0.21918210, 0.61920760)"
25.40106,"(-0.15704770,0.7533861,-0.1202156, -0.62713120)","(22.21708000,258.5036, 354.67880000)","(-0.90718470,-0.3781167, -0.18450930)","(-22.21708000, -101.49640000)",-4.925094,"(0.21841870, 0.62033920)"
25.41525,"(-0.15886010,0.7541143,-0.1214676, -0.62555630)","(22.45470000,258.2723, 354.55920000)","(-0.90488920,-0.3819529, -0.18784990)","(-22.45470000, -101.72770000)",-5.027145,"(0.21753470, 0.62161140)"
25.42716,"(-0.16096290,0.7548581,-0.1229551, -0.62382860)","(22.73402000,258.0203, 354.42490000)","(-0.90222190,-0.3864538, -0.19143970)","(-22.73403000, -101.97970000)",-5.140718,"(0.21658860, 0.62312070)"
25.44505,"(-0.16355230,0.7555096,-0.1247339, -0.62201080)","(23.07514000,257.7572, 354.26330000)","(-0.89906910,-0.391938, -0.19508810)","(-23.07514000, -102.24280000)",-5.276298,"(0.21557020, 0.62497020)"
25.45366,"(-0.16665070,0.7560431,-0.1267917, -0.62012110)","(23.47864000,257.4855, 354.07140000)","(-0.89541670,-0.3984072, -0.19874730)","(-23.47865000, -102.51450000)",-5.436245,"(0.21448360, 0.62716350)"
25.46657,"(-0.17015870,0.75663,-0.1292253, -0.61794650)","(23.94436000,257.174, 353.85800000)","(-0.89113610,-0.4058494, -0.20288590)","(-23.94437000, -102.82600000)",-5.611679,"(0.21317270, 0.62968220)"
25.48026,"(-0.17403610,0.7574128,-0.1318705, -0.61534340)","(24.45288000,256.7963, 353.60810000)","(-0.88623740,-0.4139448, -0.20792540)","(-24.45288000, -103.20370000)",-5.81652,"(0.21162530, 0.63244320)"
25.49339,"(-0.17776580,0.7583348,-0.1349976, -0.61245690)","(24.99217000,256.3857, 353.39510000)","(-0.88089880,-0.4224944, -0.21334450)","(-24.99217000, -103.61430000)",-5.984024,"(0.21005920, 0.63534590)"
25.50698,"(-0.18116230,0.7594579,-0.138066, -0.60937800)","(25.49950000,255.9453, 353.19800000)","(-0.87556930,-0.4305033, -0.21919230)","(-25.49951000, -104.05470000)",-6.136734,"(0.20839370, 0.63807090)"
25.5204,"(-0.18446160,0.760758,-0.1412748, -0.60602200)","(26.00996000,255.4647, 353.00620000)","(-0.86995260,-0.4385274, -0.22555760)","(-26.00996000, -104.53530000)",-6.282412,"(0.20666210, 0.64083480)"
25.53377,"(-0.18758710,0.7622281,-0.1443922, -0.60247020)","(26.49699000,254.9517, 352.81190000)","(-0.86426720,-0.4461508, -0.23236110)","(-26.49699000, -105.04830000)",-6.429712,"(0.20480750, 0.64346850)"
25.54708,"(-0.19058960,0.763741,-0.1473061, -0.59889580)","(26.95523000,254.4304, 352.60800000)","(-0.85865250,-0.4532941, -0.23924930)","(-26.95523000, -105.56960000)",-6.58517,"(0.20288610, 0.64594100)"
25.56097,"(-0.19317580,0.7655165,-0.1499698, -0.59512740)","(27.35725000,253.8754, 352.41360000)","(-0.85321860,-0.4595371, -0.24666480)","(-27.35724000, -106.12450000)",-6.733768,"(0.20094180, 0.64809380)"
25.57385,"(-0.19516430,0.7675517,-0.1524176, -0.59122260)","(27.69390000,253.2995, 352.25200000)","(-0.84809490,-0.4647478, -0.25444920)","(-27.69390000, -106.70050000)",-6.855865,"(0.19897370, 0.64987000)"
25.58686,"(-0.19695230,0.7697703,-0.1546313, -0.58715640)","(27.99176000,252.6941, 352.08260000)","(-0.84304110,-0.4693447, -0.26267300)","(-27.99177000, -107.30590000)",-6.986176,"(0.19690570, 0.65143820)"
25.6056,"(-0.19838480,0.7722094,-0.1566234, -0.58292810)","(28.24093000,252.0619, 351.92230000)","(-0.83814180,-0.4731803, -0.27132770)","(-28.24093000, -107.93810000)",-7.11083,"(0.19480960, 0.65276490)"
25.61475,"(-0.19958230,0.7747287,-0.1583401, -0.57869760)","(28.44642000,251.4257, 351.76220000)","(-0.83346340,-0.4763367, -0.28007510)","(-28.44642000, -108.57430000)",-7.237468,"(0.19272290, 0.65385410)"
25.62712,"(-0.20063180,0.7773144,-0.1599529, -0.57440780)","(28.63031000,250.7803, 351.60460000)","(-0.82880770,-0.4791563, -0.28894160)","(-28.63031000, -109.21970000)",-7.362766,"(0.19058870, 0.65476640)"
25.63999,"(-0.20106310,0.7801613,-0.1612242, -0.57002530)","(28.73661000,250.121, 351.47920000)","(-0.82459070,-0.4807839, -0.29815590)","(-28.73661000, -109.87900000)",-7.464926,"(0.18851130, 0.65529180)"
25.65354,"(-0.20051890,0.7832828,-0.1622446, -0.56562970)","(28.75111000,249.4688, 351.43400000)","(-0.82102980,-0.4810057, -0.30747940)","(-28.75111000, -110.53120000)",-7.503416,"(0.18662550, 0.65537050)"
25.66652,"(-0.19940560,0.7866151,-0.1625894, -0.56128320)","(28.66166000,248.8183, 351.40120000)","(-0.81818520,-0.4796365, -0.31705170)","(-28.66167000, -111.18160000)",-7.538561,"(0.18480360, 0.65488910)"
25.68077,"(-0.19844860,0.7899677,-0.1620917, -0.55704160)","(28.50156000,248.1647, 351.29840000)","(-0.81575610,-0.4771827, -0.32686170)","(-28.50157000, -111.83530000)",-7.640234,"(0.18291300, 0.65394370)"
25.69352,"(-0.19800630,0.7932466,-0.161194, -0.55278370)","(28.33607000,247.4955, 351.11630000)","(-0.81315270,-0.4746425, -0.33689340)","(-28.33607000, -112.50450000)",-7.812083,"(0.18078210, 0.65293380)"
25.70682,"(-0.19765770,0.7963771,-0.160327, -0.54864400)","(28.18037000,246.8478, 350.93390000)","(-0.81047530,-0.4722489, -0.34657000)","(-28.18038000, -113.15220000)",-7.983918,"(0.17869360, 0.65200280)"
25.72041,"(-0.19732880,0.7995306,-0.1595706, -0.54437980)","(28.03474000,246.1871, 350.75490000)","(-0.80752080,-0.4700068, -0.35637570)","(-28.03474000, -113.81290000)",-8.152421,"(0.17660500, 0.65109010)"
25.73318,"(-0.19683360,0.80262,-0.1591503, -0.54011930)","(27.91114000,245.5406, 350.61850000)","(-0.80436890,-0.4681017, -0.36588460)","(-27.91114000, -114.45940000)",-8.281975,"(0.17462610, 0.65032150)"
25.74727,"(-0.19614280,0.8055412,-0.1590816, -0.53602650)","(27.81181000,244.933, 350.53440000)","(-0.80117740,-0.466569, -0.37473730)","(-27.81181000, -115.06700000)",-8.363818,"(0.17283200, 0.64974070)"
25.76549,"(-0.19529210,0.8084927,-0.1591222, -0.53186520)","(27.71258000,244.3227, 350.47340000)","(-0.79786780,-0.4650365, -0.38359890)","(-27.71258000, -115.67730000)",-8.425387,"(0.17106010, 0.64920680)"
25.77378,"(-0.19448260,0.8113369,-0.1592815, -0.52776720)","(27.62903000,243.7263, 350.41950000)","(-0.79443910,-0.463745, -0.39218220)","(-27.62903000, -116.27370000)",-8.479453,"(0.16938850, 0.64870290)"
25.78703,"(-0.19368990,0.8140593,-0.159531, -0.52377630)","(27.55732000,243.1499, 350.37480000)","(-0.79097070,-0.4626358, -0.40041660)","(-27.55732000, -116.85010000)",-8.524543,"(0.16774280, 0.64826970)"
25.80053,"(-0.19272640,0.8167272,-0.1598976, -0.51985180)","(27.48806000,242.5907, 350.35930000)","(-0.78752120,-0.4615638, -0.40837360)","(-27.48807000, -117.40930000)",-8.54369,"(0.16617080, 0.64787250)"
25.81401,"(-0.19172730,0.8193569,-0.1603228, -0.51593750)","(27.42336000,242.037, 350.35260000)","(-0.78399740,-0.4605618, -0.41621020)","(-27.42336000, -117.96300000)",-8.554648,"(0.16462240, 0.64751940)"
25.82803,"(-0.19068880,0.8219437,-0.1609064, -0.51201120)","(27.37301000,241.4871, 350.36050000)","(-0.78032260,-0.4597816, -0.42390730)","(-27.37302000, -118.51290000)",-8.551525,"(0.16310080, 0.64726620)"
25.83993,"(-0.18969960,0.8244529,-0.1616251, -0.50810330)","(27.34056000,240.9436, 350.37300000)","(-0.77649400,-0.4592785, -0.43141700)","(-27.34056000, -119.05640000)",-8.543046,"(0.16164670, 0.64707100)"
25.85386,"(-0.18874100,0.8268737,-0.1623776, -0.50427200)","(27.31519000,240.4133, 350.38750000)","(-0.77264390,-0.4588852, -0.43868650)","(-27.31520000, -119.58680000)",-8.532188,"(0.16022600, 0.64693190)"
25.86709,"(-0.18787200,0.8292117,-0.1632078, -0.50047510)","(27.30442000,239.8894, 350.39860000)","(-0.76867520,-0.4587181, -0.44577570)","(-27.30442000, -120.11060000)",-8.523115,"(0.15881240, 0.64688520)"
25.88035,"(-0.18699040,0.8315575,-0.1639815, -0.49664550)","(27.28752000,239.3616, 350.40690000)","(-0.76465270,-0.458456, -0.45290660)","(-27.28752000, -120.63840000)",-8.517144,"(0.15736440, 0.64680470)"
25.89374,"(-0.18610260,0.8338246,-0.1647792, -0.49289980)","(27.27448000,238.8481, 350.42050000)","(-0.76065220,-0.4582537, -0.45979520)","(-27.27448000, -121.15190000)",-8.506069,"(0.15593020, 0.64674190)"
25.90697,"(-0.18493000,0.8362426,-0.1654728, -0.48899690)","(27.23307000,238.3169, 350.45370000)","(-0.75663830,-0.4576111, -0.46700140)","(-27.23307000, -121.68310000)",-8.479823,"(0.15450300, 0.64652880)"
25.92795,"(-0.18380490,0.8385936,-0.1662995, -0.48509900)","(27.20932000,237.7895, 350.49030000)","(-0.75246850,-0.4572425, -0.47404690)","(-27.20931000, -122.21050000)",-8.449176,"(0.15311780, 0.64639430)"
25.93349,"(-0.18265530,0.8409764,-0.1671482, -0.48110000)","(27.18637000,237.2501, 350.52780000)","(-0.74812650,-0.4568863, -0.48120860)","(-27.18637000, -122.74990000)",-8.417623,"(0.15169950, 0.64627700)"
25.947,"(-0.18164740,0.8433205,-0.1680351, -0.47705220)","(27.17601000,236.7034, 350.55070000)","(-0.74356960,-0.4567256, -0.48837070)","(-27.17602000, -123.29660000)",-8.398144,"(0.15023240, 0.64623530)"
25.96047,"(-0.18055360,0.8456498,-0.1689801, -0.47299320)","(27.16775000,236.1593, 350.58620000)","(-0.73895320,-0.4565972, -0.49544630)","(-27.16775000, -123.84070000)",-8.367246,"(0.14879230, 0.64622480)"
25.9738,"(-0.17944260,0.8479441,-0.1698656, -0.46897420)","(27.15383000,235.6219, 350.62190000)","(-0.73436550,-0.456381, -0.50241790)","(-27.15383000, -124.37810000)",-8.336658,"(0.14735030, 0.64618210)"
25.98687,"(-0.17847630,0.8500946,-0.1706773, -0.46513940)","(27.14323000,235.1083, 350.64390000)","(-0.72990130,-0.4562165, -0.50902920)","(-27.14323000, -124.89170000)",-8.317934,"(0.14593890, 0.64612500)"
26.00066,"(-0.17754430,0.8522077,-0.1711542, -0.46143950)","(27.10160000,234.6092, 350.64820000)","(-0.72570960,-0.4555698, -0.51555990)","(-27.10160000, -125.39080000)",-8.317249,"(0.14458010, 0.64587200)"
26.01388,"(-0.17669450,0.8541377,-0.1717623, -0.45795800)","(27.08132000,234.1428, 350.65840000)","(-0.72161940,-0.4552546, -0.52154440)","(-27.08132000, -125.85720000)",-8.309644,"(0.14331260, 0.64575270)"
26.02678,"(-0.17570850,0.8560691,-0.1722796, -0.45452380)","(27.04524000,233.6856, 350.68080000)","(-0.71766560,-0.4546939, -0.52745560)","(-27.04524000, -126.31440000)",-8.292495,"(0.14209380, 0.64556130)"
26.0418,"(-0.17467030,0.858017,-0.172879, -0.45100990)","(27.01491000,233.2207, 350.71110000)","(-0.71355460,-0.4542224, -0.53340590)","(-27.01491000, -126.77930000)",-8.267785,"(0.14086210, 0.64541040)"
26.05353,"(-0.17344830,0.8599448,-0.1734013, -0.44759650)","(26.96852000,232.7737, 350.76160000)","(-0.70966420,-0.4535008, -0.53917860)","(-26.96852000, -127.22630000)",-8.226383,"(0.13971750, 0.64519600)"
26.06738,"(-0.17221270,0.8617651,-0.173951, -0.44434740)","(26.92697000,232.3515, 350.82100000)","(-0.70593300,-0.4528545, -0.54459290)","(-26.92697000, -127.64840000)",-8.176589,"(0.13865270, 0.64501660)"
26.08576,"(-0.17095500,0.8635455,-0.1744941, -0.44115240)","(26.88502000,231.9385, 350.88480000)","(-0.70224900,-0.4522016, -0.54987280)","(-26.88503000, -128.06150000)",-8.122963,"(0.13761820, 0.64484170)"
26.09358,"(-0.16957430,0.8653457,-0.1749911, -0.43794940)","(26.83260000,231.5271, 350.96000000)","(-0.69860710,-0.4513854, -0.55515710)","(-26.83260000, -128.47290000)",-8.059806,"(0.13662770, 0.64454750)"
26.10712,"(-0.16807930,0.8671055,-0.1753809, -0.43487800)","(26.76521000,231.136, 351.04720000)","(-0.69521450,-0.4503354, -0.56024530)","(-26.76521000, -128.86390000)",-7.986893,"(0.13570400, 0.64420220)"
26.1204,"(-0.16649440,0.8689885,-0.1755847, -0.43163480)","(26.67260000,230.7213, 351.12990000)","(-0.69170360,-0.4488918, -0.56572280)","(-26.67260000, -129.27870000)",-7.919759,"(0.13471260, 0.64372050)"
26.13363,"(-0.16482900,0.8708897,-0.1757794, -0.42835060)","(26.57558000,230.3037, 351.22050000)","(-0.68814520,-0.447378, -0.57123470)","(-26.57559000, -129.69630000)",-7.845628,"(0.13372330, 0.64322400)"
26.14731,"(-0.16332400,0.87282,-0.1757719, -0.42498810)","(26.46531000,229.8702, 351.28100000)","(-0.68446070,-0.4456559, -0.57697870)","(-26.46531000, -130.12980000)",-7.799233,"(0.13263990, 0.64264690)"
26.16076,"(-0.16198690,0.8748291,-0.1754651, -0.42148100)","(26.33079000,229.4104, 351.30360000)","(-0.68060160,-0.4435529, -0.58313140)","(-26.33079000, -130.58960000)",-7.788203,"(0.13142160, 0.64192820)"
26.17368,"(-0.16083910,0.8768417,-0.1750475, -0.41789680)","(26.19364000,228.9361, 351.29810000)","(-0.67654970,-0.4414063, -0.58944120)","(-26.19364000, -131.06390000)",-7.802403,"(0.13013350, 0.64117520)"
26.18727,"(-0.15976630,0.879,-0.174528, -0.41397300)","(26.04635000,228.414, 351.26960000)","(-0.67199720,-0.4390981, -0.59633260)","(-26.04635000, -131.58600000)",-7.837819,"(0.12870950, 0.64033950)"
26.2007,"(-0.15828140,0.8813304,-0.1741344, -0.40973280)","(25.89008000,227.861, 351.28580000)","(-0.66709540,-0.436646, -0.60359250)","(-25.89008000, -132.13900000)",-7.833735,"(0.12726490, 0.63948730)"
26.2138,"(-0.15643850,0.8838012,-0.1735711, -0.40533380)","(25.69780000,227.294, 351.33140000)","(-0.66216250,-0.4336244, -0.61115500)","(-25.69779000, -132.70600000)",-7.805597,"(0.12582670, 0.63846090)"
26.22746,"(-0.15471870,0.8864087,-0.1730035, -0.40051410)","(25.50803000,226.6696, 351.35200000)","(-0.65650470,-0.4306377, -0.61931640)","(-25.50803000, -133.33040000)",-7.799484,"(0.12412600, 0.63741170)"
26.24588,"(-0.15297430,0.8891398,-0.1721434, -0.39546910)","(25.28444000,226.0147, 351.35730000)","(-0.65058760,-0.4271123, -0.62794160)","(-25.28444000, -133.98530000)",-7.809293,"(0.12238070, 0.63615300)"
26.25394,"(-0.15137790,0.8919393,-0.1711635, -0.39016920)","(25.05328000,225.3243, 351.33550000)","(-0.64419390,-0.4234608, -0.63694210)","(-25.05328000, -134.67570000)",-7.843876,"(0.12050410, 0.63484150)"
26.26678,"(-0.14980130,0.894839,-0.1700615, -0.38458010)","(24.80786000,224.5969, 351.30070000)","(-0.63732360,-0.4195766, -0.64635460)","(-24.80786000, -135.40310000)",-7.89113,"(0.11848520, 0.63348500)"
26.28061,"(-0.14824320,0.8976557,-0.1692293, -0.37894560)","(24.59311000,223.8694, 351.27800000)","(-0.63015110,-0.4161715, -0.65552350)","(-24.59311000, -136.13060000)",-7.925483,"(0.11647340, 0.63231830)"
26.29353,"(-0.14667640,0.9005206,-0.1683502, -0.37310430)","(24.37185000,223.1177, 351.25130000)","(-0.62259020,-0.4126569, -0.66490270)","(-24.37185000, -136.88230000)",-7.963682,"(0.11445090, 0.63108830)"
26.30661,"(-0.14506800,0.9033813,-0.1674617, -0.36717030)","(24.14787000,222.3581, 351.22980000)","(-0.61480300,-0.4090929, -0.67428490)","(-24.14787000, -137.64190000)",-7.99748,"(0.11233820, 0.62981150)"
26.32011,"(-0.14343150,0.9061576,-0.1666015, -0.36131690)","(23.92765000,221.6135, 351.21820000)","(-0.60702820,-0.4055828, -0.68338820)","(-23.92765000, -138.38650000)",-8.021841,"(0.11027380, 0.62859590)"
26.33381,"(-0.14144370,0.9089988,-0.1657354, -0.35531190)","(23.69200000,220.8597, 351.24580000)","(-0.59907170,-0.4018199, -0.69257050)","(-23.69200000, -139.14030000)",-8.011335,"(0.10829850, 0.62729620)"
26.34712,"(-0.13933060,0.9116546,-0.1648973, -0.34968820)","(23.45966000,220.1619, 351.30260000)","(-0.59163920,-0.3981033, -0.70105420)","(-23.45966000, -139.83810000)",-7.97361,"(0.10652710, 0.62603560)"
26.36087,"(-0.13706920,0.9142864,-0.164154, -0.34401440)","(23.23324000,219.4643, 351.38170000)","(-0.58405450,-0.394475, -0.70941500)","(-23.23324000, -140.53570000)",-7.914652,"(0.10477960, 0.62484460)"
26.37416,"(-0.13456180,0.9169182,-0.1634821, -0.33827180)","(23.00655000,218.766, 351.49310000)","(-0.57633820,-0.3908364, -0.71769150)","(-23.00655000, -141.23400000)",-7.825739,"(0.10301750, 0.62363140)"
26.38723,"(-0.13195580,0.9194005,-0.1629167, -0.33278890)","(22.79271000,218.1066, 351.62950000)","(-0.56893690,-0.3873983, -0.72541920)","(-22.79271000, -141.89340000)",-7.712739,"(0.10146320, 0.62247430)"
26.40538,"(-0.12918690,0.9219235,-0.1622721, -0.32716280)","(22.56525000,217.4339, 351.78040000)","(-0.56131130,-0.3837353, -0.73326450)","(-22.56525000, -142.56610000)",-7.586437,"(0.09988391, 0.62126200)"
26.41395,"(-0.12641390,0.9243779,-0.1617216, -0.32154500)","(22.35099000,216.7652, 351.93810000)","(-0.55357050,-0.3802794, -0.74090980)","(-22.35099000, -143.23480000)",-7.452641,"(0.09830093, 0.62015030)"
26.4267,"(-0.12374870,0.926783,-0.161137, -0.31590240)","(22.13951000,216.0932, 352.08380000)","(-0.54566500,-0.3768632, -0.74848100)","(-22.13951000, -143.90680000)",-7.329113,"(0.09666795, 0.61906740)"
26.44019,"(-0.12121990,0.9291522,-0.1605042, -0.31019410)","(21.92972000,215.4119, 352.21290000)","(-0.53752240,-0.3734691, -0.75603610)","(-21.92972000, -144.58810000)",-7.220452,"(0.09505886, 0.61796640)"
26.45523,"(-0.11883230,0.931434,-0.1599657, -0.30450060)","(21.73806000,214.7323, 352.33160000)","(-0.52922620,-0.370364, -0.76338080)","(-21.73807000, -145.26770000)",-7.120066,"(0.09338260, 0.61692400)"
26.46664,"(-0.11663520,0.933705,-0.1594452, -0.29861130)","(21.55577000,214.0262, 352.42640000)","(-0.52043590,-0.3674067, -0.77081750)","(-21.55577000, -145.97380000)",-7.041106,"(0.09158260, 0.61594090)"
26.48021,"(-0.11464730,0.9358864,-0.1588287, -0.29282420)","(21.37277000,213.3306, 352.49840000)","(-0.51168180,-0.3644342, -0.77805500)","(-21.37277000, -146.66940000)",-6.983031,"(0.08975667, 0.61496950)"
26.49351,"(-0.11281840,0.9380012,-0.1583783, -0.28695310)","(21.21479000,212.6241, 352.55750000)","(-0.50258870,-0.3618652, -0.78514850)","(-21.21479000, -147.37590000)",-6.935566,"(0.08794707, 0.61411180)"
26.50679,"(-0.11106140,0.940034,-0.1580857, -0.28108760)","(21.07857000,211.9195, 352.61530000)","(-0.49334950,-0.3596479, -0.79199710)","(-21.07858000, -148.08050000)",-6.888118,"(0.08612728, 0.61339620)"
26.52032,"(-0.10944800,0.9419953,-0.1576925, -0.27531640)","(20.93795000,211.2254, 352.65700000)","(-0.48417510,-0.3573568, -0.79866790)","(-20.93796000, -148.77460000)",-6.855637,"(0.08426285, 0.61260890)"
26.5337,"(-0.10796740,0.9438396,-0.1575322, -0.26961730)","(20.82961000,210.5404, 352.69370000)","(-0.47493430,-0.35559, -0.80498010)","(-20.82961000, -149.45960000)",-6.826364,"(0.08239532, 0.61202940)"
26.5467,"(-0.10687350,0.9455015,-0.1574778, -0.26420770)","(20.74838000,209.8858, 352.69630000)","(-0.46595720,-0.3542646, -0.81079010)","(-20.74838000, -150.11420000)",-6.827714,"(0.08062536, 0.61157540)"
26.5662,"(-0.10586770,0.9470848,-0.157494, -0.25887840)","(20.67912000,209.241, 352.69320000)","(-0.45701250,-0.353134, -0.81635530)","(-20.67913000, -150.75900000)",-6.833658,"(0.07887083, 0.61121160)"
26.57372,"(-0.10486450,0.9485748,-0.1575364, -0.25375510)","(20.61520000,208.6231, 352.69600000)","(-0.44837140,-0.3520899, -0.82158130)","(-20.61520000, -151.37690000)",-6.833945,"(0.07715642, 0.61083550)"
26.58714,"(-0.10405290,0.9499041,-0.1576879, -0.24897750)","(20.57238000,208.0458, 352.68780000)","(-0.44019370,-0.3513905, -0.82628950)","(-20.57238000, -151.95420000)",-6.843524,"(0.07553267, 0.61059000)"
26.60063,"(-0.10324790,0.9511184,-0.1578713, -0.24452090)","(20.53632000,207.5091, 352.68720000)","(-0.43253690,-0.350801, -0.83057250)","(-20.53631000, -152.49090000)",-6.84573,"(0.07402575, 0.61040150)"
26.61366,"(-0.10257810,0.952245,-0.1581275, -0.24021430)","(20.51384000,206.9892, 352.67640000)","(-0.42504480,-0.3504337, -0.83458550)","(-20.51384000, -153.01080000)",-6.856924,"(0.07259631, 0.61027770)"
26.62653,"(-0.10214020,0.9532336,-0.158329, -0.23631560)","(20.49488000,206.5157, 352.64610000)","(-0.41818440,-0.3501236, -0.83817370)","(-20.49487000, -153.48430000)",-6.886067,"(0.07125646, 0.61016460)"
26.63987,"(-0.10186210,0.9540662,-0.1588113, -0.23272450)","(20.51452000,206.0779, 352.61110000)","(-0.41171540,-0.3504446, -0.84123640)","(-20.51452000, -153.92210000)",-6.917953,"(0.06998402, 0.61024260)"
26.65357,"(-0.10177540,0.9547729,-0.1593471, -0.22947530)","(20.54791000,205.6789, 352.56230000)","(-0.40575830,-0.3509906, -0.84389930)","(-20.54791000, -154.32110000)",-6.962072,"(0.06879771, 0.61040190)"
26.66801,"(-0.10153880,0.9554449,-0.1598831, -0.22638970)","(20.57871000,205.3033, 352.53450000)","(-0.40013710,-0.3514937, -0.84637000)","(-20.57871000, -154.69670000)",-6.986598,"(0.06770891, 0.61056260)"
26.68044,"(-0.10112540,0.9560529,-0.1605594, -0.22351110)","(20.62266000,204.9572, 352.53540000)","(-0.39490360,-0.3522118, -0.84852700)","(-20.62266000, -155.04280000)",-6.983761,"(0.06674349, 0.61081260)"
26.69419,"(-0.10068070,0.9566306,-0.1612378, -0.22073450)","(20.66708000,204.6245, 352.54190000)","(-0.38985570,-0.3529374, -0.85055730)","(-20.66708000, -155.37550000)",-6.975611,"(0.06581545, 0.61107750)"
26.70715,"(-0.10033670,0.9571449,-0.1618771, -0.21817900)","(20.71149000,204.3171, 352.54030000)","(-0.38517340,-0.3536624, -0.85238740)","(-20.71149000, -155.68290000)",-6.975049,"(0.06494868, 0.61134250)"
26.72601,"(-0.10002310,0.9576505,-0.1624248, -0.21568290)","(20.74681000,204.0163, 352.53410000)","(-0.38060520,-0.3542389, -0.85419820)","(-20.74681000, -155.98370000)",-6.979209,"(0.06406945, 0.61152030)"
26.7333,"(-0.09971850,0.9581001,-0.1630415, -0.21334910)","(20.79159000,203.7355, 352.53180000)","(-0.37630310,-0.3549698, -0.85579930)","(-20.79160000, -156.26450000)",-6.979322,"(0.06326950, 0.61176170)"
26.74698,"(-0.09941132,0.9585289,-0.1635312, -0.21118080)","(20.82324000,203.4752, 352.53040000)","(-0.37233220,-0.3554862, -0.85732040)","(-20.82325000, -156.52480000)",-6.979125,"(0.06255287, 0.61192790)"
26.76056,"(-0.09905876,0.9589259,-0.163986, -0.20918200)","(20.85128000,203.2367, 352.53730000)","(-0.36869170,-0.3559434, -0.85870310)","(-20.85127000, -156.76330000)",-6.971392,"(0.06189930, 0.61208390)"
26.77403,"(-0.09871857,0.9593018,-0.1643887, -0.20729480)","(20.87464000,203.0117, 352.54400000)","(-0.36526020,-0.3563245, -0.86001050)","(-20.87464000, -156.98830000)",-6.964073,"(0.06128418, 0.61221650)"
26.7874,"(-0.09831434,0.9596679,-0.1646893, -0.20554600)","(20.88603000,202.8051, 352.55900000)","(-0.36212920,-0.3565103, -0.86125640)","(-20.88604000, -157.19490000)",-6.94958,"(0.06073499, 0.61228750)"
26.80073,"(-0.09795704,0.9599586,-0.1649852, -0.20411710)","(20.90057000,202.6369, 352.57550000)","(-0.35956500,-0.3567472, -0.86223220)","(-20.90057000, -157.36310000)",-6.933473,"(0.06029326, 0.61237760)"
26.81369,"(-0.09784075,0.9602275,-0.1650798, -0.20282730)","(20.89876000,202.4808, 352.56220000)","(-0.35721760,-0.3567179, -0.86321950)","(-20.89877000, -157.51920000)",-6.945938,"(0.05984432, 0.61236730)"
26.82758,"(-0.09773916,0.9604595,-0.1650127, -0.20183000)","(20.88108000,202.3602, 352.55030000)","(-0.35544270,-0.3564295, -0.86407090)","(-20.88108000, -157.63980000)",-6.957873,"(0.05949849, 0.61226920)"
26.84023,"(-0.09773640,0.9606452,-0.1649448, -0.20100170)","(20.86683000,202.2584, 352.53050000)","(-0.35394030,-0.3561972, -0.86478320)","(-20.86683000, -157.74160000)",-6.977045,"(0.05919182, 0.61218740)"
26.85413,"(-0.09773713,0.9608119,-0.1646353, -0.20045740)","(20.82724000,202.1914, 352.51160000)","(-0.35302170,-0.3555515, -0.86542420)","(-20.82725000, -157.80860000)",-6.996501,"(0.05898911, 0.61196920)"
26.86812,"(-0.09788685,0.9609267,-0.1642659, -0.20013720)","(20.78587000,202.1488, 352.47880000)","(-0.35247540,-0.3548765, -0.86592370)","(-20.78587000, -157.85120000)",-7.02906,"(0.05882937, 0.61172570)"
26.88532,"(-0.09829582,0.9609701,-0.1638378, -0.20007900)","(20.74567000,202.1331, 352.42000000)","(-0.35233070,-0.3542203, -0.86625120)","(-20.74567000, -157.86690000)",-7.085875,"(0.05870640, 0.61148200)"
26.89376,"(-0.09872348,0.9609659,-0.1634651, -0.20019320)","(20.71356000,202.1381, 352.36400000)","(-0.35248210,-0.3536963, -0.86640370)","(-20.71356000, -157.86190000)",-7.139767,"(0.05864418, 0.61128400)"
26.90687,"(-0.09963881,0.9608998,-0.1628957, -0.20052080)","(20.67167000,202.1593, 352.25070000)","(-0.35289930,-0.3530123, -0.86651270)","(-20.67167000, -157.84070000)",-7.2476,"(0.05854452, 0.61101080)"
26.91985,"(-0.10051080,0.9607511,-0.162568, -0.20106370)","(20.65824000,202.2078, 352.15240000)","(-0.35366460,-0.3527929, -0.86629000)","(-20.65824000, -157.79220000)",-7.34008,"(0.05853760, 0.61089900)"
26.93343,"(-0.10135220,0.9605468,-0.1622298, -0.20188900)","(20.64534000,202.2917, 352.06390000)","(-0.35496290,-0.3525823, -0.86584480)","(-20.64534000, -157.70830000)",-7.42349,"(0.05864269, 0.61079140)"
26.94729,"(-0.10225640,0.9602337,-0.1621832, -0.20295670)","(20.66938000,202.4041, 351.97940000)","(-0.35660320,-0.3529749, -0.86501040)","(-20.66938000, -157.59590000)",-7.501272,"(0.05882806, 0.61089430)"
26.96072,"(-0.10324170,0.9598684,-0.1620202, -0.20431180)","(20.68458000,202.55, 351.88930000)","(-0.35877030,-0.3532231, -0.86401240)","(-20.68458000, -157.45000000)",-7.584679,"(0.05909485, 0.61093310)"
26.97368,"(-0.10422260,0.9594023,-0.1620735, -0.20595380)","(20.72711000,202.7314, 351.81080000)","(-0.36140170,-0.3539175, -0.86263040)","(-20.72712000, -157.26860000)",-7.655861,"(0.05947310, 0.61113260)"
26.98656,"(-0.10521110,0.9588841,-0.162053, -0.20787260)","(20.76410000,202.9467, 351.73610000)","(-0.36455190,-0.3545211, -0.86105600)","(-20.76409000, -157.05330000)",-7.723774,"(0.05995125, 0.61130210)"
27.00073,"(-0.10594590,0.9583322,-0.1619926, -0.21007890)","(20.79342000,203.2029, 351.69710000)","(-0.36832590,-0.3549995, -0.85925050)","(-20.79342000, -156.79710000)",-7.758636,"(0.06059527, 0.61144350)"
27.0141,"(-0.10655200,0.9577143,-0.162133, -0.21246850)","(20.84445000,203.4844, 351.68210000)","(-0.37241700,-0.355832, -0.85714010)","(-20.84444000, -156.51560000)",-7.769986,"(0.06133825, 0.61171750)"
27.02713,"(-0.10701060,0.9570754,-0.1620212, -0.21518500)","(20.86623000,203.8095, 351.68660000)","(-0.37722050,-0.3561873, -0.85488900)","(-20.86623000, -156.19050000)",-7.764679,"(0.06223577, 0.61184100)"
27.04486,"(-0.10764930,0.9563034,-0.162043, -0.21826010)","(20.91090000,204.1754, 351.68100000)","(-0.38255810,-0.3569157, -0.85220920)","(-20.91090000, -155.82460000)",-7.767636,"(0.06321812, 0.61209540)"
27.05366,"(-0.10857570,0.9553875,-0.1619804, -0.22182970)","(20.95770000,204.5967, 351.65080000)","(-0.38869230,-0.3576787, -0.84910770)","(-20.95771000, -155.40330000)",-7.793266,"(0.06435633, 0.61234680)"
27.06695,"(-0.10967460,0.9543647,-0.1618129, -0.22577880)","(21.00083000,205.0617, 351.60670000)","(-0.39545710,-0.3583815, -0.84568110)","(-21.00083000, -154.93830000)",-7.832132,"(0.06559634, 0.61258160)"
27.08264,"(-0.11067400,0.953326,-0.1616024, -0.22979440)","(21.03782000,205.5376, 351.57510000)","(-0.40236750,-0.3589841, -0.84215840)","(-21.03782000, -154.46240000)",-7.859601,"(0.06686014, 0.61274770)"
27.09361,"(-0.11142540,0.9522796,-0.1613923, -0.23388120)","(21.06960000,206.0281, 351.57480000)","(-0.40947420,-0.3595018, -0.83850430)","(-21.06960000, -153.97190000)",-7.858252,"(0.06821275, 0.61291340)"
27.10699,"(-0.11212480,0.9511915,-0.1611353, -0.23811370)","(21.09639000,206.5382, 351.58290000)","(-0.41684890,-0.359938, -0.83467470)","(-21.09639000, -153.46180000)",-7.84928,"(0.06963223, 0.61306660)"
27.12037,"(-0.11296240,0.9499583,-0.1611182, -0.24261000)","(21.15687000,207.0792, 351.58730000)","(-0.42453820,-0.3609227, -0.83036260)","(-21.15688000, -152.92080000)",-7.841974,"(0.07112074, 0.61341940)"
27.13304,"(-0.11400580,0.9485718,-0.1610559, -0.24753820)","(21.22233000,207.6705, 351.57670000)","(-0.43289290,-0.3619878, -0.82557150)","(-21.22233000, -152.32950000)",-7.848279,"(0.07274401, 0.61378570)"
27.14684,"(-0.11529280,0.9469711,-0.1608486, -0.25314250)","(21.28510000,208.3419, 351.55000000)","(-0.44234790,-0.3630089, -0.82009330)","(-21.28510000, -151.65810000)",-7.869809,"(0.07456517, 0.61409350)"
27.16074,"(-0.11680600,0.9451313,-0.160438, -0.25950500)","(21.33950000,209.1042, 351.50940000)","(-0.45305240,-0.3638935, -0.81383360)","(-21.33950000, -150.89580000)",-7.904675,"(0.07661372, 0.61437240)"
27.17342,"(-0.11849460,0.9430756,-0.1598364, -0.26649530)","(21.38494000,209.9428, 351.45800000)","(-0.46477100,-0.3646322, -0.80686510)","(-21.38495000, -150.05720000)",-7.949916,"(0.07884872, 0.61463210)"
27.18744,"(-0.12062070,0.9406232,-0.1587666, -0.27472120)","(21.40471000,210.9285, 351.37120000)","(-0.47851720,-0.3649533, -0.79864290)","(-21.40471000, -149.07150000)",-8.029571,"(0.08143502, 0.61469470)"
27.20567,"(-0.12317830,0.9377261,-0.1576897, -0.28395550)","(21.45029000,212.035, 351.25780000)","(-0.49369720,-0.3656938, -0.78900650)","(-21.45029000, -147.96500000)",-8.132383,"(0.08434832, 0.61488920)"
27.21374,"(-0.12572120,0.9345009,-0.1568051, -0.29379300)","(21.52708000,213.2224, 351.16740000)","(-0.50967220,-0.366941, -0.77819560)","(-21.52709000, -146.77760000)",-8.212027,"(0.08749211, 0.61529780)"
27.22733,"(-0.12844550,0.9307731,-0.1561657, -0.30459060)","(21.65126000,214.5335, 351.08880000)","(-0.52689190,-0.3689562, -0.76567380)","(-21.65126000, -145.46650000)",-8.277897,"(0.09097838, 0.61593060)"
27.23997,"(-0.13136000,0.9266344,-0.1558773, -0.31590450)","(21.83142000,215.9141, 351.01590000)","(-0.54450380,-0.3718769, -0.75181340)","(-21.83142000, -144.08590000)",-8.334985,"(0.09469432, 0.61692660)"
27.25388,"(-0.13413250,0.9220436,-0.1560133, -0.32787800)","(22.06513000,217.3916, 350.99570000)","(-0.56278280,-0.3756603, -0.73631170)","(-22.06513000, -142.60840000)",-8.339884,"(0.09868139, 0.61817970)"
27.26672,"(-0.13608690,0.917223,-0.1561623, -0.34028760)","(22.27724000,218.9512, 351.08740000)","(-0.58173600,-0.3790886, -0.71963520)","(-22.27724000, -141.04880000)",-8.242501,"(0.10313310, 0.61942790)"
27.28064,"(-0.13691760,0.912445,-0.1563345, -0.35250140)","(22.44649000,220.5182, 351.30980000)","(-0.60046630,-0.3818205, -0.70260470)","(-22.44650000, -139.48180000)",-8.027224,"(0.10775680, 0.62042080)"
27.29511,"(-0.13719710,0.9074857,-0.1564432, -0.36492760)","(22.58626000,222.1334, 351.60320000)","(-0.61940600,-0.3840739, -0.68470670)","(-22.58626000, -137.86660000)",-7.748663,"(0.11264190, 0.62134580)"
27.30699,"(-0.13692000,0.9024901,-0.1563879, -0.37723630)","(22.67971000,223.7532, 351.95380000)","(-0.63807890,-0.3855794, -0.66647110)","(-22.67971000, -136.24680000)",-7.420318,"(0.11767240, 0.62198110)"
27.32085,"(-0.13659350,0.8974763,-0.1560779, -0.38925330)","(22.73637000,225.3431, 352.29390000)","(-0.65605270,-0.3864915, -0.64824310)","(-22.73637000, -134.65690000)",-7.104013,"(0.12256520, 0.62243840)"
27.33378,"(-0.13645340,0.8923455,-0.1558227, -0.40102280)","(22.80134000,226.9067, 352.61130000)","(-0.67317660,-0.3875371, -0.62980000)","(-22.80134000, -133.09330000)",-6.80844,"(0.12741100, 0.62291830)"
27.34712,"(-0.13654830,0.8872605,-0.1553251, -0.41230750)","(22.84425000,228.4081, 352.88010000)","(-0.68922950,-0.3882274, -0.61175330)","(-22.84425000, -131.59190000)",-6.558853,"(0.13195780, 0.62323920)"
27.36866,"(-0.13704960,0.8822439,-0.1549122, -0.42292460)","(22.90871000,229.8223, 353.09190000)","(-0.70378400,-0.389264, -0.59427390)","(-22.90871000, -130.17770000)",-6.360881,"(0.13621820, 0.62368350)"
27.37396,"(-0.13773070,0.877288,-0.1545877, -0.43301110)","(22.98647000,231.1714, 353.27640000)","(-0.71716790,-0.3905138, -0.57720810)","(-22.98648000, -128.82860000)",-6.187449,"(0.14021550, 0.62416170)"
27.38736,"(-0.13872670,0.8726041,-0.1543246, -0.44215490)","(23.07936000,232.3956, 353.40640000)","(-0.72883450,-0.3920058, -0.56136600)","(-23.07936000, -127.60430000)",-6.063753,"(0.14380190, 0.62471340)"
27.40051,"(-0.13989850,0.868186,-0.1544231, -0.45037200)","(23.21289000,233.5025, 353.51370000)","(-0.73880630,-0.3941486, -0.54663700)","(-23.21289000, -126.49750000)",-5.959208,"(0.14703970, 0.62553170)"
27.41396,"(-0.14101230,0.8640142,-0.154508, -0.45795450)","(23.33764000,234.5294, 353.61200000)","(-0.74778330,-0.3961487, -0.53281010)","(-23.33763000, -125.47060000)",-5.863442,"(0.15000380, 0.62621590)"
27.42665,"(-0.14205010,0.8600621,-0.1547158, -0.46494950)","(23.46711000,235.4839, 353.71160000)","(-0.75581600,-0.3982226, -0.51977000)","(-23.46712000, -124.51610000)",-5.766466,"(0.15276400, 0.62698460)"
27.44015,"(-0.14304780,0.8562847,-0.1550689, -0.47145250)","(23.60611000,236.3783, 353.81240000)","(-0.76303050,-0.4004468, -0.50737250)","(-23.60611000, -123.62170000)",-5.667975,"(0.15540670, 0.62778790)"
27.45381,"(-0.14420100,0.8527101,-0.1554608, -0.47741340)","(23.75415000,237.2, 353.88590000)","(-0.76935510,-0.402813, -0.49581670)","(-23.75415000, -122.80010000)",-5.59433,"(0.15781430, 0.62864160)"
27.46689,"(-0.14540830,0.8494789,-0.1560363, -0.48259160)","(23.91900000,237.9182, 353.94400000)","(-0.77452480,-0.4054447, -0.48551600)","(-23.91900000, -122.08180000)",-5.534173,"(0.15982300, 0.62956920)"
27.48139,"(-0.14656520,0.8464924,-0.1567561, -0.48723390)","(24.09235000,238.5678, 354.00270000)","(-0.77892970,-0.4082087, -0.47606150)","(-24.09235000, -121.43220000)",-5.473176,"(0.16167590, 0.63053950)"
27.49524,"(-0.14776810,0.843699,-0.1576777, -0.49140030)","(24.28600000,239.1562, 354.05690000)","(-0.78258850,-0.4112916, -0.46732690)","(-24.28600000, -120.84380000)",-5.415514,"(0.16336800, 0.63160620)"
27.50742,"(-0.14895120,0.8410937,-0.1587826, -0.49513940)","(24.49446000,239.6906, 354.11370000)","(-0.78561560,-0.4146053, -0.45925020)","(-24.49446000, -120.30940000)",-5.354854,"(0.16490440, 0.63277960)"
27.52602,"(-0.15012390,0.8386079,-0.1599011, -0.49862940)","(24.70213000,240.1925, 354.16710000)","(-0.78829910,-0.4179009, -0.45160080)","(-24.70214000, -119.80750000)",-5.297498,"(0.16634020, 0.63396940)"
27.53404,"(-0.15124240,0.8360961,-0.1610378, -0.50213130)","(24.90869000,240.6999, 354.23010000)","(-0.79094860,-0.4211733, -0.44386190)","(-24.90869000, -119.30010000)",-5.231581,"(0.16781530, 0.63514600)"
27.5471,"(-0.15220820,0.8335608,-0.1622673, -0.50564640)","(25.11563000,241.2161, 354.31780000)","(-0.79357730,-0.4244463, -0.43598190)","(-25.11563000, -118.78390000)",-5.143423,"(0.16937780, 0.63630460)"
27.56077,"(-0.15325710,0.8309072,-0.1638762, -0.50916610)","(25.36596000,241.7426, 354.42360000)","(-0.79590910,-0.4283985, -0.42778910)","(-25.36596000, -118.25740000)",-5.037306,"(0.17097620, 0.63772270)"
27.57346,"(-0.15414770,0.8282612,-0.1655824, -0.51264440)","(25.61596000,242.2711, 354.55400000)","(-0.79815860,-0.4323369, -0.41955630)","(-25.61596000, -117.72890000)",-4.909317,"(0.17261620, 0.63916750)"
27.58704,"(-0.15499690,0.8255288,-0.1676157, -0.51612320)","(25.89595000,242.8112, 354.71330000)","(-0.80018930,-0.4367382, -0.41104370)","(-25.89595000, -117.18880000)",-4.754563,"(0.17432360, 0.64076730)"
27.60055,"(-0.15565490,0.822717,-0.1696254, -0.51974560)","(26.16191000,243.3788, 354.89940000)","(-0.80240110,-0.4409093, -0.40218340)","(-26.16191000, -116.62120000)",-4.576843,"(0.17615460, 0.64226720)"
27.61416,"(-0.15627880,0.8196648,-0.1718717, -0.52362840)","(26.45012000,243.9955, 355.11780000)","(-0.80467960,-0.4454184, -0.39254680)","(-26.45012000, -116.00450000)",-4.370136,"(0.17816600, 0.64392580)"
27.62673,"(-0.15682560,0.8163292,-0.1741181, -0.52791590)","(26.73450000,244.6786, 355.36280000)","(-0.80729400,-0.4498569, -0.38197550)","(-26.73450000, -115.32140000)",-4.140518,"(0.18039580, 0.64557700)"
27.64055,"(-0.15739570,0.8126919,-0.1764384, -0.53256730)","(27.02812000,245.4236, 355.62850000)","(-0.81008490,-0.4544278, -0.37048320)","(-27.02813000, -114.57650000)",-3.893298,"(0.18286100, 0.64722990)"
27.65327,"(-0.15787240,0.8087308,-0.1785339, -0.53773270)","(27.29410000,246.2478, 355.91240000)","(-0.81339070,-0.4585581, -0.35793830)","(-27.29410000, -113.75220000)",-3.63184,"(0.18559110, 0.64879760)"
27.6672,"(-0.15833440,0.8044235,-0.1802236, -0.54346350)","(27.51947000,247.1534, 356.19540000)","(-0.81727840,-0.4620501, -0.34433380)","(-27.51947000, -112.84650000)",-3.373536,"(0.18857960, 0.65010550)"
27.68608,"(-0.15864640,0.8000856,-0.1816441, -0.54927210)","(27.70645000,248.0728, 356.48260000)","(-0.82129500,-0.4649417, -0.33061130)","(-27.70645000, -111.92720000)",-3.113699,"(0.19162570, 0.65120830)"
27.69526,"(-0.15870380,0.7957751,-0.1828185, -0.55509680)","(27.84990000,248.9979, 356.78280000)","(-0.82543650,-0.4671569, -0.31688990)","(-27.84990000, -111.00210000)",-2.844206,"(0.19463440, 0.65205200)"
27.70734,"(-0.15859500,0.7916094,-0.1834838, -0.56083490)","(27.92959000,249.9025, 357.06220000)","(-0.82972520,-0.4683862, -0.30359570)","(-27.92960000, -110.09750000)",-2.59533,"(0.19761130, 0.65251740)"
27.72044,"(-0.15839170,0.7876289,-0.1838226, -0.56635860)","(27.96817000,250.77, 357.32050000)","(-0.83392880,-0.468981, -0.29089430)","(-27.96817000, -109.23000000)",-2.366288,"(0.20046260, 0.65280680)"
27.73328,"(-0.15819830,0.7837977,-0.1838501, -0.57169370)","(27.97488000,251.6024, 357.54830000)","(-0.83801480,-0.4690845, -0.27873100)","(-27.97489000, -108.39760000)",-2.165098,"(0.20322500, 0.65286540)"
27.74686,"(-0.15789880,0.7802007,-0.1833449, -0.57683580)","(27.92108000,252.392, 357.73860000)","(-0.84219550,-0.468255, -0.26729020)","(-27.92109000, -107.60800000)",-1.99802,"(0.20571460, 0.65258020)"
27.7602,"(-0.15778110,0.7765797,-0.1827228, -0.58192910)","(27.86776000,253.1709, 357.89990000)","(-0.84616820,-0.4674324, -0.25594170)","(-27.86776000, -106.82910000)",-1.856567,"(0.20813050, 0.65233120)"
27.77448,"(-0.15758500,0.7730733,-0.1817352, -0.58693870)","(27.77332000,253.9281, 358.03660000)","(-0.85021580,-0.4659748, -0.24495060)","(-27.77332000, -106.07190000)",-1.737199,"(0.21049210, 0.65179230)"
27.78712,"(-0.15756750,0.7696403,-0.1807435, -0.59174150)","(27.69038000,254.6534, 358.14690000)","(-0.85389760,-0.4646934, -0.23434750)","(-27.69038000, -105.34670000)",-1.640918,"(0.21272520, 0.65134600)"
27.80116,"(-0.15758270,0.7664992,-0.1798452, -0.59607250)","(27.61731000,255.3093, 358.24260000)","(-0.85709710,-0.4635638, -0.22470650)","(-27.61731000, -104.69070000)",-1.556957,"(0.21469530, 0.65096590)"
27.81414,"(-0.15768570,0.7634205,-0.1790106, -0.60023290)","(27.55611000,255.9418, 358.32820000)","(-0.86000540,-0.462617, -0.21535130)","(-27.55611000, -104.05820000)",-1.482134,"(0.21658280, 0.65062210)"
27.82728,"(-0.15780590,0.7605974,-0.1781307, -0.60403500)","(27.49117000,256.5175, 358.39420000)","(-0.86263480,-0.461612, -0.20682220)","(-27.49118000, -103.48250000)",-1.424503,"(0.21829340, 0.65025200)"
27.84535,"(-0.15828160,0.7577115,-0.1774837, -0.60771680)","(27.47384000,257.081, 358.44060000)","(-0.86476320,-0.4613436, -0.19835970)","(-27.47385000, -102.91900000)",-1.383384,"(0.21993160, 0.65016030)"
27.85425,"(-0.15878550,0.7548422,-0.1768477, -0.61133070)","(27.45973000,257.6359, 358.48300000)","(-0.86675480,-0.4611252, -0.18999930)","(-27.45974000, -102.36410000)",-1.346103,"(0.22156130, 0.65010820)"
27.86686,"(-0.15948410,0.7519739,-0.176443, -0.61479100)","(27.48135000,258.175, 358.52060000)","(-0.86833380,-0.4614598, -0.18179970)","(-27.48135000, -101.82500000)",-1.312241,"(0.22316110, 0.65023540)"
27.88087,"(-0.16015630,0.7492707,-0.176207, -0.61797610)","(27.51617000,258.6781, 358.56450000)","(-0.86962150,-0.4619989, -0.17411320)","(-27.51617000, -101.32190000)",-1.273032,"(0.22462440, 0.65041630)"
27.89375,"(-0.16093940,0.7466294,-0.1762956, -0.62093720)","(27.58871000,259.158, 358.61720000)","(-0.87047410,-0.4631214, -0.16671390)","(-27.58871000, -100.84200000)",-1.225571,"(0.22603680, 0.65082080)"
27.90825,"(-0.16170090,0.7441188,-0.1765942, -0.62366220)","(27.67836000,259.6093, 358.68140000)","(-0.87104660,-0.4645077, -0.15971980)","(-27.67837000, -100.39060000)",-1.167849,"(0.22738590, 0.65133310)"
27.92068,"(-0.16237830,0.7417162,-0.1768524, -0.62626960)","(27.75772000,260.0425, 358.74620000)","(-0.87159460,-0.4657338, -0.15301930)","(-27.75772000, -99.95751000)",-1.109417,"(0.22868190, 0.65179820)"
27.93368,"(-0.16307380,0.7393942,-0.1771871, -0.62873520)","(27.84509000,260.4569, 358.81120000)","(-0.87197720,-0.4670826, -0.14659360)","(-27.84509000, -99.54312000)",-1.051088,"(0.22993360, 0.65226300)"
27.94643,"(-0.16364150,0.7371719,-0.1774987, -0.63110480)","(27.92037000,260.8571, 358.88310000)","(-0.87237320,-0.468244, -0.14040190)","(-27.92037000, -99.14292000)",-0.9867525,"(0.23114900, 0.65267400)"
27.95984,"(-0.16409940,0.7350113,-0.1777915, -0.63341930)","(27.98530000,261.2496, 358.96200000)","(-0.87278960,-0.469245, -0.13434040)","(-27.98530000, -98.75034000)",-0.9164255,"(0.23238430, 0.65304210)"
27.97386,"(-0.16443370,0.7329563,-0.1780695, -0.63563200)","(28.03903000,261.6269, 359.04750000)","(-0.87321970,-0.470073, -0.12852680)","(-28.03903000, -98.37309000)",-0.840466,"(0.23358530, 0.65335680)"
27.98713,"(-0.16479120,0.7308812,-0.1783112, -0.63785710)","(28.09111000,262.006, 359.12890000)","(-0.87362730,-0.4708751, -0.12268680)","(-28.09111000, -97.99399000)",-0.7684676,"(0.23478200, 0.65367060)"
28.00577,"(-0.16486680,0.7290726,-0.1784495, -0.63986550)","(28.11160000,262.3474, 359.21840000)","(-0.87417600,-0.4711903, -0.11745590)","(-28.11159000, -97.65253000)",-0.6895542,"(0.23589310, 0.65377180)"
28.01379,"(-0.16501810,0.7272905,-0.1787442, -0.64176950)","(28.15153000,262.6783, 359.31070000)","(-0.87451370,-0.4718051, -0.11236490)","(-28.15153000, -97.32172000)",-0.607807,"(0.23697720, 0.65398810)"
28.02711,"(-0.16512480,0.7256648,-0.1789316, -0.64352770)","(28.17807000,262.9813, 359.39180000)","(-0.87487880,-0.4722135, -0.10771120)","(-28.17807000, -97.01868000)",-0.5359538,"(0.23796370, 0.65413650)"
28.04004,"(-0.16519790,0.7241124,-0.1790957, -0.64520970)","(28.19965000,263.2715, 359.47110000)","(-0.87523620,-0.4725455, -0.10325830)","(-28.19966000, -96.72852000)",-0.4660423,"(0.23892420, 0.65426400)"
28.05369,"(-0.16524750,0.722693,-0.1792434, -0.64674560)","(28.21764000,263.537, 359.54500000)","(-0.87555810,-0.472822, -0.09918390)","(-28.21764000, -96.46296000)",-0.4005627,"(0.23977900, 0.65437250)"
28.06702,"(-0.16553770,0.7212785,-0.179277, -0.64823940)","(28.24439000,263.7902, 359.58580000)","(-0.87576810,-0.4732335, -0.09529075)","(-28.24439000, -96.20982000)",-0.364769,"(0.24053570, 0.65453120)"
28.08106,"(-0.16566710,0.720032,-0.179058, -0.64965110)","(28.23615000,264.0201, 359.61490000)","(-0.87621100,-0.4731067, -0.09178350)","(-28.23615000, -95.97995000)",-0.339197,"(0.24121270, 0.65449740)"
28.09353,"(-0.16576770,0.7188451,-0.1788315, -0.65100080)","(28.22492000,264.2396, 359.64340000)","(-0.87664850,-0.472934, -0.08843442)","(-28.22492000, -95.76038000)",-0.3140353,"(0.24185600, 0.65441470)"
28.10722,"(-0.16561550,0.7178494,-0.1783621, -0.65226580)","(28.17232000,264.4359, 359.66880000)","(-0.87737820,-0.4721249, -0.08547254)","(-28.17232000, -95.56409000)",-0.2914124,"(0.24244280, 0.65411630)"
28.12195,"(-0.16538690,0.7169504,-0.177625, -0.65351270)","(28.09023000,264.6184, 359.67610000)","(-0.87831860,-0.4708615, -0.08274128)","(-28.09023000, -95.38162000)",-0.2846186,"(0.24295850, 0.65365620)"
28.1336,"(-0.16522120,0.7160773,-0.1768214, -0.65472850)","(28.00740000,264.7928, 359.67020000)","(-0.87924320,-0.4695856, -0.08012953)","(-28.00740000, -95.20725000)",-0.2907402,"(0.24343070, 0.65319370)"
28.14726,"(-0.16501100,0.7152659,-0.1758162, -0.65593810)","(27.90355000,264.958, 359.64960000)","(-0.88031700,-0.4679847, -0.07766782)","(-27.90356000, -95.04198000)",-0.309643,"(0.24385240, 0.65261530)"
28.16658,"(-0.16513810,0.7143446,-0.1746572, -0.65721850)","(27.81346000,265.1281, 359.58830000)","(-0.88127570,-0.4665945, -0.07511754)","(-27.81347000, -94.87196000)",-0.3642322,"(0.24423520, 0.65211490)"
28.17362,"(-0.16532980,0.7133721,-0.1733816, -0.65856290)","(27.71873000,265.3044, 359.51340000)","(-0.88227050,-0.4651314, -0.07246739)","(-27.71873000, -94.69559000)",-0.4302385,"(0.24460340, 0.65158800)"
28.18723,"(-0.16551410,0.7124305,-0.1720025, -0.65989630)","(27.61473000,265.4752, 359.42920000)","(-0.88332270,-0.4635239, -0.06990425)","(-27.61473000, -94.52483000)",-0.5055169,"(0.24494310, 0.65100970)"
28.20094,"(-0.16566250,0.7114905,-0.1706607, -0.66122020)","(27.51144000,265.6465, 359.35100000)","(-0.88435960,-0.4619257, -0.06732562)","(-27.51144000, -94.35349000)",-0.575053,"(0.24529670, 0.65043600)"
28.21422,"(-0.16587980,0.7105968,-0.1694175, -0.66244530)","(27.42245000,265.8052, 359.27140000)","(-0.88525720,-0.4605477, -0.06492790)","(-27.42245000, -94.19476000)",-0.6464956,"(0.24561300, 0.64994180)"
28.22712,"(-0.16616880,0.7095998,-0.1681898, -0.66375320)","(27.34098000,265.9791, 359.19020000)","(-0.88610240,-0.459285, -0.06228788)","(-27.34098000, -94.02095000)",-0.7195491,"(0.24597260, 0.64949010)"
28.24094,"(-0.16643510,0.7085413,-0.1669234, -0.66513560)","(27.25477000,266.1647, 359.11060000)","(-0.88698830,-0.457948, -0.05946296)","(-27.25477000, -93.83533000)",-0.7908052,"(0.24634800, 0.64901130)"
28.2541,"(-0.16664820,0.7074308,-0.1655607, -0.66660310)","(27.15645000,266.3618, 359.03030000)","(-0.88797040,-0.4564219, -0.05645982)","(-27.15646000, -93.63814000)",-0.8627541,"(0.24675620, 0.64846620)"
28.26707,"(-0.16662150,0.7063736,-0.1642796, -0.66804620)","(27.04610000,266.5593, 358.97700000)","(-0.88903550,-0.4547072, -0.05345287)","(-27.04610000, -93.44074000)",-0.910857,"(0.24721240, 0.64785840)"
28.28114,"(-0.16643570,0.7053512,-0.1632251, -0.66942990)","(26.94249000,266.7563, 358.95510000)","(-0.89003340,-0.453096, -0.05044239)","(-26.94250000, -93.24376000)",-0.9312522,"(0.24772290, 0.64727350)"
28.29407,"(-0.16629060,0.7043583,-0.1623094, -0.67073280)","(26.85416000,266.9451, 358.93880000)","(-0.89089130,-0.4517211, -0.04754628)","(-26.85416000, -93.05494000)",-0.9466738,"(0.24822120, 0.64677550)"
28.30712,"(-0.16600270,0.7033811,-0.1615768, -0.67200530)","(26.76996000,267.1364, 358.94970000)","(-0.89170720,-0.4504095, -0.04460364)","(-26.76996000, -92.86358000)",-0.9377435,"(0.24877390, 0.64630280)"
28.32582,"(-0.16580140,0.7025218,-0.1608895, -0.67311780)","(26.69650000,267.302, 358.95050000)","(-0.89240850,-0.4492645, -0.04205397)","(-26.69650000, -92.69801000)",-0.9375348,"(0.24923910, 0.64589180)"
28.33461,"(-0.16559610,0.7015496,-0.1602932, -0.67432360)","(26.63068000,267.4874, 358.96360000)","(-0.89305500,-0.4482379, -0.03918775)","(-26.63068000, -92.51256000)",-0.9261956,"(0.24978080, 0.64552490)"
28.34742,"(-0.16521120,0.7006959,-0.159573, -0.67547540)","(26.53961000,267.6592, 358.97840000)","(-0.89387920,-0.4468165, -0.03653904)","(-26.53961000, -92.34077000)",-0.9140738,"(0.25029120, 0.64501970)"
28.36069,"(-0.16481410,0.6997682,-0.1588898, -0.67669400)","(26.45082000,267.8442, 359.00010000)","(-0.89468340,-0.4454294, -0.03367840)","(-26.45082000, -92.15575000)",-0.8950371,"(0.25085140, 0.64452920)"
28.37387,"(-0.16443590,0.698902,-0.1581361, -0.67785690)","(26.35753000,268.017, 359.01130000)","(-0.89550460,-0.4439712, -0.03100618)","(-26.35753000, -91.98303000)",-0.8860281,"(0.25136770, 0.64401510)"
28.38711,"(-0.16398050,0.6980156,-0.1574366, -0.67904220)","(26.26259000,268.196, 359.03460000)","(-0.89633100,-0.4424858, -0.02823070)","(-26.26259000, -91.80399000)",-0.8659236,"(0.25189720, 0.64349290)"
28.40085,"(-0.16394390,0.6970881,-0.1568163, -0.68014660)","(26.20864000,268.3637, 359.02600000)","(-0.89682610,-0.4416412, -0.02561886)","(-26.20864000, -91.63628000)",-0.873349,"(0.25234440, 0.64319770)"
28.41388,"(-0.16383430,0.6961874,-0.1562447, -0.68122610)","(26.15286000,268.5294, 359.02700000)","(-0.89732560,-0.4407675, -0.02303724)","(-26.15286000, -91.47064000)",-0.873349,"(0.25280260, 0.64290280)"
28.42696,"(-0.16383520,0.6952512,-0.1556183, -0.68232450)","(26.10166000,268.6962, 359.01430000)","(-0.89778230,-0.4399652, -0.02043250)","(-26.10166000, -91.30376000)",-0.8851442,"(0.25324260, 0.64261650)"
28.44059,"(-0.16389730,0.6942973,-0.1550786, -0.68340300)","(26.06287000,268.8632, 359.00340000)","(-0.89813570,-0.4393571, -0.01782203)","(-26.06287000, -91.13680000)",-0.8950371,"(0.25368610, 0.64238770)"
28.45402,"(-0.16404030,0.6933926,-0.1545165, -0.68441370)","(26.02887000,269.0177, 358.98090000)","(-0.89844100,-0.438824, -0.01540513)","(-26.02887000, -90.98233000)",-0.9153573,"(0.25407660, 0.64219300)"
28.46723,"(-0.16405670,0.6924764,-0.1539985, -0.68545340)","(25.98826000,269.1792, 358.97420000)","(-0.89879160,-0.4381871, -0.01287626)","(-25.98827000, -90.82077000)",-0.9221727,"(0.25451350, 0.64196310)"
28.48627,"(-0.16415980,0.6915517,-0.1535124, -0.68647060)","(25.95756000,269.3383, 358.96210000)","(-0.89905880,-0.4377052, -0.01038433)","(-25.95755000, -90.66175000)",-0.9331415,"(0.25493470, 0.64178910)"
28.49384,"(-0.16440540,0.6905928,-0.1532165, -0.68744250)","(25.95460000,269.4969, 358.95370000)","(-0.89910650,-0.4376588, -0.00789516)","(-25.95460000, -90.50311000)",-0.9406604,"(0.25535910, 0.64177060)"
28.50748,"(-0.16478160,0.6897231,-0.1529021, -0.68829500)","(25.96085000,269.6341, 358.92780000)","(-0.89907500,-0.4377569, -0.00574183)","(-25.96085000, -90.36591000)",-0.9638805,"(0.25569500, 0.64180330)"
28.52077,"(-0.16530330,0.6888431,-0.1525879, -0.68912050)","(25.97927000,269.7667, 358.88880000)","(-0.89894520,-0.438046, -0.00365988)","(-25.97927000, -90.23327000)",-0.998776,"(0.25598600, 0.64190350)"
28.53371,"(-0.16577460,0.6880333,-0.1521267, -0.68991770)","(25.98132000,269.8889, 358.83940000)","(-0.89893530,-0.4380782, -0.00174223)","(-25.98133000, -90.11105000)",-1.043427,"(0.25624730, 0.64191260)"
28.54835,"(-0.16650390,0.6872144,-0.151642, -0.69066450)","(26.00297000,270.0016, 358.76440000)","(-0.89877130,-0.4384178, 0.00002560)","(-26.00297000, -89.99837000)",-1.110299,"(0.25643780, 0.64202890)"
28.56116,"(-0.16727880,0.6865144,-0.151021, -0.69130920)","(26.01707000,270.0913, 358.66900000)","(-0.89866230,-0.4386389, 0.00143147)","(-26.01707000, -89.90874000)",-1.195995,"(0.25652720, 0.64210120)"
28.57387,"(-0.16846350,0.6857506,-0.1503898, -0.69191690)","(26.06467000,270.1743, 358.53710000)","(-0.89829450,-0.4393854, 0.00273231)","(-26.06467000, -89.82572000)",-1.314029,"(0.25653480, 0.64235620)"
28.58697,"(-0.16972770,0.6852069,-0.1496122, -0.69231500)","(26.10648000,270.2149, 358.37660000)","(-0.89797150,-0.4400408, 0.00336789)","(-26.10648000, -89.78511000)",-1.457771,"(0.25637920, 0.64257480)"
28.60101,"(-0.17135890,0.6846535,-0.1487604, -0.69264430)","(26.17282000,270.2408, 358.17590000)","(-0.89745980,-0.4410802, 0.00377155)","(-26.17282000, -89.75922000)",-1.636858,"(0.25611440, 0.64292450)"
28.61373,"(-0.17327970,0.6841072,-0.148058, -0.69285670)","(26.27571000,270.2519, 357.96010000)","(-0.89666560,-0.4426911, 0.00394299)","(-26.27571000, -89.74805000)",-1.829062,"(0.25579710, 0.64347410)"
28.62715,"(-0.17554340,0.6835698,-0.1476499, -0.69290420)","(26.43150000,270.2453, 357.73580000)","(-0.89545890,-0.4451276, 0.00383350)","(-26.43150000, -89.75471000)",-2.027482,"(0.25540230, 0.64431480)"
28.64514,"(-0.17805850,0.6830626,-0.1474599, -0.69280320)","(26.62619000,270.2206, 357.50410000)","(-0.89394280,-0.4481677, 0.00344141)","(-26.62619000, -89.77943000)",-2.230989,"(0.25494480, 0.64536900)"
28.65341,"(-0.18107780,0.6825017,-0.1476872, -0.69252490)","(26.89747000,270.1802, 357.26090000)","(-0.89181310,-0.4523954, 0.00280438)","(-26.89747000, -89.81983000)",-2.442563,"(0.25442430, 0.64684610)"
28.66739,"(-0.18436960,0.681889,-0.1483924, -0.69210900)","(27.23119000,270.1334, 357.03250000)","(-0.88916500,-0.4575821, 0.00207046)","(-27.23119000, -89.86658000)",-2.63834,"(0.25385580, 0.64866980)"
28.68087,"(-0.18801660,0.6811876,-0.1494053, -0.69160060)","(27.62035000,270.0819, 356.79790000)","(-0.88603810,-0.4636108, 0.00126652)","(-27.62036000, -89.91811000)",-2.836694,"(0.25326770, 0.65081240)"
28.69371,"(-0.19219910,0.6803674,-0.1508238, -0.69095000)","(28.08826000,270.0208, 356.54880000)","(-0.88222320,-0.4708311, 0.00031949)","(-28.08826000, -89.97926000)",-3.044333,"(0.25262000, 0.65336360)"
28.70722,"(-0.19669540,0.6793956,-0.1524156, -0.69029130)","(28.59761000,269.9651, 356.28780000)","(-0.87800280,-0.4786553, -0.00053497)","(-28.59761000, -90.03491000)",-3.258826,"(0.25192740, 0.65612350)"
28.72042,"(-0.20138830,0.6782465,-0.1542367, -0.68966330)","(29.14367000,269.9245, 356.03200000)","(-0.87340050,-0.4870012, -0.00115109)","(-29.14367000, -90.07551000)",-3.46498,"(0.25129590, 0.65909590)"
28.73365,"(-0.20605190,0.6769559,-0.1561128, -0.68913140)","(29.69326000,269.9041, 355.78740000)","(-0.86868850,-0.4953566, -0.00145327)","(-29.69327000, -90.09585000)",-3.658643,"(0.25073970, 0.66208880)"
28.74702,"(-0.21052960,0.6755463,-0.1580111, -0.68872850)","(30.23071000,269.9091, 355.56630000)","(-0.86400400,-0.5034832, -0.00137119)","(-30.23071000, -90.09093000)",-3.829708,"(0.25025340, 0.66501640)"
28.763,"(-0.21488170,0.6740797,-0.1600648, -0.68834700)","(30.77175000,269.9256, 355.37140000)","(-0.85921160,-0.5116193, -0.00111524)","(-30.77175000, -90.07437000)",-3.975719,"(0.24980170, 0.66796660)"
28.77417,"(-0.21911110,0.6724116,-0.162232, -0.68813790)","(31.31419000,269.9803, 355.20660000)","(-0.85433010,-0.5197307, -0.00029411)","(-31.31419000, -90.01972000)",-4.09376,"(0.24958530, 0.67093440)"
28.78789,"(-0.22292600,0.6706073,-0.1644211, -0.68815380)","(31.82582000,270.0795, 355.09170000)","(-0.84965440,-0.5273387, 0.00117961)","(-31.82582000, -89.92046000)",-4.168895,"(0.24955080, 0.67374180)"
28.80581,"(-0.22636630,0.6687918,-0.1664492, -0.68830980)","(32.29374000,270.2, 355.00190000)","(-0.84531500,-0.53426, 0.00295158)","(-32.29374000, -89.79994000)",-4.223409,"(0.24956890, 0.67631010)"
28.81387,"(-0.22916050,0.6669839,-0.1682298, -0.68870650)","(32.68785000,270.3564, 354.95780000)","(-0.84160910,-0.5400618, 0.00523593)","(-32.68785000, -89.64355000)",-4.242102,"(0.24982370, 0.67848390)"
28.82751,"(-0.23156800,0.665112,-0.1699213, -0.68929610)","(33.04320000,270.5471, 354.95020000)","(-0.83822160,-0.5452712, 0.00800456)","(-33.04319000, -89.45287000)",-4.231423,"(0.25027290, 0.68045590)"
28.84013,"(-0.23389080,0.6632741,-0.1716595, -0.68985190)","(33.39546000,270.736, 354.95430000)","(-0.83482270,-0.5504146, 0.01072506)","(-33.39545000, -89.26395000)",-4.21087,"(0.25073040, 0.68241520)"
28.85433,"(-0.23604600,0.6614383,-0.1733429, -0.69045920)","(33.72942000,270.9345, 354.97210000)","(-0.83155850,-0.5552716, 0.01356335)","(-33.72942000, -89.06554000)",-4.179827,"(0.25123420, 0.68427880)"
28.86663,"(-0.23824290,0.6595453,-0.1751221, -0.69106630)","(34.07552000,271.1401, 354.99780000)","(-0.82813580,-0.5602852, 0.01648064)","(-34.07552000, -88.85992000)",-4.141559,"(0.25174270, 0.68622640)"
28.88076,"(-0.24030340,0.657751,-0.1768878, -0.69161310)","(34.40855000,271.336, 355.03220000)","(-0.82480490,-0.5650902, 0.01923577)","(-34.40855000, -88.66401000)",-4.09682,"(0.25227140, 0.68808070)"
28.89398,"(-0.24236390,0.6559721,-0.178547, -0.69215710)","(34.73289000,271.5285, 355.05760000)","(-0.82152480,-0.5697514, 0.02192079)","(-34.73289000, -88.47153000)",-4.060039,"(0.25276180, 0.68986890)"
28.90737,"(-0.24422490,0.6543373,-0.1799575, -0.69268470)","(35.01896000,271.7069, 355.07540000)","(-0.81859870,-0.5738475, 0.02439364)","(-35.01897000, -88.29313000)",-4.031432,"(0.25320210, 0.69145350)"
28.92072,"(-0.24589700,0.6528151,-0.1812858, -0.69318300)","(35.28160000,271.8768, 355.10040000)","(-0.81588540,-0.5775955, 0.02673427)","(-35.28160000, -88.12325000)",-3.998068,"(0.25363310, 0.69291160)"
28.93381,"(-0.24744360,0.6513508,-0.1825162, -0.69368700)","(35.52520000,272.044, 355.12760000)","(-0.81334230,-0.5810609, 0.02902763)","(-35.52520000, -87.95602000)",-3.963781,"(0.25411870, 0.69426690)"
28.9474,"(-0.24911020,0.6499723,-0.1836533, -0.69408330)","(35.77089000,272.1869, 355.12950000)","(-0.81077000,-0.5845456, 0.03096019)","(-35.77089000, -87.81316000)",-3.950073,"(0.25448560, 0.69562830)"
28.9689,"(-0.25066770,0.6485997,-0.1847026, -0.69452790)","(36.00016000,272.3355, 355.13550000)","(-0.80834330,-0.5877876, 0.03296816)","(-36.00016000, -87.66450000)",-3.933828,"(0.25482830, 0.69689970)"
28.97432,"(-0.25202460,0.6474031,-0.1853875, -0.69497070)","(36.18116000,272.4643, 355.12130000)","(-0.80640800,-0.5903403, 0.03470564)","(-36.18116000, -87.53567000)",-3.936118,"(0.25508730, 0.69789830)"
28.98749,"(-0.25298770,0.6462112,-0.1860298, -0.69555820)","(36.32497000,272.6191, 355.14570000)","(-0.80482850,-0.5923644, 0.03681660)","(-36.32497000, -87.38085000)",-3.909311,"(0.25550970, 0.69870280)"
29.00035,"(-0.25379960,0.6451536,-0.186473, -0.69612530)","(36.43853000,272.7591, 355.16110000)","(-0.80356200,-0.5939601, 0.03872508)","(-36.43853000, -87.24095000)",-3.891135,"(0.25588150, 0.69933770)"
29.01397,"(-0.25437610,0.6441737,-0.1867065, -0.69675950)","(36.51411000,272.9003, 355.17900000)","(-0.80268090,-0.5950207, 0.04066616)","(-36.51411000, -87.09971000)",-3.873026,"(0.25626850, 0.69976380)"
29.02737,"(-0.25508160,0.643122,-0.1869352, -0.69741140)","(36.60093000,273.0457, 355.18720000)","(-0.80167380,-0.5962379, 0.04265487)","(-36.60093000, -86.95432000)",-3.86209,"(0.25665470, 0.70025030)"
29.04023,"(-0.25567200,0.6421258,-0.1871063, -0.69806700)","(36.67277000,273.1886, 355.19950000)","(-0.80081800,-0.597244, 0.04461256)","(-36.67277000, -86.81142000)",-3.84863,"(0.25708910, 0.70065670)"
29.05399,"(-0.25644290,0.6410483,-0.1871931, -0.69875110)","(36.75389000,273.3335, 355.19010000)","(-0.79985770,-0.5983791, 0.04658836)","(-36.75389000, -86.66653000)",-3.85214,"(0.25745580, 0.70110820)"
29.06695,"(-0.25698660,0.6400043,-0.1871132, -0.69952920)","(36.80158000,273.4873, 355.18840000)","(-0.79923210,-0.5990458, 0.04870488)","(-36.80159000, -86.51273000)",-3.851021,"(0.25787210, 0.70137800)"
29.08098,"(-0.25747440,0.6389629,-0.1870636, -0.70031470)","(36.84695000,273.6444, 355.19540000)","(-0.79862210,-0.5996796, 0.05086666)","(-36.84695000, -86.35558000)",-3.843234,"(0.25831570, 0.70164570)"
29.09425,"(-0.25775030,0.6379738,-0.1869198, -0.70115270)","(36.86593000,273.8062, 355.21350000)","(-0.79827700,-0.5999446, 0.05310830)","(-36.86592000, -86.19380000)",-3.827662,"(0.25880380, 0.70175870)"
29.10695,"(-0.25809540,0.6369951,-0.1868592, -0.70193140)","(36.89764000,273.9614, 355.23100000)","(-0.79779880,-0.6003873, 0.05524790)","(-36.89764000, -86.03857000)",-3.812181,"(0.25926720, 0.70192060)"
29.12648,"(-0.25829910,0.6360691,-0.1866334, -0.70275570)","(36.90327000,274.116, 355.24570000)","(-0.79758790,-0.6004659, 0.05739525)","(-36.90327000, -85.88403000)",-3.800142,"(0.25973080, 0.70194970)"
29.13404,"(-0.25854170,0.63499,-0.1864455, -0.70369170)","(36.91642000,274.2958, 355.26900000)","(-0.79726640,-0.6006494, 0.05988784)","(-36.91642000, -85.70421000)",-3.780925,"(0.26028080, 0.70202340)"
29.14746,"(-0.25869240,0.6338784,-0.1861595, -0.70471350)","(36.91381000,274.4872, 355.29510000)","(-0.79708920,-0.600613, 0.06255285)","(-36.91381000, -85.51283000)",-3.760152,"(0.26087500, 0.70201180)"
29.16149,"(-0.25880230,0.6326761,-0.1858533, -0.70583340)","(36.90662000,274.6975, 355.32920000)","(-0.79692940,-0.6005126, 0.06548460)","(-36.90662000, -85.30249000)",-3.73329,"(0.26154120, 0.70197870)"
29.17389,"(-0.25877470,0.6314735,-0.1854945, -0.70701390)","(36.88311000,274.9167, 355.37300000)","(-0.79691850,-0.6001844, 0.06855375)","(-36.88311000, -85.08332000)",-3.69957,"(0.26228170, 0.70185990)"
29.18715,"(-0.25880950,0.6301858,-0.1850909, -0.70825480)","(36.86198000,275.1463, 355.41090000)","(-0.79685770,-0.5998895, 0.07176688)","(-36.86198000, -84.85370000)",-3.670238,"(0.26299550, 0.70175600)"
29.20068,"(-0.25877820,0.6289601,-0.1847275, -0.70944960)","(36.83786000,275.3689, 355.45550000)","(-0.79682420,-0.5995526, 0.07488605)","(-36.83786000, -84.63108000)",-3.63572,"(0.26369720, 0.70164020)"
29.21333,"(-0.25881870,0.627603,-0.1843925, -0.71072270)","(36.82316000,275.6101, 355.50280000)","(-0.79665500,-0.5993472, 0.07825476)","(-36.82316000, -84.38988000)",-3.59864,"(0.26445770, 0.70158080)"
29.22724,"(-0.25888890,0.6262562,-0.1839807, -0.71199080)","(36.80482000,275.8464, 355.53910000)","(-0.79651610,-0.5990911, 0.08155952)","(-36.80482000, -84.15356000)",-3.570509,"(0.26518210, 0.70150670)"
29.24089,"(-0.25896270,0.6247381,-0.1835646, -0.71340360)","(36.78753000,276.1129, 355.58450000)","(-0.79630800,-0.5988494, 0.08528128)","(-36.78754000, -83.88716000)",-3.534852,"(0.26601710, 0.70140810)"
29.25406,"(-0.25893580,0.6232519,-0.1829998, -0.71485690)","(36.74925000,276.3786, 355.62470000)","(-0.79630140,-0.5983141, 0.08901854)","(-36.74925000, -83.62138000)",-3.504478,"(0.26684670, 0.70119540)"
29.26677,"(-0.25887240,0.6215759,-0.182365, -0.71649950)","(36.70329000,276.6796, 355.67310000)","(-0.79629910,-0.5976713, 0.09325702)","(-36.70330000, -83.32034000)",-3.467861,"(0.26779500, 0.70094540)"
29.28596,"(-0.25865120,0.6199123,-0.1816976, -0.71818820)","(36.64060000,276.9877, 355.73340000)","(-0.79643480,-0.5967937, 0.09761651)","(-36.64060000, -83.01229000)",-3.422396,"(0.26879620, 0.70061030)"
29.29372,"(-0.25853720,0.6182217,-0.1811143, -0.71983200)","(36.59424000,277.2931, 355.79130000)","(-0.79638200,-0.5961442, 0.10192090)","(-36.59424000, -82.70693000)",-3.377944,"(0.26978140, 0.70037030)"
29.30735,"(-0.25834210,0.6164918,-0.1804033, -0.72156210)","(36.53075000,277.6087, 355.84740000)","(-0.79646280,-0.5952541, 0.10639450)","(-36.53074000, -82.39126000)",-3.335718,"(0.27080070, 0.70004030)"
29.32058,"(-0.25818230,0.614825,-0.1795534, -0.72325150)","(36.45914000,277.9087, 355.88250000)","(-0.79663120,-0.5942494, 0.11066440)","(-36.45914000, -82.09134000)",-3.310561,"(0.27171330, 0.69968740)"
29.33397,"(-0.25793110,0.6130777,-0.1784913, -0.72508490)","(36.36322000,278.2258, 355.91100000)","(-0.79698980,-0.5929021, 0.11521450)","(-36.36322000, -81.77419000)",-3.291821,"(0.27266230, 0.69914350)"
29.34702,"(-0.25747370,0.6113777,-0.1771721, -0.72700390)","(36.22849000,278.5443, 355.93250000)","(-0.79771380,-0.5910069, 0.11984920)","(-36.22849000, -81.45574000)",-3.280083,"(0.27363910, 0.69838560)"
29.36055,"(-0.25691430,0.6097235,-0.1757293, -0.72893860)","(36.07487000,278.8584, 355.94880000)","(-0.79860730,-0.588842, 0.12446460)","(-36.07487000, -81.14159000)",-3.273451,"(0.27458110, 0.69752870)"
29.37482,"(-0.25614850,0.6081142,-0.174106, -0.73093930)","(35.88857000,279.1743, 355.96460000)","(-0.79979510,-0.5862107, 0.12917010)","(-35.88857000, -80.82572000)",-3.268364,"(0.27554570, 0.69649470)"
29.38723,"(-0.25544140,0.6064728,-0.1725628, -0.73291370)","(35.71419000,279.4909, 355.98220000)","(-0.80082520,-0.5837424, 0.13388070)","(-35.71419000, -80.50915000)",-3.261228,"(0.27652070, 0.69553270)"
29.40104,"(-0.25465740,0.6050043,-0.1708948, -0.73478870)","(35.52252000,279.7791, 355.98440000)","(-0.80206140,-0.5810229, 0.13823880)","(-35.52252000, -80.22090000)",-3.267285,"(0.27740180, 0.69447480)"
29.41368,"(-0.25379110,0.6036417,-0.1691614, -0.73660790)","(35.31805000,280.0516, 355.98110000)","(-0.80343120,-0.5781147, 0.14241360)","(-35.31805000, -79.94834000)",-3.278352,"(0.27818150, 0.69335290)"
29.42728,"(-0.25294200,0.6022838,-0.1673149, -0.73843090)","(35.10682000,280.3195, 355.96360000)","(-0.80484810,-0.5751026, 0.14654900)","(-35.10682000, -79.68047000)",-3.301145,"(0.27892970, 0.69219310)"
29.44564,"(-0.25197260,0.6009592,-0.1654067, -0.74026920)","(34.88006000,280.5865, 355.94850000)","(-0.80638720,-0.5718605, 0.15071570)","(-34.88007000, -79.41342000)",-3.322662,"(0.27969320, 0.69091260)"
29.45409,"(-0.25090590,0.5997828,-0.1633585, -0.74203830)","(34.63335000,280.8309, 355.92000000)","(-0.80814840,-0.5683228, 0.15461370)","(-34.63335000, -79.16914000)",-3.35608,"(0.28038070, 0.68952590)"
29.46752,"(-0.24986920,0.5986615,-0.1613719, -0.74372640)","(34.39416000,281.0629, 355.89000000)","(-0.80983710,-0.5648829, 0.15833950)","(-34.39416000, -78.93708000)",-3.39044,"(0.28105350, 0.68818140)"
29.48072,"(-0.24890220,0.5975169,-0.1594174, -0.74539070)","(34.16430000,281.2937, 355.85620000)","(-0.81140840,-0.561568, 0.16204250)","(-34.16430000, -78.70631000)",-3.427712,"(0.28164980, 0.68689890)"
29.49388,"(-0.24793470,0.5964136,-0.157529, -0.74699660)","(33.93953000,281.5167, 355.82530000)","(-0.81292390,-0.5583177, 0.16563850)","(-33.93953000, -78.48327000)",-3.462493,"(0.28223740, 0.68564760)"
29.50729,"(-0.24707220,0.5953668,-0.1557302, -0.74849310)","(33.73116000,281.7238, 355.78880000)","(-0.81430260,-0.5552968, 0.16898750)","(-33.73116000, -78.27615000)",-3.501348,"(0.28277420, 0.68448750)"
29.52065,"(-0.24607710,0.5943913,-0.153978, -0.74995730)","(33.51401000,281.9258, 355.76440000)","(-0.81575520,-0.5521409, 0.17229020)","(-33.51401000, -78.07420000)",-3.530418,"(0.28332840, 0.68328360)"
29.53346,"(-0.24510330,0.5934414,-0.1523014, -0.75136940)","(33.30462000,282.1219, 355.74300000)","(-0.81712820,-0.5490903, 0.17550330)","(-33.30462000, -77.87814000)",-3.556884,"(0.28385930, 0.68212670)"
29.54697,"(-0.24419960,0.5925608,-0.1506093, -0.75269860)","(33.10040000,282.3012, 355.70900000)","(-0.81848190,-0.5461078, 0.17847660)","(-33.10040000, -77.69875000)",-3.593576,"(0.28436890, 0.68100810)"
29.56067,"(-0.24328310,0.5917568,-0.1490069, -0.75394570)","(32.90149000,282.4686, 355.68010000)","(-0.81980330,-0.5431962, 0.18127440)","(-32.90149000, -77.53143000)",-3.625959,"(0.28482180, 0.67989150)"
29.5749,"(-0.24245330,0.5909932,-0.1474096, -0.75512510)","(32.71096000,282.6237, 355.64100000)","(-0.82106770,-0.5404012, 0.18388690)","(-32.71095000, -77.37630000)",-3.666555,"(0.28521410, 0.67881040)"
29.58753,"(-0.24189950,0.5901678,-0.1458443, -0.75625130)","(32.54887000,282.7737, 355.58200000)","(-0.82207110,-0.5380188, 0.18637320)","(-32.54887000, -77.22630000)",-3.722943,"(0.28555280, 0.67789010)"
29.60613,"(-0.24138920,0.5893058,-0.1443743, -0.75736780)","(32.39832000,282.9278, 355.52930000)","(-0.82294170,-0.5358021, 0.18889990)","(-32.39832000, -77.07215000)",-3.773668,"(0.28591530, 0.67703590)"
29.61391,"(-0.24096300,0.5885603,-0.1429288, -0.75835680)","(32.25689000,283.058, 355.46530000)","(-0.82379630,-0.5337161, 0.19106720)","(-32.25689000, -76.94199000)",-3.833643,"(0.28619100, 0.67623090)"
29.62685,"(-0.24064370,0.5877614,-0.1417044, -0.75930690)","(32.14215000,283.1932, 355.41490000)","(-0.82438210,-0.5320216, 0.19325430)","(-32.14215000, -76.80677000)",-3.881158,"(0.28650160, 0.67557780)"
29.64067,"(-0.24035090,0.5870234,-0.1405468, -0.76018520)","(32.03458000,283.3174, 355.36520000)","(-0.82493190,-0.530431, 0.19526980)","(-32.03458000, -76.68262000)",-3.927801,"(0.28678290, 0.67496540)"
29.65377,"(-0.24001530,0.5863894,-0.1394816, -0.76097630)","(31.92934000,283.4274, 355.32310000)","(-0.82550150,-0.528873, 0.19708020)","(-31.92934000, -76.57255000)",-3.968077,"(0.28704040, 0.67436830)"
29.66671,"(-0.23980850,0.5857283,-0.1385515, -0.76172020)","(31.84621000,283.5363, 355.28330000)","(-0.82587060,-0.5276411, 0.19882840)","(-31.84621000, -76.46364000)",-4.005311,"(0.28729400, 0.67389490)"
29.68072,"(-0.23965260,0.5851483,-0.1377276, -0.76236420)","(31.77517000,283.6303, 355.24520000)","(-0.82617860,-0.5265873, 0.20033620)","(-31.77516000, -76.36970000)",-4.040845,"(0.28751330, 0.67348840)"
29.6938,"(-0.23958150,0.5844491,-0.1369042, -0.76307090)","(31.71284000,283.739, 355.20490000)","(-0.82635280,-0.5256623, 0.20204010)","(-31.71284000, -76.26093000)",-4.077799,"(0.28775490, 0.67313220)"
29.70754,"(-0.23951400,0.5839251,-0.1361522, -0.76362760)","(31.65507000,283.8197, 355.16290000)","(-0.82658200,-0.5248043, 0.20332900)","(-31.65507000, -76.18032000)",-4.116087,"(0.28790150, 0.67280320)"
29.72051,"(-0.23941100,0.5832964,-0.1353365, -0.76428510)","(31.59011000,283.9184, 355.12270000)","(-0.82680740,-0.523839, 0.20489550)","(-31.59012000, -76.08163000)",-4.153175,"(0.28811030, 0.67243390)"
29.73382,"(-0.23936030,0.5826836,-0.1344985, -0.76491610)","(31.52840000,284.0113, 355.07470000)","(-0.82702090,-0.5229212, 0.20637290)","(-31.52840000, -75.98869000)",-4.1968,"(0.28828930, 0.67208060)"
29.74755,"(-0.23940860,0.5819542,-0.1336255, -0.76560890)","(31.47420000,284.1175, 355.01970000)","(-0.82711650,-0.5221146, 0.20802560)","(-31.47421000, -75.88252000)",-4.246024,"(0.28849160, 0.67176720)"
29.76689,"(-0.23936100,0.5812817,-0.1326881, -0.76629750)","(31.40619000,284.2185, 354.96440000)","(-0.82734860,-0.5211018, 0.20963590)","(-31.40619000, -75.78149000)",-4.296327,"(0.28868230, 0.67137730)"
29.77497,"(-0.23947010,0.5804757,-0.1318156, -0.76702460)","(31.35844000,284.3336, 354.90730000)","(-0.82734660,-0.5203904, 0.21140400)","(-31.35844000, -75.66645000)",-4.347264,"(0.28890570, 0.67109930)"
29.78718,"(-0.23968160,0.579586,-0.1309833, -0.76777350)","(31.32384000,284.4571, 354.84850000)","(-0.82719290,-0.5198746, 0.21326560)","(-31.32384000, -75.54292000)",-4.398949,"(0.28914800, 0.67089400)"
29.801,"(-0.23976720,0.5787075,-0.129947, -0.76858510)","(31.26290000,284.5828, 354.78070000)","(-0.82725790,-0.5189657, 0.21521870)","(-31.26290000, -75.41724000)",-4.459795,"(0.28938560, 0.67054050)"
29.81396,"(-0.23988870,0.5776925,-0.1290756, -0.76945710)","(31.21831000,284.7302, 354.73140000)","(-0.82709160,-0.5183002, 0.21744950)","(-31.21830000, -75.26979000)",-4.503935,"(0.28971580, 0.67028430)"
29.8274,"(-0.23989340,0.5766559,-0.1281519, -0.77038710)","(31.15940000,284.8863, 354.68830000)","(-0.82701080,-0.5174206, 0.21983840)","(-31.15939000, -75.11373000)",-4.543597,"(0.29008840, 0.66996790)"
29.84068,"(-0.23970460,0.5756418,-0.1273429, -0.77133790)","(31.09069000,285.0496, 354.67190000)","(-0.82697920,-0.5163943, 0.22235650)","(-31.09069000, -74.95036000)",-4.560894,"(0.29052810, 0.66957530)"
29.85391,"(-0.23946100,0.574577,-0.1266548, -0.77232010)","(31.02599000,285.225, 354.67410000)","(-0.82685700,-0.5154269, 0.22503950)","(-31.02599000, -74.77501000)",-4.562225,"(0.29103370, 0.66920300)"
29.86728,"(-0.23907270,0.5736264,-0.1258772, -0.77327350)","(30.94067000,285.388, 354.67480000)","(-0.82695260,-0.5141501, 0.22759400)","(-30.94066000, -74.61202000)",-4.565659,"(0.29150990, 0.66872120)"
29.88039,"(-0.23868940,0.5725799,-0.1253127, -0.77425860)","(30.87172000,285.5681, 354.69960000)","(-0.82682820,-0.5131177, 0.23035930)","(-30.87173000, -74.43185000)",-4.547647,"(0.29207530, 0.66833780)"
29.89394,"(-0.23817780,0.5714912,-0.1248395, -0.77529620)","(30.79754000,285.7622, 354.74600000)","(-0.82668200,-0.512006, 0.23333820)","(-30.79754000, -74.23782000)",-4.511365,"(0.29272160, 0.66793270)"
29.9076,"(-0.23749770,0.5704002,-0.1243535, -0.77638560)","(30.70661000,285.9644, 354.80540000)","(-0.82663370,-0.5106422, 0.23647680)","(-30.70662000, -74.03566000)",-4.464668,"(0.29342110, 0.66744040)"
29.92588,"(-0.23689640,0.5693566,-0.1238358, -0.77741750)","(30.62042000,286.1541, 354.85230000)","(-0.82658300,-0.5093482, 0.23942640)","(-30.62042000, -73.84592000)",-4.428326,"(0.29404260, 0.66697810)"
29.93405,"(-0.23623540,0.5682897,-0.1233495, -0.77847580)","(30.53094000,286.3503, 354.90790000)","(-0.82652060,-0.5080035, 0.24247930)","(-30.53094000, -73.64970000)",-4.384588,"(0.29470040, 0.66650240)"
29.94747,"(-0.23564740,0.5671427,-0.1228915, -0.77956220)","(30.45076000,286.5554, 354.96300000)","(-0.82632780,-0.5067977, 0.24563900)","(-30.45076000, -73.44459000)",-4.340771,"(0.29538250, 0.66608080)"
29.96081,"(-0.23500980,0.5660766,-0.1223235, -0.78061810)","(30.35756000,286.7482, 355.00760000)","(-0.82628480,-0.5053948, 0.24865520)","(-30.35756000, -73.25180000)",-4.30648,"(0.29601610, 0.66558620)"
29.97383,"(-0.23451310,0.5649769,-0.1216547, -0.78166800)","(30.27076000,286.9377, 355.03130000)","(-0.82618950,-0.504087, 0.25160940)","(-30.27076000, -73.06230000)",-4.289803,"(0.29660610, 0.66513070)"
29.98812,"(-0.23409040,0.5638711,-0.1211369, -0.78267290)","(30.20157000,287.126, 355.06340000)","(-0.82593930,-0.5030437, 0.25450200)","(-30.20157000, -72.87403000)",-4.265169,"(0.29719650, 0.66474280)"
